site,treatment,date,plot_id,flux,replicate,f_quality_flag,f_fluxid,f_slope_corr,f_temp_air_ave,f_atm_pressure_ave,f_datetime,f_flux,f_model
WAY,B,2018-03-12,1,NEE,1,ok,1,-0.13288162802930553,29.782575757575728,0.70082320736,2018-03-12T09:28:46Z,-5.715830838778309,exp_zhao18
WAY,B,2018-03-12,1,Reco,1,ok,2,0.22793144206976212,30.033000000000015,0.700804366097,2018-03-12T09:32:31Z,9.795985210252047,exp_zhao18
WAY,B,2018-03-12,2,NEE,1,ok,3,-0.2645567748160158,30.415857142857135,0.7006323594647142,2018-03-12T09:43:26Z,-11.352933272648114,exp_zhao18
WAY,B,2018-03-12,2,Reco,1,ok,4,0.18524424306909248,30.64861538461537,0.7005971122039999,2018-03-12T09:47:46Z,7.942901967660383,exp_zhao18
WAY,B,2018-03-12,3,NEE,1,ok,5,-0.24427572677085618,31.512999999999977,0.7002911659809999,2018-03-12T09:58:13Z,-10.439775927955539,exp_zhao18
WAY,B,2018-03-12,3,Reco,1,ok,6,0.3262076924401547,32.15300000000002,0.7002601483915714,2018-03-12T10:02:08Z,13.911516251787802,exp_zhao18
WAY,B,2018-03-12,4,NEE,1,zero,7,0,33.779714285714306,0.69992600436,2018-03-12T10:11:07Z,0,exp_zhao18
WAY,B,2018-03-12,4,Reco,1,ok,8,0.23127338680769133,34.49785714285713,0.6997638669607142,2018-03-12T10:15:27Z,9.780818705937836,exp_zhao18
WAY,B,2018-03-12,5,NEE,1,ok,9,-0.4643754379629961,35.01042857142858,0.6994988075601428,2018-03-12T10:23:54Z,-19.598881155978912,exp_zhao18
WAY,B,2018-03-12,5,Reco,1,ok,10,0.14802266371509032,35.0984285714286,0.6994071646822857,2018-03-12T10:27:34Z,6.24466795122836,exp_zhao18
WAY,C,2018-03-12,1,NEE,1,ok,11,-0.08626652574697813,28.409253731343256,0.6952476933140298,2018-03-12T11:49:27Z,-3.6979508473381255,exp_zhao18
WAY,C,2018-03-12,1,Reco,1,ok,12,0.22831956660007524,28.13357142857143,0.6952014615338571,2018-03-12T11:52:58Z,9.795582951586718,exp_zhao18
WAY,C,2018-03-12,2,NEE,1,ok,13,-0.31312144687659654,28.139714285714263,0.695080210957,2018-03-12T12:00:10Z,-13.431216928742492,exp_zhao18
WAY,C,2018-03-12,2,Reco,1,ok,14,0.12526987318548205,28.896714285714268,0.6949166636672857,2018-03-12T12:08:29Z,5.358672031747875,exp_zhao18
WAY,C,2018-03-12,3,NEE,1,zero,15,0,29.839571428571446,0.6946910811987143,2018-03-12T12:16:49Z,0,exp_zhao18
WAY,C,2018-03-12,3,Reco,1,ok,16,0.37339551248859737,30.07042857142858,0.6946290460198572,2018-03-12T12:20:14Z,15.904334679596642,exp_zhao18
WAY,C,2018-03-12,4,NEE,1,ok,17,-0.16022419596264584,30.111285714285714,0.6941666019592857,2018-03-12T12:28:38Z,-6.81909551369721,exp_zhao18
WAY,C,2018-03-12,4,Reco,1,ok,18,0.017246937657974304,30.131692307692333,0.6940970835158462,2018-03-12T12:33:06Z,0.7339017917930989,exp_zhao18
WAY,C,2018-03-12,5,NEE,1,ok,19,-0.022700849715007583,29.85757142857142,0.693577267760143,2018-03-12T12:46:44Z,-0.9661296558116267,exp_zhao18
WAY,C,2018-03-12,5,Reco,1,ok,20,0.15475086073817823,29.848571428571404,0.6935377908281429,2018-03-12T12:50:41Z,6.585891214879903,exp_zhao18
PIL,B,2018-03-13,5,NEE,1,ok,21,-0.08392017151500426,23.710333333333324,0.6502064533781666,2018-03-13T09:15:26Z,-3.4175698316091325,exp_zhao18
PIL,B,2018-03-13,5,Reco,1,ok,22,0.2553543364043469,23.980857142857133,0.6501498227792857,2018-03-13T09:19:24Z,10.388691740582274,exp_zhao18
PIL,B,2018-03-13,4,NEE,1,ok,23,-0.09264444225376425,23.682999999999993,0.6502879920412856,2018-03-13T09:29:31Z,-3.7736781215323307,exp_zhao18
PIL,B,2018-03-13,4,Reco,1,ok,24,-0.0018381361131420554,23.484603174603194,0.6502680969207936,2018-03-13T09:33:39Z,-0.07492042519724423,exp_zhao18
PIL,B,2018-03-13,3,Reco,1,ok,25,0.2762628636716027,23.019571428571453,0.6504205217415714,2018-03-13T09:46:39Z,11.280497081947539,exp_zhao18
PIL,B,2018-03-13,3,NEE,1,ok,26,-0.25333572712659974,22.940428571428583,0.6503415678775714,2018-03-13T09:50:03Z,-10.345834243586506,exp_zhao18
PIL,B,2018-03-13,2,NEE,1,zero,27,0,22.915999999999997,0.6504458997692857,2018-03-13T10:02:48Z,0,exp_zhao18
PIL,B,2018-03-13,2,Reco,1,ok,28,0.2651258027050063,23.06857142857143,0.6503909140425713,2018-03-13T10:05:54Z,10.82345980131741,exp_zhao18
PIL,B,2018-03-13,1,NEE,1,ok,29,0.023331309075586226,22.34730158730156,0.6504905462995237,2018-03-13T10:22:01Z,0.9549453240446079,exp_zhao18
PIL,B,2018-03-13,1,Reco,1,ok,30,0.16330209328177825,22.06642857142856,0.6504755074682856,2018-03-13T10:26:05Z,6.690123085987715,exp_zhao18
PIL,BB,2018-03-14,3,NEE,1,zero,31,0,12.10185714285717,0.6507222382932857,2018-03-14T07:14:51Z,0,exp_zhao18
PIL,BB,2018-03-14,3,Reco,1,ok,32,0.13195903963614275,21.25799999999998,0.6508745064595713,2018-03-14T08:33:44Z,5.424237917604411,exp_zhao18
PIL,BB,2018-03-14,2,NEE,1,ok,33,-0.34519187153089925,22.113,0.6511867971894999,2018-03-14T08:42:58Z,-14.154973114428778,exp_zhao18
PIL,BB,2018-03-14,2,Reco,1,ok,34,0.15066125020470528,22.68928571428569,0.6511987812581428,2018-03-14T08:46:52Z,6.166109466712599,exp_zhao18
PIL,BB,2018-03-14,1,NEE,1,zero,35,0,22.531600000000026,0.6514641226368001,2018-03-14T08:56:26Z,0,exp_zhao18
PIL,BB,2018-03-14,1,Reco,1,ok,36,0.06238301846152519,22.402857142857158,0.6514723000012858,2018-03-14T08:59:53Z,2.5566960880288394,exp_zhao18
PIL,C,2018-03-14,5,NEE,1,ok,37,-0.09102297005934985,20.85185714285717,0.6522519694082858,2018-03-14T09:17:52Z,-3.7546396088505727,exp_zhao18
PIL,C,2018-03-14,5,Reco,1,ok,38,0.09794414967077358,20.712428571428575,0.6522970859020001,2018-03-14T09:22:02Z,4.042330372529096,exp_zhao18
PIL,C,2018-03-14,4,Reco,1,ok,39,0.20276062355665858,19.91742857142856,0.6523873188894287,2018-03-14T09:58:36Z,8.392155158405568,exp_zhao18
PIL,C,2018-03-14,4,NEE,1,ok,40,-0.044450345216085874,20.1035714285714,0.6523379727244286,2018-03-14T10:02:05Z,-1.8384694500820202,exp_zhao18
PIL,C,2018-03-14,3,Reco,1,ok,41,0.28217646292889875,19.367285714285686,0.6525240782610001,2018-03-14T10:10:59Z,11.7035528847161,exp_zhao18
PIL,C,2018-03-14,3,NEE,1,ok,42,0.058773715568075396,19.099571428571437,0.652494470562,2018-03-14T10:15:00Z,2.4398213610249804,exp_zhao18
PIL,C,2018-03-14,2,NEE,1,zero,43,0,18.601999999999975,0.6526058519058572,2018-03-14T10:22:14Z,0,exp_zhao18
PIL,C,2018-03-14,2,Reco,1,ok,44,0.13425486615654877,18.388428571428562,0.652563555193,2018-03-14T10:27:47Z,5.587389823217416,exp_zhao18
PIL,C,2018-03-14,1,Reco,1,ok,45,0.12793031716241643,18.203714285714284,0.6525734244260001,2018-03-14T10:38:42Z,5.327632146472078,exp_zhao18
ACJ,B,2018-03-15,5,NEE,1,ok,46,-0.21898681245727486,15.008857142857153,0.6692143611544287,2018-03-15T06:50:46Z,-9.455906537643433,exp_zhao18
ACJ,B,2018-03-15,5,Reco,1,ok,47,0.12596485709923522,15.531999999999982,0.6692228204970001,2018-03-15T06:54:54Z,5.429406575250202,exp_zhao18
ACJ,B,2018-03-15,4,NEE,1,ok,48,-0.04592470441587085,16.62073529411765,0.6694707124082353,2018-03-15T07:06:41Z,-1.972765022251599,exp_zhao18
ACJ,B,2018-03-15,4,Reco,1,ok,49,0.05295581546465214,16.975714285714275,0.6694625018698571,2018-03-15T07:10:47Z,2.2719858555369963,exp_zhao18
ACJ,B,2018-03-15,3,NEE,1,ok,50,-0.2935004818867308,17.783999999999992,0.6696330986117143,2018-03-15T07:19:46Z,-12.56039166744402,exp_zhao18
ACJ,B,2018-03-15,3,Reco,1,ok,51,0.15661706964889743,18.11228571428569,0.6696443777351428,2018-03-15T07:22:08Z,6.695006409922235,exp_zhao18
ACJ,B,2018-03-15,2,NEE,1,ok,52,-0.03303921687977318,19.553272727272713,0.66974409544,2018-03-15T07:30:40Z,-1.4056040170677582,exp_zhao18
ACJ,B,2018-03-15,2,Reco,1,ok,53,0.13610143907009198,20.01942857142859,0.6697613986407143,2018-03-15T07:33:35Z,5.781174521388734,exp_zhao18
ACJ,B,2018-03-15,1,NEE,1,ok,54,-0.23340409239794757,21.200781249999977,0.6697508244625,2018-03-15T07:40:28Z,-9.874348712249343,exp_zhao18
ACJ,B,2018-03-15,1,Reco,1,ok,55,0.1781358381216373,21.83914285714286,0.669755759079,2018-03-15T07:44:21Z,7.5199275401699754,exp_zhao18
ACJ,C,2018-03-15,5,NEE,1,zero,56,0,22.769499999999994,0.6661954332742499,2018-03-15T09:40:11Z,0,exp_zhao18
ACJ,C,2018-03-15,5,Reco,1,ok,57,0.22807794993388797,22.90885714285713,0.6661915560755713,2018-03-15T09:47:00Z,9.542370960610517,exp_zhao18
ACJ,C,2018-03-15,4,NEE,1,ok,58,0.007842851491528429,22.804250000000025,0.666252181364,2018-03-15T09:54:45Z,0.328276643417962,exp_zhao18
ACJ,C,2018-03-15,4,Reco,1,ok,59,0.33148600724035426,22.82257142857145,0.6661901461851428,2018-03-15T09:57:22Z,13.872791822226569,exp_zhao18
ACJ,C,2018-03-15,3,NEE,1,ok,60,-0.34749266065513673,22.595199999999977,0.6662423121309999,2018-03-15T10:07:18Z,-14.554995383839247,exp_zhao18
ACJ,C,2018-03-15,3,Reco,1,ok,61,0.2985648122381622,22.683142857142855,0.6662084747607142,2018-03-15T10:09:53Z,12.501262580919178,exp_zhao18
ACJ,C,2018-03-15,2,NEE,1,ok,62,-0.5543273364687942,22.694782608695675,0.6662161372086957,2018-03-15T10:16:35Z,-23.20969638350538,exp_zhao18
ACJ,C,2018-03-15,2,Reco,1,ok,63,0.3001030579919176,22.76514285714285,0.6661675879382857,2018-03-15T10:20:06Z,12.561417753443243,exp_zhao18
ACJ,C,2018-03-15,1,NEE,1,ok,64,-0.199087013756454,22.754428571428548,0.6662253934458571,2018-03-15T10:25:10Z,-8.33421268173902,exp_zhao18
ACJ,C,2018-03-15,1,Reco,1,ok,65,0.2061544917217516,23.09371428571427,0.6661675879382857,2018-03-15T10:34:35Z,8.619440689939978,exp_zhao18
QUE,B,2018-03-17,5,Reco,1,ok,66,0.08808802822555356,13.777205882352916,0.6345742656064706,2018-03-17T08:08:21Z,3.6222593752362897,exp_zhao18
QUE,B,2018-03-17,5,NEE,1,ok,67,-0.21425310549594123,14.462714285714299,0.6345296467211429,2018-03-17T08:12:40Z,-8.788664636731452,exp_zhao18
QUE,B,2018-03-17,4,NEE,1,ok,68,-0.2656411358088511,15.451000000000022,0.6347312610524285,2018-03-17T08:20:02Z,-10.862738249135484,exp_zhao18
QUE,B,2018-03-17,4,Reco,1,ok,69,0.12004121001308538,16.66542857142855,0.6346396181745714,2018-03-17T08:28:56Z,4.887513526531957,exp_zhao18
QUE,B,2018-03-17,3,NEE,1,ok,70,-0.16778908212115295,17.39227272727271,0.6347860758833332,2018-03-17T08:32:52Z,-6.816064483502583,exp_zhao18
QUE,B,2018-03-17,3,Reco,1,ok,71,0.1519310503673313,18.227857142857147,0.6347552291897142,2018-03-17T08:37:54Z,6.153868507768921,exp_zhao18
QUE,B,2018-03-17,2,NEE,1,ok,72,-0.16573227625056952,19.16742857142856,0.6352599699631429,2018-03-17T08:51:13Z,-6.696622303525479,exp_zhao18
QUE,B,2018-03-17,2,Reco,1,ok,73,0.10252300923930957,19.482968749999998,0.6352408923832813,2018-03-17T08:55:55Z,4.137980775629856,exp_zhao18
QUE,B,2018-03-17,1,Reco,1,ok,74,0.020763383661038026,17.50400000000002,0.6353146032172501,2018-03-17T09:52:49Z,0.8438448271179886,exp_zhao18
QUE,B,2018-03-17,1,NEE,1,ok,75,-0.10006542955085998,17.883030303030296,0.6352750515183334,2018-03-17T09:58:34Z,-4.0612106133871135,exp_zhao18
QUE,B,2019-04-05,1,NEE,1,ok,76,-0.3402281857070013,28.01057142857144,0.6352176732502858,2019-04-05T10:42:45Z,-13.342790870452806,exp_zhao18
QUE,B,2019-04-05,1,Reco,1,ok,77,0.09586985219465964,28.21285714285716,0.6351810160991428,2019-04-05T10:45:19Z,3.757004995601836,exp_zhao18
QUE,B,2019-04-05,2,NEE,1,ok,78,-0.16597264537368306,28.41742857142856,0.6350611754127142,2019-04-05T10:53:54Z,-6.498596552525764,exp_zhao18
QUE,B,2019-04-05,2,Reco,1,ok,79,0.03368705919736917,27.296857142857164,0.6349526138497141,2019-04-05T11:09:36Z,1.3236972889383412,exp_zhao18
QUE,B,2019-04-05,3,NEE,1,ok,80,-0.14194625778020623,24.298857142857116,0.6342124213747142,2019-04-05T11:30:41Z,-5.627277292027825,exp_zhao18
QUE,B,2019-04-05,3,Reco,1,ok,81,2.879001018888088e-5,23.958500000000015,0.6342511933614999,2019-04-05T11:33:32Z,0.001142720357948394,exp_zhao18
QUE,B,2019-04-05,4,NEE,1,ok,82,-0.19280604965119802,24.34413793103448,0.6339825120010344,2019-04-05T11:41:26Z,-7.639614637066139,exp_zhao18
QUE,B,2019-04-05,4,Reco,1,ok,83,0.06266968386976672,23.564999999999998,0.6339586410975714,2019-04-05T11:53:21Z,2.4896073499439773,exp_zhao18
QUE,B,2019-04-05,5,NEE,1,ok,84,-0.2554320395682772,22.988382352941187,0.6337513457372058,2019-04-05T12:08:57Z,-10.163691997551231,exp_zhao18
QUE,B,2019-04-05,5,Reco,1,ok,85,0.07401530197608666,23.76857142857142,0.6336385959702857,2019-04-05T12:11:31Z,2.9368225465965185,exp_zhao18
TRE,C,2019-04-08,1,NEE,1,ok,86,-0.19002092510969693,34.14542857142857,0.6504233415224285,2019-04-08T10:53:57Z,-7.478136298303057,exp_zhao18
TRE,C,2019-04-08,1,NEE,2,ok,87,-0.1867249312353504,34.73000000000002,0.6503359283158571,2019-04-08T10:57:10Z,-7.333486681432498,exp_zhao18
TRE,C,2019-04-08,1,NEE,3,zero,88,0,35.35072727272728,0.6503447721739999,2019-04-08T10:59:55Z,0,exp_zhao18
TRE,C,2019-04-08,1,NEE,4,zero,89,0,35.858444444444444,0.6502508649266666,2019-04-08T11:02:34Z,0,exp_zhao18
TRE,C,2019-04-08,1,Reco,1,ok,90,0.05504220653428861,36.295000000000016,0.650128674422857,2019-04-08T11:08:55Z,2.1501245445253354,exp_zhao18
TRE,C,2019-04-08,2,Reco,1,ok,91,0.11085447564391893,36.42771428571427,0.6498509260084285,2019-04-08T11:21:27Z,4.3266245923843005,exp_zhao18
TRE,C,2019-04-08,3,NEE,1,ok,92,-0.20517804650690244,36.469857142857165,0.6497141666368571,2019-04-08T11:28:13Z,-8.005276755217302,exp_zhao18
TRE,C,2019-04-08,3,Reco,1,ok,93,0.14780391508321503,36.4242857142857,0.6496366226632857,2019-04-08T11:31:34Z,5.766914172676304,exp_zhao18
TRE,C,2019-04-08,4,NEE,1,ok,94,-0.16625189391569517,36.99727272727273,0.64945833561,2019-04-08T11:38:55Z,-6.472944148811502,exp_zhao18
TRE,C,2019-04-08,4,Reco,1,ok,95,0.045978803029292636,36.6647142857143,0.6493969412904286,2019-04-08T11:41:53Z,1.7919165857297388,exp_zhao18
TRE,C,2019-04-08,5,NEE,1,ok,96,-0.11679791096445305,37.43230769230769,0.6492315502978462,2019-04-08T11:49:24Z,-4.539519741072822,exp_zhao18
TRE,C,2019-04-08,5,NEE,2,zero,97,0,37.558142857142855,0.6492023764112856,2019-04-08T11:53:31Z,0,exp_zhao18
TRE,C,2019-04-08,5,NEE,3,ok,98,-0.22789711288657055,37.3417391304348,0.6491795525328985,2019-04-08T11:56:30Z,-8.859424987627715,exp_zhao18
TRE,C,2019-04-08,5,NEE,4,ok,99,-0.052750432943726,37.358000000000004,0.6491251144158,2019-04-08T11:59:41Z,-2.050376314515377,exp_zhao18
TRE,C,2019-04-08,5,Reco,1,ok,100,0.10325271449155826,36.656000000000006,0.6490862954326666,2019-04-08T12:03:31Z,4.022221868523334,exp_zhao18
TRE,C,2019-04-08,4,NEE,2,zero,101,0,32.773571428571415,0.6489062994212857,2019-04-08T12:36:56Z,0,exp_zhao18
TRE,C,2019-04-08,4,NEE,3,ok,102,-0.17181470079587924,33.21449999999999,0.6488839761561667,2019-04-08T12:40:11Z,-6.76613812786471,exp_zhao18
TRE,C,2019-04-08,4,NEE,4,ok,103,-0.04239960381218657,33.4134285714286,0.648862592818,2019-04-08T12:43:25Z,-1.6685764944380452,exp_zhao18
TRE,C,2019-04-08,3,NEE,2,ok,104,-0.19382589096948072,33.932428571428545,0.6488315752285714,2019-04-08T12:52:10Z,-7.614488386808316,exp_zhao18
TRE,C,2019-04-08,3,NEE,3,ok,105,-0.02931088580202701,34.24285714285713,0.6488076070912857,2019-04-08T12:55:10Z,-1.1502785855113433,exp_zhao18
TRE,C,2019-04-08,3,NEE,4,zero,106,0,34.4641176470588,0.6488019260622059,2019-04-08T12:58:03Z,0,exp_zhao18
TRE,C,2019-04-08,2,NEE,1,zero,107,0,34.96485714285711,0.6487695400497143,2019-04-08T13:04:37Z,0,exp_zhao18
TRE,C,2019-04-08,2,NEE,2,ok,108,-0.07346136175933798,34.861333333333334,0.6487507415106667,2019-04-08T13:07:23Z,-2.876882171399088,exp_zhao18
TRE,C,2019-04-08,2,NEE,3,ok,109,-0.1457311501614882,34.24214285714288,0.6487131444325714,2019-04-08T13:11:17Z,-5.718264732799282,exp_zhao18
TRE,C,2019-04-08,2,NEE,4,ok,110,-0.053522487127058205,33.73217391304348,0.6486388902033333,2019-04-08T13:14:03Z,-2.1033887077564084,exp_zhao18
PIL,B,2019-04-09,5,NEE,1,zero,111,0,29.497285714285738,0.6513172120541428,2019-04-09T10:26:23Z,0,exp_zhao18
PIL,B,2019-04-09,5,NEE,2,ok,112,-0.15091462596763752,29.732428571428557,0.6513143922732857,2019-04-09T10:29:01Z,-6.033924302170344,exp_zhao18
PIL,B,2019-04-09,5,NEE,3,zero,113,0,29.95618181818179,0.6512922185419999,2019-04-09T10:31:42Z,0,exp_zhao18
PIL,B,2019-04-09,5,NEE,4,ok,114,-0.0737173647377179,30.244428571428557,0.6512819647934285,2019-04-09T10:34:33Z,-2.9422744596295654,exp_zhao18
PIL,B,2019-04-09,5,Reco,1,ok,115,0.10587890934869093,30.49885714285716,0.6512579966561428,2019-04-09T10:39:02Z,4.222238940133804,exp_zhao18
PIL,B,2019-04-09,4,NEE,1,ok,116,-0.20406874036058653,31.00155555555557,0.6512158565977777,2019-04-09T10:47:48Z,-8.123876979348584,exp_zhao18
PIL,B,2019-04-09,4,NEE,2,ok,117,-0.020674096129730896,30.989142857142838,0.6511931416964285,2019-04-09T10:50:34Z,-0.8230305599533727,exp_zhao18
PIL,B,2019-04-09,4,NEE,3,ok,118,-0.06387251540872724,30.988,0.651224031114,2019-04-09T10:53:12Z,-2.542878922395723,exp_zhao18
PIL,B,2019-04-09,4,NEE,4,ok,119,-0.2339958651456185,30.85442857142857,0.6511889120251427,2019-04-09T10:55:47Z,-9.319383845869153,exp_zhao18
PIL,B,2019-04-09,4,Reco,1,ok,120,0.08595134733994486,30.631428571428557,0.6511381559697142,2019-04-09T10:59:18Z,3.4254414113702825,exp_zhao18
PIL,B,2019-04-09,3,NEE,1,zero,121,0,30.26728571428572,0.6512086504911427,2019-04-09T11:06:34Z,0,exp_zhao18
PIL,B,2019-04-09,3,NEE,2,zero,122,0,30.338181818181795,0.6510876562579999,2019-04-09T11:09:13Z,0,exp_zhao18
PIL,B,2019-04-09,3,NEE,3,zero,123,0,30.036,0.6510950133225999,2019-04-09T11:12:14Z,0,exp_zhao18
PIL,B,2019-04-09,3,NEE,4,zero,124,0,29.835090909090923,0.6511056003179999,2019-04-09T11:14:48Z,0,exp_zhao18
PIL,B,2019-04-09,3,Reco,1,ok,125,0.13215014082637666,29.101,0.6509901174747142,2019-04-09T11:17:58Z,5.292077666443896,exp_zhao18
PIL,B,2019-04-09,2,NEE,1,zero,126,0,29.3568181818182,0.6510845160475,2019-04-09T11:25:26Z,0,exp_zhao18
PIL,B,2019-04-09,2,NEE,2,ok,127,-0.05527951675960527,29.39571428571429,0.6510648416674285,2019-04-09T11:28:14Z,-2.2118180902227307,exp_zhao18
PIL,B,2019-04-09,2,NEE,3,zero,128,0,29.223714285714266,0.6510888098047142,2019-04-09T11:30:51Z,0,exp_zhao18
PIL,B,2019-04-09,2,NEE,4,zero,129,0,28.904200000000003,0.6510476410041999,2019-04-09T11:33:54Z,0,exp_zhao18
PIL,B,2019-04-09,2,Reco,1,ok,130,0.14997707089986323,28.53457142857144,0.6509858878034285,2019-04-09T11:37:07Z,6.017211415644762,exp_zhao18
PIL,B,2019-04-09,1,NEE,1,ok,131,-0.291866744003462,28.87385714285716,0.6511663537782857,2019-04-09T11:44:36Z,-11.700037277902116,exp_zhao18
PIL,B,2019-04-09,1,NEE,2,zero,132,0,29.3377142857143,0.6511593043261428,2019-04-09T11:47:07Z,0,exp_zhao18
PIL,B,2019-04-09,1,NEE,3,zero,133,0,29.20342857142856,0.6511494350931427,2019-04-09T11:49:42Z,0,exp_zhao18
PIL,B,2019-04-09,1,NEE,4,ok,134,-0.04697329622867795,29.042142857142835,0.6511649438878571,2019-04-09T11:52:53Z,-1.8819618264081583,exp_zhao18
PIL,B,2019-04-09,1,Reco,1,ok,135,0.19777916607860074,28.77385714285714,0.651093039476,2019-04-09T11:56:12Z,7.930089567644355,exp_zhao18
PIL,C,2019-04-09,5,NEE,1,ok,136,-0.23419969918494976,29.087499999999977,0.6513134523463333,2019-04-09T12:59:21Z,-9.383826353126679,exp_zhao18
PIL,C,2019-04-09,5,NEE,2,zero,137,0,28.569000000000017,0.6513062149087999,2019-04-09T13:02:41Z,0,exp_zhao18
PIL,C,2019-04-09,5,NEE,3,ok,138,-0.21257513338681167,28.230000000000018,0.6512692757795714,2019-04-09T13:05:11Z,-8.541035988765287,exp_zhao18
PIL,C,2019-04-09,5,NEE,4,ok,139,0.05650802407440203,27.665333333333308,0.6512619130184444,2019-04-09T13:09:27Z,2.2746666601542676,exp_zhao18
PIL,C,2019-04-09,5,Reco,1,ok,140,0.06895587913794606,27.061428571428564,0.6512861944647143,2019-04-09T13:12:09Z,2.7814283743607695,exp_zhao18
PIL,C,2019-04-09,4,NEE,1,zero,141,0,26.389571428571458,0.6513905263564286,2019-04-09T13:19:06Z,0,exp_zhao18
PIL,C,2019-04-09,4,NEE,2,zero,142,0,26.00671428571428,0.6513482296435714,2019-04-09T13:21:57Z,0,exp_zhao18
PIL,C,2019-04-09,4,NEE,3,ok,143,0.0013803934558663244,26.105857142857133,0.6513284911775714,2019-04-09T13:24:36Z,0.05586145431876263,exp_zhao18
PIL,C,2019-04-09,4,NEE,4,ok,144,-0.039420241596257795,26.029230769230765,0.6513364805566667,2019-04-09T13:27:54Z,-1.5956776910097255,exp_zhao18
PIL,C,2019-04-09,4,Reco,1,ok,145,0.20992093495211028,25.830877192982484,0.6513260918903508,2019-04-09T13:30:23Z,8.502815315181723,exp_zhao18
PIL,C,2019-04-09,3,NEE,1,ok,146,-0.28768908598505577,26.638571428571424,0.6510563823248571,2019-04-09T14:05:28Z,-11.616594886864613,exp_zhao18
PIL,C,2019-04-09,3,NEE,2,ok,147,-0.1466812441962322,26.84357142857141,0.6510281845162856,2019-04-09T14:07:56Z,-5.918536865438443,exp_zhao18
PIL,C,2019-04-09,3,NEE,3,ok,148,-0.16775286092542824,26.620714285714257,0.6510126757215713,2019-04-09T14:10:25Z,-6.773639934477546,exp_zhao18
PIL,C,2019-04-09,3,NEE,4,ok,149,-0.11957173657930947,26.464,0.6510225449545713,2019-04-09T14:13:05Z,-4.830748104832919,exp_zhao18
PIL,C,2019-04-09,3,Reco,1,ok,150,0.07557757232035005,26.2752857142857,0.650957689994857,2019-04-09T14:16:04Z,3.0549855221762034,exp_zhao18
PIL,C,2019-04-09,2,NEE,1,ok,151,-0.6620981866578983,27.63557142857144,0.6511395658601428,2019-04-09T14:27:59Z,-26.64964414862577,exp_zhao18
PIL,C,2019-04-09,2,NEE,2,ok,152,-0.26807046291218806,27.535142857142887,0.6510549724344284,2019-04-09T14:30:44Z,-10.792115495549346,exp_zhao18
PIL,C,2019-04-09,2,NEE,3,ok,153,-0.18515360101406375,27.27071428571429,0.6511155977228571,2019-04-09T14:33:36Z,-7.46126246512123,exp_zhao18
PIL,C,2019-04-09,2,NEE,4,ok,154,-0.32660190161849734,27.147142857142853,0.6510733010099999,2019-04-09T14:36:18Z,-13.165862795278732,exp_zhao18
PIL,C,2019-04-09,2,Reco,1,ok,155,0.1248069214071042,26.993142857142857,0.6510394636397142,2019-04-09T14:39:26Z,5.033493234839902,exp_zhao18
PIL,C,2019-04-09,1,NEE,1,ok,156,-0.16744710533234883,27.279714285714306,0.6510648416674285,2019-04-09T14:47:21Z,-6.747003457612672,exp_zhao18
PIL,C,2019-04-09,1,NEE,2,ok,157,-0.19861880351754585,27.285714285714278,0.6510225449545713,2019-04-09T14:49:57Z,-8.002335611564517,exp_zhao18
PIL,C,2019-04-09,1,NEE,3,ok,158,-0.1727192561542414,27.08514285714284,0.6510577922152856,2019-04-09T14:52:43Z,-6.963870786615181,exp_zhao18
PIL,C,2019-04-09,1,NEE,4,ok,159,-0.05460476540716224,26.71261538461539,0.651011048924923,2019-04-09T14:55:34Z,-2.204187373326387,exp_zhao18
PIL,C,2019-04-09,1,Reco,1,ok,160,0.15899222641918398,26.204857142857122,0.6509943471459999,2019-04-09T14:58:29Z,6.428634415438216,exp_zhao18
ACJ,B,2019-04-10,1,NEE,1,ok,161,-0.298896231193998,27.434339622641517,0.6707242473966037,2019-04-10T09:55:55Z,-12.40080919697917,exp_zhao18
ACJ,B,2019-04-10,1,NEE,2,ok,162,-0.07398984505815853,27.685285714285726,0.6706792373097142,2019-04-10T09:59:26Z,-3.066974287141981,exp_zhao18
ACJ,B,2019-04-10,1,NEE,3,zero,163,0,28.58882352941174,0.6706187364233823,2019-04-10T10:09:50Z,0,exp_zhao18
ACJ,B,2019-04-10,1,NEE,4,ok,164,-0.027672977561488454,28.95573529411763,0.6705722929739706,2019-04-10T10:12:54Z,-1.142074554525012,exp_zhao18
ACJ,B,2019-04-10,1,Reco,1,ok,165,0.04225091772243847,29.49928571428569,0.6705608065137143,2019-04-10T10:17:01Z,1.7405503417594703,exp_zhao18
ACJ,B,2019-04-10,2,NEE,1,zero,166,0,31.55740000000003,0.6702413253426001,2019-04-10T10:34:20Z,0,exp_zhao18
ACJ,B,2019-04-10,2,NEE,2,ok,167,-0.07714924801273038,31.762820512820497,0.6701791238689744,2019-04-10T10:36:47Z,-3.152817533443794,exp_zhao18
ACJ,B,2019-04-10,2,NEE,3,zero,168,0,32.093999999999994,0.6701293800425714,2019-04-10T10:40:05Z,0,exp_zhao18
ACJ,B,2019-04-10,2,NEE,4,ok,169,0.037454932790809026,32.40014285714284,0.6700927228914286,2019-04-10T10:43:12Z,1.5272613533739323,exp_zhao18
ACJ,B,2019-04-10,2,Reco,1,ok,170,0.34901610593320265,32.78800000000001,0.6700292778221428,2019-04-10T10:46:57Z,14.212083659142461,exp_zhao18
ACJ,B,2019-04-10,3,NEE,1,zero,171,0,33.10289473684213,0.6698040663773684,2019-04-10T10:54:50Z,0,exp_zhao18
ACJ,B,2019-04-10,3,NEE,2,ok,172,-0.06410860526510875,33.12114285714284,0.66972615138,2019-04-10T10:57:46Z,-2.606510247350575,exp_zhao18
ACJ,B,2019-04-10,3,NEE,3,ok,173,-0.1508458488836221,33.0748717948718,0.6697059067994872,2019-04-10T11:00:29Z,-6.133790816872035,exp_zhao18
ACJ,B,2019-04-10,3,NEE,4,ok,174,-0.05449347035275895,33.04309090909089,0.6697153849440001,2019-04-10T11:03:49Z,-2.216109854724545,exp_zhao18
ACJ,B,2019-04-10,3,Reco,1,ok,175,0.12509059116857638,33.03963636363636,0.6696794968240001,2019-04-10T11:07:14Z,5.086898712272524,exp_zhao18
ACJ,B,2019-04-10,4,NEE,1,ok,176,-0.23063911894197853,33.32642857142855,0.6694476980203572,2019-04-10T11:15:00Z,-9.367085286722897,exp_zhao18
ACJ,B,2019-04-10,4,NEE,2,ok,177,-0.02072608127223701,33.67615384615385,0.669381993511282,2019-04-10T11:18:22Z,-0.840718832599492,exp_zhao18
ACJ,B,2019-04-10,4,NEE,3,zero,178,0,33.975714285714275,0.6693680392111429,2019-04-10T11:21:43Z,0,exp_zhao18
ACJ,B,2019-04-10,4,NEE,4,ok,179,-0.24533347358371477,34.284871794871776,0.6693212597697437,2019-04-10T11:24:54Z,-9.930937076508133,exp_zhao18
ACJ,B,2019-04-10,4,Reco,1,ok,180,0.0938441178224953,34.60454545454547,0.6693119426616667,2019-04-10T11:28:42Z,3.7947492516777115,exp_zhao18
ACJ,B,2019-04-10,5,NEE,1,ok,181,-0.08573779197665359,34.96132075471701,0.6690781338169812,2019-04-10T11:37:52Z,-3.4617317060520008,exp_zhao18
ACJ,B,2019-04-10,5,NEE,2,ok,182,-0.14417427512330194,34.917076923076934,0.6690307500393847,2019-04-10T11:43:37Z,-5.821575011084793,exp_zhao18
ACJ,B,2019-04-10,5,NEE,3,zero,183,0,34.879272727272735,0.669024538634,2019-04-10T11:46:42Z,0,exp_zhao18
ACJ,B,2019-04-10,5,NEE,4,ok,184,-0.0606796374516117,34.903142857142825,0.6689704501102858,2019-04-10T11:49:56Z,-2.450057052126529,exp_zhao18
ACJ,B,2019-04-10,5,Reco,1,ok,185,0.13180544668778993,34.87914285714288,0.6689394325208572,2019-04-10T11:53:44Z,5.322066257512597,exp_zhao18
ACJ,C,2019-04-10,1,NEE,1,ok,186,-0.20430400674034466,25.62614285714284,0.6643883062174286,2019-04-10T15:45:21Z,-8.447046350446655,exp_zhao18
ACJ,C,2019-04-10,1,NEE,2,ok,187,-0.18535073119699325,25.43071428571426,0.6644080446834285,2019-04-10T15:48:41Z,-7.668657876699446,exp_zhao18
ACJ,C,2019-04-10,1,NEE,3,ok,188,-0.1781205761424931,25.257714285714314,0.6644799490952857,2019-04-10T15:51:35Z,-7.374589577894955,exp_zhao18
ACJ,C,2019-04-10,1,NEE,4,ok,189,-0.053432692296127945,25.095000000000027,0.6644475216154285,2019-04-10T15:54:41Z,-2.2133316857279692,exp_zhao18
ACJ,C,2019-04-10,1,Reco,1,ok,190,0.0890431526052371,24.97742857142856,0.6645095567942857,2019-04-10T15:58:36Z,3.6902157207969055,exp_zhao18
ACJ,C,2019-04-10,2,NEE,1,ok,191,-0.34271230636831074,24.79653846153849,0.6644043572776923,2019-04-10T16:06:03Z,-14.209400562387618,exp_zhao18
ACJ,C,2019-04-10,2,NEE,2,ok,192,-0.2814728190128948,24.612923076923096,0.6644499075838461,2019-04-10T16:08:45Z,-11.678310515329137,exp_zhao18
ACJ,C,2019-04-10,2,NEE,3,ok,193,-0.3359107119746667,23.540714285714273,0.6642797446544286,2019-04-10T16:23:18Z,-13.983723852710535,exp_zhao18
ACJ,C,2019-04-10,2,NEE,4,ok,194,-0.5103330427677433,23.36228571428569,0.6642867941065714,2019-04-10T16:26:54Z,-21.25781115075641,exp_zhao18
ACJ,C,2019-04-10,2,Reco,1,ok,195,0.023338698625442637,23.188571428571436,0.6642924336682857,2019-04-10T16:30:15Z,0.9727465261838748,exp_zhao18
ACJ,C,2019-04-10,3,NEE,1,ok,196,-0.03902239906632815,22.839571428571446,0.6642444973937143,2019-04-10T16:37:17Z,-1.6282363692603041,exp_zhao18
ACJ,C,2019-04-10,3,NEE,2,ok,197,-0.0202752912084653,22.673906250000016,0.6642533532679687,2019-04-10T16:39:54Z,-0.8464854904176783,exp_zhao18
ACJ,C,2019-04-10,3,NEE,3,ok,198,-0.015079933322905248,22.495384615384637,0.6642646696721539,2019-04-10T16:42:43Z,-0.6299722242168624,exp_zhao18
ACJ,C,2019-04-10,3,NEE,4,ok,199,-0.019894718138977197,22.340307692307704,0.6642494862367693,2019-04-10T16:45:36Z,-0.8315295880839474,exp_zhao18
ACJ,C,2019-04-10,3,Reco,1,ok,200,0.1385062565389128,22.17281250000002,0.6642826525534375,2019-04-10T16:48:22Z,5.792649307528452,exp_zhao18
ACJ,C,2019-04-10,4,NEE,1,ok,201,0.03883575689234933,21.80328571428572,0.6642473171745714,2019-04-10T16:54:13Z,1.626148766386005,exp_zhao18
ACJ,C,2019-04-10,4,NEE,2,zero,202,0,21.624857142857138,0.6642177094755715,2019-04-10T16:56:47Z,0,exp_zhao18
ACJ,C,2019-04-10,4,NEE,3,ok,203,0.006014438633437286,21.418200000000013,0.6642724132242,2019-04-10T16:59:34Z,0.2521781089375196,exp_zhao18
ACJ,C,2019-04-10,4,NEE,4,ok,204,0.02409094599392403,21.159855072463756,0.6642465815795653,2019-04-10T17:02:21Z,1.0109514673347773,exp_zhao18
ACJ,C,2019-04-10,4,Reco,1,ok,205,0.0959817166326216,20.90628571428573,0.6642261688181429,2019-04-10T17:05:09Z,4.031122139872274,exp_zhao18
WAY,B,2019-04-11,1,NEE,1,ok,206,-0.1899802493294919,25.319999999999993,0.7020887762774286,2019-04-11T10:34:14Z,-8.309056800151476,exp_zhao18
WAY,B,2019-04-11,1,NEE,2,ok,207,-0.26081049274308477,25.934285714285693,0.7020704477018572,2019-04-11T10:37:18Z,-11.383192670857518,exp_zhao18
WAY,B,2019-04-11,1,NEE,3,ok,208,-0.22110992471882218,26.50857142857143,0.7019816246048572,2019-04-11T10:40:30Z,-9.63072995912827,exp_zhao18
WAY,B,2019-04-11,1,NEE,4,ok,209,-0.05419755954190139,27.036142857142863,0.7020013630708571,2019-04-11T10:43:42Z,-2.356562571848491,exp_zhao18
WAY,B,2019-04-11,1,Reco,1,ok,210,0.08942029813249394,27.55185714285716,0.7018970311791429,2019-04-11T10:47:45Z,3.880836429240346,exp_zhao18
WAY,B,2019-04-11,2,NEE,1,ok,211,-0.23666388496560664,29.384571428571405,0.7016827278340001,2019-04-11T10:57:09Z,-10.205862093687944,exp_zhao18
WAY,B,2019-04-11,2,NEE,2,zero,212,0,29.615571428571457,0.7016488904637144,2019-04-11T11:00:31Z,0,exp_zhao18
WAY,B,2019-04-11,2,NEE,3,ok,213,-0.1308179804434214,30.085285714285703,0.7015558376954286,2019-04-11T11:03:44Z,-5.627323424693231,exp_zhao18
WAY,B,2019-04-11,2,NEE,4,ok,214,-0.07566497236177191,30.43157142857143,0.7015727563805715,2019-04-11T11:07:01Z,-3.2512032384708456,exp_zhao18
WAY,B,2019-04-11,2,Reco,1,ok,215,0.06868249141372068,30.840857142857146,0.7014782937218572,2019-04-11T11:11:16Z,2.946806948398322,exp_zhao18
WAY,B,2019-04-11,3,NEE,1,ok,216,-0.26898560763784424,31.425857142857126,0.7012019551978572,2019-04-11T11:19:34Z,-11.514063393228108,exp_zhao18
WAY,B,2019-04-11,3,NEE,2,zero,217,0,31.819428571428546,0.7011681178275715,2019-04-11T11:22:43Z,0,exp_zhao18
WAY,B,2019-04-11,3,NEE,3,zero,218,0,32.4375,0.7011241909289063,2019-04-11T11:28:38Z,0,exp_zhao18
WAY,B,2019-04-11,3,NEE,4,zero,219,0,32.614714285714285,0.7011230013338572,2019-04-11T11:31:45Z,0,exp_zhao18
WAY,B,2019-04-11,3,Reco,1,ok,220,0.03016963901967105,32.917857142857144,0.7011215914434287,2019-04-11T11:36:18Z,1.284983829001587,exp_zhao18
WAY,B,2019-04-11,4,NEE,1,ok,221,-0.24381068947265572,33.71625,0.70073774877425,2019-04-11T11:44:34Z,-10.351685279487347,exp_zhao18
WAY,B,2019-04-11,4,NEE,2,zero,222,0,34.31828571428571,0.7007437408085715,2019-04-11T11:49:57Z,0,exp_zhao18
WAY,B,2019-04-11,4,NEE,3,ok,223,-0.35626569143397346,34.8162857142857,0.7007042638765714,2019-04-11T11:55:22Z,-15.071536038277994,exp_zhao18
WAY,B,2019-04-11,4,NEE,4,ok,224,-0.04244542457779312,35.074142857142874,0.700725412233,2019-04-11T11:58:39Z,-1.7941717987763677,exp_zhao18
WAY,B,2019-04-11,4,Reco,1,ok,225,0.0864091612868414,35.12071428571426,0.7006986243148571,2019-04-11T12:02:26Z,3.651831375022952,exp_zhao18
WAY,B,2019-04-11,5,NEE,1,ok,226,-0.281334481780275,30.06538461538463,0.700238783128923,2019-04-11T12:34:29Z,-12.080080332134854,exp_zhao18
WAY,B,2019-04-11,5,NEE,2,ok,227,-0.22690116702213992,30.113428571428585,0.7002474593777142,2019-04-11T12:37:32Z,-9.74137272063143,exp_zhao18
WAY,B,2019-04-11,5,NEE,3,ok,228,-0.11524963473667021,30.32628571428569,0.7002615582819999,2019-04-11T12:40:29Z,-4.944552735553778,exp_zhao18
WAY,B,2019-04-11,5,NEE,4,ok,229,-0.1337409971415412,30.552142857142883,0.7002178516787142,2019-04-11T12:43:30Z,-5.733262267960014,exp_zhao18
WAY,B,2019-04-11,5,Reco,1,ok,230,0.11511307137241009,30.73685714285716,0.7001050604444286,2019-04-11T12:47:27Z,4.930919023436125,exp_zhao18
WAY,C,2019-04-12,1,NEE,1,ok,231,-0.06134764321389667,23.960428571428565,0.6970850751464286,2019-04-12T12:36:00Z,-2.6761946702722224,exp_zhao18
WAY,C,2019-04-12,1,NEE,2,zero,232,0,23.953090909090918,0.6970370107,2019-04-12T12:38:36Z,0,exp_zhao18
WAY,C,2019-04-12,1,NEE,3,zero,233,0,23.960512820512804,0.696990540185641,2019-04-12T12:41:14Z,0,exp_zhao18
WAY,C,2019-04-12,1,NEE,4,ok,234,0.05211458104658426,23.947142857142865,0.6970018916111429,2019-04-12T12:44:12Z,2.2732471849012943,exp_zhao18
WAY,C,2019-04-12,1,Reco,1,ok,235,0.17832973357883575,23.911428571428587,0.6970174004058571,2019-04-12T12:48:07Z,7.779882631176426,exp_zhao18
WAY,C,2019-04-12,2,NEE,1,ok,236,-0.02649127901400905,23.972285714285704,0.6969130685141429,2019-04-12T12:55:19Z,-1.1553092155667912,exp_zhao18
WAY,C,2019-04-12,2,NEE,2,zero,237,0,23.932820512820513,0.6968994395733333,2019-04-12T12:58:14Z,0,exp_zhao18
WAY,C,2019-04-12,2,NEE,3,ok,238,-0.018874698047367244,23.899,0.6969229377471429,2019-04-12T13:01:10Z,-0.8233578041061761,exp_zhao18
WAY,C,2019-04-12,2,NEE,4,zero,239,0,23.8828205128205,0.6968918478556411,2019-04-12T13:04:10Z,0,exp_zhao18
WAY,C,2019-04-12,2,Reco,1,ok,240,0.13740853247274296,23.896714285714268,0.6968989696098572,2019-04-12T13:07:58Z,5.99391666526993,exp_zhao18
WAY,C,2019-04-12,3,NEE,1,ok,241,-0.1781961548633813,23.972571428571428,0.6966480091135714,2019-04-12T13:14:42Z,-7.768336213535113,exp_zhao18
WAY,C,2019-04-12,3,NEE,2,zero,242,0,24.08434782608697,0.6965983564506522,2019-04-12T13:17:36Z,0,exp_zhao18
WAY,C,2019-04-12,3,NEE,3,ok,243,-0.030726054324551284,24.344545454545482,0.6965884092,2019-04-12T13:23:45Z,-1.3376914775166,exp_zhao18
WAY,C,2019-04-12,3,NEE,4,ok,244,0.04447646259426294,24.569818181818164,0.696500483306,2019-04-12T13:30:00Z,1.9346207669358424,exp_zhao18
WAY,C,2019-04-12,3,Reco,1,ok,245,0.20784986245603942,24.62585714285717,0.6964139673024285,2019-04-12T13:34:13Z,9.038152408378728,exp_zhao18
WAY,C,2019-04-12,4,NEE,1,ok,246,-0.09051770791911978,24.122285714285738,0.6961080210794286,2019-04-12T13:41:40Z,-3.941011422282499,exp_zhao18
WAY,C,2019-04-12,4,NEE,2,ok,247,-0.07563742400176796,23.976285714285723,0.696037526558,2019-04-12T13:45:00Z,-3.294429667743987,exp_zhao18
WAY,C,2019-04-12,4,NEE,3,ok,248,-0.06794432079564743,23.8780303030303,0.69596933913,2019-04-12T13:47:53Z,-2.960041249670057,exp_zhao18
WAY,C,2019-04-12,4,NEE,4,zero,249,0,23.81036363636366,0.695946011852,2019-04-12T13:50:47Z,0,exp_zhao18
WAY,C,2019-04-12,4,Reco,1,ok,250,0.06631846857149454,23.702571428571446,0.6958937177342857,2019-04-12T13:54:49Z,2.8906034667427796,exp_zhao18
WAY,C,2019-04-12,5,NEE,1,zero,251,0,23.41132352941179,0.6956517556563235,2019-04-12T14:01:10Z,0,exp_zhao18
WAY,C,2019-04-12,5,NEE,2,zero,252,0,22.997058823529414,0.6956474015829411,2019-04-12T14:04:28Z,0,exp_zhao18
WAY,C,2019-04-12,5,NEE,3,ok,253,6.259143982421597e-5,22.299818181818182,0.69557456981,2019-04-12T14:11:00Z,0.002739850337595012,exp_zhao18
WAY,C,2019-04-12,5,NEE,4,ok,254,0.004387925149346649,21.936666666666667,0.6955605136296666,2019-04-12T14:14:08Z,0.19230761122218581,exp_zhao18
WAY,C,2019-04-12,5,Reco,1,ok,255,0.07228295791362496,21.51185714285714,0.6955003583047142,2019-04-12T14:18:23Z,3.1722052693099414,exp_zhao18
TRE,B,2019-04-13,1,NEE,1,ok,256,-0.2166069303206768,25.593428571428547,0.6559994581674286,2019-04-13T10:29:00Z,-8.8436062338575,exp_zhao18
TRE,B,2019-04-13,1,NEE,2,ok,257,-0.016851728310615585,26.042142857142835,0.6558373207681428,2019-04-13T11:05:12Z,-0.6868190316631698,exp_zhao18
TRE,B,2019-04-13,1,NEE,3,ok,258,-0.023352200937925345,25.737000000000023,0.6557661213015,2019-04-13T11:08:28Z,-0.9526243948625018,exp_zhao18
TRE,B,2019-04-13,1,NEE,4,zero,259,0,25.452162162162153,0.655869214775946,2019-04-13T11:11:34Z,0,exp_zhao18
TRE,B,2019-04-13,1,Reco,1,ok,260,0.029936110181450662,24.787777777777762,0.6558390439675555,2019-04-13T11:17:15Z,1.225233864913158,exp_zhao18
TRE,B,2019-04-13,2,NEE,1,ok,261,-0.034224196869661834,20.312000000000012,0.6546713413837143,2019-04-13T13:13:19Z,-1.4195694744368361,exp_zhao18
TRE,B,2019-04-13,2,Reco,1,ok,262,0.09191074872665606,20.541200000000003,0.6546538587424,2019-04-13T13:16:37Z,3.8092461037614376,exp_zhao18
TRE,B,2019-04-13,3,NEE,1,ok,263,-0.052689478904145416,20.62760000000003,0.6545985910376,2019-04-13T13:24:04Z,-2.1828918568950915,exp_zhao18
TRE,B,2019-04-13,3,Reco,1,ok,264,0.1094150535078739,20.86567164179104,0.6545643580562687,2019-04-13T13:30:26Z,4.5290892673927035,exp_zhao18
TRE,B,2019-04-13,4,NEE,1,ok,265,-0.31723783006347417,20.835636363636354,0.654489850034,2019-04-13T13:37:21Z,-13.13148083153254,exp_zhao18
TRE,B,2019-04-13,4,Reco,1,ok,266,0.15995299365638083,20.771607142857135,0.6544869982101785,2019-04-13T13:40:37Z,6.622375649540863,exp_zhao18
TRE,B,2019-04-13,5,NEE,1,ok,267,-0.3699290036521292,20.480999999999995,0.654300540201,2019-04-13T13:52:24Z,-15.326595200383297,exp_zhao18
TRE,B,2019-04-13,5,Reco,1,ok,268,0.010269431052258415,20.367272727272734,0.6542852877499999,2019-04-13T13:55:32Z,0.4256295820113308,exp_zhao18
ACJ,B,2019-07-07,1,NEE,1,ok,269,-0.591252211852973,17.625285714285724,0.6720947673,2019-07-07T11:09:05Z,-25.409594308624687,exp_zhao18
ACJ,B,2019-07-07,1,Reco,1,ok,270,-0.03358238206705034,18.023000000000025,0.6720341420115714,2019-07-07T11:13:15Z,-1.4411316771480864,exp_zhao18
ACJ,B,2019-07-07,2,NEE,1,ok,271,-0.6658666067782879,18.497571428571405,0.6718226584472856,2019-07-07T11:24:29Z,-28.519075833265898,exp_zhao18
ACJ,B,2019-07-07,2,Reco,1,ok,272,0.0026711554462820284,18.568857142857155,0.6717958705291428,2019-07-07T11:28:04Z,0.11437310682533806,exp_zhao18
ACJ,B,2019-07-07,3,NEE,1,ok,273,-0.408563437941452,18.342142857142846,0.6715801572935715,2019-07-07T11:38:52Z,-17.501788527170667,exp_zhao18
ACJ,B,2019-07-07,3,Reco,1,ok,274,-0.0497510132468826,18.229142857142847,0.6715294012381429,2019-07-07T11:42:04Z,-2.1318685871858873,exp_zhao18
ACJ,B,2019-07-07,4,NEE,1,ok,275,-0.9498979065091875,17.814571428571412,0.6713672638388571,2019-07-07T11:49:26Z,-40.75199833082895,exp_zhao18
ACJ,B,2019-07-07,4,Reco,1,ok,276,-0.039768984849566834,17.672428571428554,0.6713672638388571,2019-07-07T11:53:06Z,-1.706981047470061,exp_zhao18
ACJ,B,2019-07-07,5,NEE,1,ok,277,-0.7797676799278186,17.03714285714284,0.67130522866,2019-07-07T12:04:39Z,-33.53968839758885,exp_zhao18
ACJ,B,2019-07-07,5,Reco,1,ok,278,-0.4160450627834855,16.657428571428568,0.6712728011801429,2019-07-07T12:10:50Z,-17.917682617467225,exp_zhao18
TRE,C,2019-07-08,1,NEE,1,ok,279,-0.6943221921426477,13.896999999999991,0.6510009266346666,2019-07-08T10:16:58Z,-29.278011070272026,exp_zhao18
TRE,C,2019-07-08,1,Reco,1,ok,280,0.07421125134507081,14.405714285714282,0.6509421812001428,2019-07-08T10:21:00Z,3.1235042192577795,exp_zhao18
TRE,C,2019-07-08,2,NEE,1,ok,281,-0.05984423810663979,15.146142857142877,0.6507222382932857,2019-07-08T10:28:45Z,-2.511487892706264,exp_zhao18
TRE,C,2019-07-08,2,Reco,1,ok,282,0.06779477205134171,15.428285714285721,0.6506996800464285,2019-07-08T10:32:29Z,2.842268346793366,exp_zhao18
TRE,C,2019-07-08,3,NEE,1,ok,283,-0.081829115038146,15.966911764705856,0.6506349909561765,2019-07-08T10:40:19Z,-3.423920747467079,exp_zhao18
TRE,C,2019-07-08,3,Reco,1,ok,284,0.029089609576389175,16.03340000000003,0.6506094470589999,2019-07-08T10:44:02Z,1.2168493870945598,exp_zhao18
TRE,C,2019-07-08,5,NEE,1,ok,285,-0.1872151016654774,17.275166666666678,0.650323239302,2019-07-08T11:00:48Z,-7.7944923351867805,exp_zhao18
TRE,C,2019-07-08,5,Reco,1,ok,286,0.01657681654746712,17.599800000000016,0.6502956054496,2019-07-08T11:04:52Z,0.6893574214040415,exp_zhao18
TRE,C,2019-07-08,4,NEE,1,ok,287,-0.08148358735491651,17.411142857142863,0.6504106525085713,2019-07-08T11:14:12Z,-3.3913466272811044,exp_zhao18
TRE,C,2019-07-08,4,Reco,1,ok,288,0.08961187469211274,17.501571428571424,0.6503542568914286,2019-07-08T11:18:02Z,3.7281622490744506,exp_zhao18
PIL,C,2019-07-09,1,NEE,1,ok,289,-0.14823753881082238,17.322307692307675,0.6548109566871795,2019-07-09T09:18:29Z,-6.213285760795481,exp_zhao18
PIL,C,2019-07-09,1,Reco,1,ok,290,0.09021512482858646,17.84371428571427,0.6548095106457142,2019-07-09T09:22:34Z,3.774528029072445,exp_zhao18
PIL,C,2019-07-09,2,NEE,1,zero,291,0,18.890714285714296,0.6546445534655714,2019-07-09T09:30:17Z,0,exp_zhao18
PIL,C,2019-07-09,2,Reco,1,ok,292,0.03877235143064418,19.18685714285715,0.6546234051091429,2019-07-09T09:34:00Z,1.6142917429837076,exp_zhao18
PIL,C,2019-07-09,3,NEE,1,ok,293,-0.17983276326880698,19.9122857142857,0.6544922852992857,2019-07-09T09:41:56Z,-7.46733003789865,exp_zhao18
PIL,C,2019-07-09,3,Reco,1,ok,294,0.0018880322004204142,20.486428571428576,0.6545331721217142,2019-07-09T09:45:54Z,0.07824976737779828,exp_zhao18
PIL,C,2019-07-09,4,NEE,1,ok,295,-0.20894583580498177,21.276229508196707,0.654357652319836,2019-07-09T09:53:35Z,-8.634244412894324,exp_zhao18
PIL,C,2019-07-09,4,Reco,1,ok,296,0.03453438981515483,21.72685714285717,0.6543301479,2019-07-09T09:57:20Z,1.424819854002212,exp_zhao18
PIL,C,2019-07-09,5,NEE,1,ok,297,-0.30270813738158375,22.928428571428583,0.6540622687185714,2019-07-09T10:05:34Z,-12.433355599528968,exp_zhao18
PIL,C,2019-07-09,5,Reco,1,ok,298,0.02006385311646472,23.400199999999984,0.6540419662964,2019-07-09T10:11:34Z,0.8227609362770207,exp_zhao18
PIL,B,2019-07-09,1,NEE,1,ok,299,-0.2395849864774221,24.31114285714284,0.6532501718317143,2019-07-09T10:29:27Z,-9.782746949739794,exp_zhao18
PIL,B,2019-07-09,1,Reco,1,ok,300,0.02994055636072261,24.173076923076906,0.6532673074230769,2019-07-09T10:33:46Z,1.2231341783359986,exp_zhao18
PIL,B,2019-07-09,2,NEE,1,ok,301,-0.418338637328624,25.340571428571423,0.6530908542132857,2019-07-09T10:43:58Z,-17.018563197462655,exp_zhao18
PIL,B,2019-07-09,2,Reco,1,ok,302,0.02540544117370286,25.748529411764707,0.6531022992061765,2019-07-09T10:47:42Z,1.0321340486018675,exp_zhao18
PIL,B,2019-07-09,3,NEE,1,ok,303,-0.24560519351137317,26.350142857142828,0.6528836003202858,2019-07-09T10:57:09Z,-9.954700577637805,exp_zhao18
PIL,B,2019-07-09,3,Reco,1,ok,304,-0.0013237530316199285,25.924222222222227,0.6528585356015556,2019-07-09T11:05:39Z,-0.053727793092401444,exp_zhao18
PIL,B,2019-07-09,4,NEE,1,ok,305,-0.26696365742110106,26.51057142857144,0.6526171310292858,2019-07-09T11:14:12Z,-10.810180352818515,exp_zhao18
PIL,B,2019-07-09,4,Reco,1,ok,306,0.006229177153715265,27.117857142857133,0.6525959826728572,2019-07-09T11:18:50Z,0.2517202550554406,exp_zhao18
PIL,B,2019-07-09,5,NEE,1,ok,307,-0.09766524112563668,27.47800000000001,0.6524183364788572,2019-07-09T11:27:42Z,-3.940838952958994,exp_zhao18
PIL,B,2019-07-09,5,Reco,1,ok,308,0.034422098759745,27.379166666666663,0.6523793295103334,2019-07-09T11:32:18Z,1.3893217699474938,exp_zhao18
ACJ,NB,2019-07-10,1,NEE,1,ok,309,-0.2841009259329731,15.240571428571457,0.674335083191,2019-07-10T09:13:45Z,-12.351487873103284,exp_zhao18
ACJ,NB,2019-07-10,1,NEE,2,ok,310,-0.25612498116421345,15.923000000000002,0.6742716381217142,2019-07-10T09:17:49Z,-11.107881344151995,exp_zhao18
ACJ,NB,2019-07-10,1,NEE,3,ok,311,-0.29196481747148284,16.596000000000004,0.674256129327,2019-07-10T09:21:44Z,-12.632517385383098,exp_zhao18
ACJ,NB,2019-07-10,1,NEE,4,ok,312,-0.1916302510601831,17.2607142857143,0.6742138326141428,2019-07-10T09:25:40Z,-8.27181898085964,exp_zhao18
ACJ,NB,2019-07-10,1,Reco,1,ok,313,0.05781083297786174,18.01614285714288,0.6742335710801428,2019-07-10T09:30:09Z,2.4890330097979674,exp_zhao18
ACJ,NB,2019-07-10,2,NEE,1,ok,314,-0.13059019808727915,19.384142857142876,0.6742053732715714,2019-07-10T09:38:29Z,-5.596005827768324,exp_zhao18
ACJ,NB,2019-07-10,2,NEE,2,ok,315,-0.16460577384436936,19.947285714285726,0.6741828150247142,2019-07-10T09:42:17Z,-7.039841415634688,exp_zhao18
ACJ,NB,2019-07-10,2,NEE,3,ok,316,-0.13440087084593377,20.58371428571428,0.6741729457917143,2019-07-10T09:46:53Z,-5.735503325771134,exp_zhao18
ACJ,NB,2019-07-10,2,NEE,4,zero,317,0,21.120714285714257,0.6742081930524285,2019-07-10T09:50:53Z,0,exp_zhao18
ACJ,NB,2019-07-10,2,Reco,1,ok,318,0.006766161989195774,21.674333333333323,0.6742018485454999,2019-07-10T09:55:16Z,0.2876874617653254,exp_zhao18
ACJ,NB,2019-07-10,3,NEE,1,ok,319,-0.13891821800749996,22.897936507936492,0.6740670473550793,2019-07-10T10:05:51Z,-5.881013707488758,exp_zhao18
ACJ,NB,2019-07-10,3,NEE,2,ok,320,-0.2287218597318078,23.29457142857143,0.6740432358722857,2019-07-10T10:09:43Z,-9.669496405495858,exp_zhao18
ACJ,NB,2019-07-10,3,NEE,3,ok,321,-0.23562122600754298,23.65092307692305,0.6740959440836922,2019-07-10T10:13:38Z,-9.949993748536466,exp_zhao18
ACJ,NB,2019-07-10,3,NEE,4,zero,322,0,24.006857142857143,0.6740601545574285,2019-07-10T10:17:36Z,0,exp_zhao18
ACJ,NB,2019-07-10,3,Reco,1,ok,323,0.024532775855607668,24.437999999999988,0.6740595038387692,2019-07-10T10:22:27Z,1.0331929695669666,exp_zhao18
ACJ,NB,2019-07-10,5,NEE,1,ok,324,-0.34651798945010315,25.185000000000002,0.6739360841997143,2019-07-10T10:31:41Z,-14.55433004064964,exp_zhao18
ACJ,NB,2019-07-10,5,NEE,2,ok,325,-0.3575352749356644,25.37477611940301,0.6738771213194029,2019-07-10T10:35:36Z,-15.006214731718773,exp_zhao18
ACJ,NB,2019-07-10,5,NEE,3,ok,326,-0.17587001875464806,25.542285714285697,0.6738627698974285,2019-07-10T10:39:17Z,-7.377193859550464,exp_zhao18
ACJ,NB,2019-07-10,5,NEE,4,ok,327,-0.29635706516333293,25.69724637681162,0.6738597866510144,2019-07-10T10:43:15Z,-12.424745353339778,exp_zhao18
ACJ,NB,2019-07-10,5,Reco,1,ok,328,0.053236226381053464,25.84470588235297,0.6738915482491176,2019-07-10T10:47:36Z,2.2309287684816526,exp_zhao18
ACJ,NB,2019-07-10,4,NEE,1,ok,329,-0.20552977738337908,25.938714285714298,0.6738994270485714,2019-07-10T10:55:52Z,-8.610368587028491,exp_zhao18
ACJ,NB,2019-07-10,4,NEE,2,ok,330,-0.22249800206581954,25.987692307692328,0.6739137428590769,2019-07-10T10:59:36Z,-9.319899283618927,exp_zhao18
ACJ,NB,2019-07-10,4,NEE,3,ok,331,-0.21664275238868547,25.972571428571428,0.6739092962815714,2019-07-10T11:03:20Z,-9.07503598972327,exp_zhao18
ACJ,NB,2019-07-10,4,NEE,4,ok,332,-0.21469080895497789,25.908142857142877,0.6738543105548571,2019-07-10T11:07:03Z,-8.994473796814379,exp_zhao18
ACJ,NB,2019-07-10,4,Reco,1,ok,333,0.009596543832300714,25.668615384615407,0.6738651558658462,2019-07-10T11:14:55Z,0.40237605874837024,exp_zhao18
QUE,B,2019-07-11,1,NEE,1,zero,334,0,24.908714285714268,0.6356561491735715,2019-07-11T10:17:40Z,0,exp_zhao18
QUE,B,2019-07-11,1,NEE,2,zero,335,0,25.573399999999992,0.6356240036718,2019-07-11T10:20:51Z,0,exp_zhao18
QUE,B,2019-07-11,1,NEE,3,ok,336,-0.051352192299776604,26.25342857142857,0.6355969337755715,2019-07-11T10:24:09Z,-2.0269168956559587,exp_zhao18
QUE,B,2019-07-11,1,NEE,4,ok,337,-0.15040052305838292,26.81937499999998,0.6355924838089063,2019-07-11T10:27:24Z,-5.925201320033788,exp_zhao18
QUE,B,2019-07-11,1,Reco,1,ok,338,0.04372998004842715,27.483799999999974,0.6356042652058,2019-07-11T10:31:57Z,1.7190171337743883,exp_zhao18
QUE,B,2019-07-11,2,NEE,1,ok,339,-0.0983441818404894,28.441666666666663,0.6353827158783334,2019-07-11T10:38:31Z,-3.8522694865306195,exp_zhao18
QUE,B,2019-07-11,2,NEE,2,zero,340,0,28.93064516129033,0.6353462006809678,2019-07-11T10:41:50Z,0,exp_zhao18
QUE,B,2019-07-11,2,NEE,3,ok,341,-0.10626579069273584,29.428615384615398,0.6353189684549231,2019-07-11T10:45:22Z,-4.148575503539338,exp_zhao18
QUE,B,2019-07-11,2,NEE,4,zero,342,0,29.83914285714286,0.6352980370047143,2019-07-11T10:48:25Z,0,exp_zhao18
QUE,B,2019-07-11,2,Reco,1,ok,343,0.007612904547168835,30.77653061224487,0.6352885705975511,2019-07-11T10:57:01Z,0.29587259700546575,exp_zhao18
QUE,B,2019-07-11,3,NEE,1,ok,344,-0.08826223353171195,31.596714285714256,0.6346269291607143,2019-07-11T11:06:38Z,-3.4174825664806425,exp_zhao18
QUE,B,2019-07-11,3,NEE,2,ok,345,-0.015115496650079746,31.670000000000016,0.6345863948108929,2019-07-11T11:09:59Z,-0.5850886172940702,exp_zhao18
QUE,B,2019-07-11,3,NEE,3,ok,346,-0.03977247438788973,31.744264705882358,0.6345481411661764,2019-07-11T11:13:14Z,-1.5390398381940846,exp_zhao18
QUE,B,2019-07-11,3,NEE,4,ok,347,-0.04931754686103995,31.807027027027004,0.6344769854083784,2019-07-11T11:16:29Z,-1.907790245403441,exp_zhao18
QUE,B,2019-07-11,3,Reco,1,ok,348,0.025760542396224884,31.893428571428558,0.6344704313231428,2019-07-11T11:26:32Z,0.996223188314262,exp_zhao18
QUE,B,2019-07-11,4,NEE,1,ok,349,-0.09835685662458221,30.72414285714285,0.6342744565535714,2019-07-11T11:34:04Z,-3.81715719839903,exp_zhao18
QUE,B,2019-07-11,4,NEE,2,zero,350,0,30.41828571428573,0.6342533081971428,2019-07-11T11:37:16Z,0,exp_zhao18
QUE,B,2019-07-11,4,NEE,3,zero,351,0,30.17742857142855,0.6342927851291428,2019-07-11T11:40:35Z,0,exp_zhao18
QUE,B,2019-07-11,4,NEE,4,zero,352,0,29.934000000000026,0.634248950354,2019-07-11T11:44:02Z,0,exp_zhao18
QUE,B,2019-07-11,4,Reco,1,ok,353,0.022971629320877124,29.645483870967723,0.6341762190269354,2019-07-11T11:48:12Z,0.8945493167364305,exp_zhao18
QUE,B,2019-07-11,5,NEE,1,ok,354,-0.06428775688652304,29.525846153846146,0.634035968164923,2019-07-11T11:56:48Z,-2.5038962679770806,exp_zhao18
QUE,B,2019-07-11,5,NEE,2,zero,355,0,25.883636363636356,0.6338739194999999,2019-07-11T12:28:33Z,0,exp_zhao18
QUE,B,2019-07-11,5,NEE,3,zero,356,0,25.79314285714287,0.6338247015068571,2019-07-11T12:32:05Z,0,exp_zhao18
QUE,B,2019-07-11,5,NEE,4,ok,357,-0.0693230220898555,25.839999999999975,0.633832984613125,2019-07-11T12:35:39Z,-2.732420845101604,exp_zhao18
QUE,B,2019-07-11,5,Reco,1,ok,358,0.018846378069446508,25.95016666666669,0.6337577317115,2019-07-11T12:39:43Z,0.7424828802797215,exp_zhao18
ACJ,C,2019-07-12,1,NEE,1,ok,359,-0.33905269930199466,19.426716417910427,0.6668729119291044,2019-07-12T09:51:19Z,-14.368864566958173,exp_zhao18
ACJ,C,2019-07-12,1,Reco,1,ok,360,0.06124328656941712,20.046530612244908,0.6668560172932653,2019-07-12T09:55:51Z,2.589903996024788,exp_zhao18
ACJ,C,2019-07-12,2,NEE,1,ok,361,-0.34687348823257946,21.007343750000018,0.6667006146384374,2019-07-12T10:04:07Z,-14.617536862343057,exp_zhao18
ACJ,C,2019-07-12,2,Reco,1,ok,362,0.12570487995798446,21.81400000000002,0.6667146254245714,2019-07-12T10:12:38Z,5.282932179567646,exp_zhao18
ACJ,C,2019-07-12,4,NEE,1,ok,363,-0.06974834898418925,22.454857142857122,0.6665454385731427,2019-07-12T10:21:29Z,-2.9241796909612883,exp_zhao18
ACJ,C,2019-07-12,4,Reco,1,ok,364,0.01178032419092613,22.65869565217389,0.666560845201884,2019-07-12T10:25:48Z,0.4935578167421067,exp_zhao18
ACJ,C,2019-07-12,5,NEE,1,zero,365,0,23.062615384615356,0.6664191991532307,2019-07-12T10:34:59Z,0,exp_zhao18
ACJ,C,2019-07-12,5,Reco,1,ok,366,0.022393482576808017,23.254696969696965,0.6663765935133332,2019-07-12T10:41:59Z,0.9360697731215227,exp_zhao18
ACJ,C,2019-07-12,3,NEE,1,ok,367,-0.1952290996984566,23.372121212121215,0.666581454865,2019-07-12T10:51:18Z,-8.160046053946033,exp_zhao18
ACJ,C,2019-07-12,3,NEE,2,ok,368,-0.1817552787505597,23.395142857142844,0.6664819935038571,2019-07-12T10:56:06Z,-7.595153720450264,exp_zhao18
ACJ,C,2019-07-12,3,NEE,3,ok,369,-0.1593875991313074,23.40283582089552,0.6665017109267164,2019-07-12T10:59:19Z,-6.660481797790551,exp_zhao18
ACJ,C,2019-07-12,3,NEE,4,ok,370,-0.049822739873249595,23.407428571428568,0.666508781422,2019-07-12T11:02:51Z,-2.0819802474735383,exp_zhao18
ACJ,C,2019-07-12,3,Reco,1,ok,371,-0.02452819645619306,23.402571428571434,0.6664340572292856,2019-07-12T11:06:38Z,-1.0248800384550738,exp_zhao18
WAY,C,2019-07-13,1,NEE,1,ok,372,-0.34249442011535147,18.55967741935484,0.6986477795053225,2019-07-13T09:15:11Z,-15.251511135875429,exp_zhao18
WAY,C,2019-07-13,1,NEE,2,ok,373,-0.23784166590064804,19.223285714285737,0.698603527138,2019-07-13T09:18:28Z,-10.566543697552113,exp_zhao18
WAY,C,2019-07-13,1,NEE,3,zero,374,0,19.93230769230769,0.6985989721073845,2019-07-13T09:21:53Z,0,exp_zhao18
WAY,C,2019-07-13,1,NEE,4,zero,375,0,21.614142857142838,0.6985414919591428,2019-07-13T09:30:14Z,0,exp_zhao18
WAY,C,2019-07-13,1,Reco,1,ok,376,0.08206442426896801,22.457857142857165,0.6985485414112856,2019-07-13T09:34:25Z,3.60568242975248,exp_zhao18
WAY,C,2019-07-13,2,NEE,1,ok,377,-0.2938257310068104,23.717424242424272,0.6983873012149999,2019-07-13T09:41:28Z,-12.852142867501222,exp_zhao18
WAY,C,2019-07-13,2,NEE,2,ok,378,-0.1257457752751593,24.302714285714274,0.6983398776278571,2019-07-13T09:44:28Z,-5.489012739349407,exp_zhao18
WAY,C,2019-07-13,2,NEE,3,ok,379,-0.1807585688628816,24.901857142857125,0.6983004006958571,2019-07-13T09:47:36Z,-7.874106471259488,exp_zhao18
WAY,C,2019-07-13,2,NEE,4,zero,380,0,25.481093750000014,0.6982837023060937,2019-07-13T09:50:32Z,0,exp_zhao18
WAY,C,2019-07-13,2,Reco,1,ok,381,0.012254941038370548,26.234328358208927,0.6982762221271641,2019-07-13T09:54:22Z,0.531448696827422,exp_zhao18
WAY,C,2019-07-13,3,NEE,1,ok,382,-0.29964546395414726,27.480615384615362,0.6981298039539999,2019-07-13T10:01:32Z,-12.937864859958806,exp_zhao18
WAY,C,2019-07-13,3,NEE,2,ok,383,-0.24428250821848485,28.0282608695652,0.6981552637144928,2019-07-13T10:04:43Z,-10.52865016860413,exp_zhao18
WAY,C,2019-07-13,3,NEE,3,ok,384,-0.19049196364530824,28.630735294117642,0.6981074530439706,2019-07-13T10:07:59Z,-8.193309312151335,exp_zhao18
WAY,C,2019-07-13,3,NEE,4,ok,385,-0.17904863056487363,29.174423076923063,0.6981058900432692,2019-07-13T10:11:15Z,-7.687249959176246,exp_zhao18
WAY,C,2019-07-13,3,Reco,1,ok,386,0.11722658636078148,30.041323529411784,0.6979869903470588,2019-07-13T10:16:07Z,5.017745236212727,exp_zhao18
WAY,C,2019-07-13,5,NEE,1,ok,387,-0.17386934766992054,31.081641791044774,0.697539712201791,2019-07-13T10:24:41Z,-7.4120699820299345,exp_zhao18
WAY,C,2019-07-13,5,NEE,2,ok,388,-0.25361249431960153,31.439999999999998,0.69754505189875,2019-07-13T10:27:49Z,-10.798891969172614,exp_zhao18
WAY,C,2019-07-13,5,NEE,3,zero,389,0,31.88941176470587,0.6974659528989706,2019-07-13T10:31:35Z,0,exp_zhao18
WAY,C,2019-07-13,5,NEE,4,ok,390,-0.05016269698616968,32.29649122807018,0.6973877068901755,2019-07-13T10:35:00Z,-2.12947210260479,exp_zhao18
WAY,C,2019-07-13,5,Reco,1,ok,391,0.10602883986339484,32.86206896551721,0.6973208671663793,2019-07-13T10:39:49Z,4.492313389489368,exp_zhao18
WAY,C,2019-07-13,4,NEE,1,ok,392,-0.17275073830190646,33.89590163934429,0.6974004514562295,2019-07-13T10:50:36Z,-7.295427754847134,exp_zhao18
WAY,C,2019-07-13,4,Reco,1,ok,393,0.07788903553182797,34.2020588235294,0.6972990467526471,2019-07-13T10:54:12Z,3.28557360376764,exp_zhao18
WAY,B,2019-07-13,1,NEE,1,zero,394,0,33.06585714285711,0.7010708353880001,2019-07-13T11:39:03Z,0,exp_zhao18
WAY,B,2019-07-13,1,NEE,2,ok,395,-0.11040719844330367,33.21957142857144,0.7011032628678572,2019-07-13T11:42:24Z,-4.697704326620807,exp_zhao18
WAY,B,2019-07-13,1,NEE,3,ok,396,-0.20717811878001835,33.24000000000001,0.7010666057167144,2019-07-13T11:47:04Z,-8.814151458260987,exp_zhao18
WAY,B,2019-07-13,1,NEE,4,zero,397,0,33.36400000000003,0.7010440474698573,2019-07-13T11:50:38Z,0,exp_zhao18
WAY,B,2019-07-13,1,Reco,1,ok,398,0.14853777229700932,33.774,0.7009312562355715,2019-07-13T11:56:42Z,6.30715367955314,exp_zhao18
WAY,B,2019-07-13,2,NEE,1,ok,399,-0.2699309870761115,34.36314285714286,0.7007578397128572,2019-07-13T12:05:31Z,-11.43691664107934,exp_zhao18
WAY,B,2019-07-13,2,NEE,2,ok,400,-0.24897521757501895,34.491967213114776,0.7007025997436065,2019-07-13T12:12:31Z,-10.543776689990795,exp_zhao18
WAY,B,2019-07-13,2,NEE,3,ok,401,-0.14240480195173338,34.60871428571431,0.700646458369,2019-07-13T12:18:22Z,-6.027887466380194,exp_zhao18
WAY,B,2019-07-13,2,NEE,4,ok,402,-0.10811678926151573,34.64871428571428,0.7005886528614285,2019-07-13T12:21:43Z,-4.5755295790754325,exp_zhao18
WAY,B,2019-07-13,2,Reco,1,ok,403,0.08767337102170278,34.73414285714284,0.7005787836284285,2019-07-13T12:26:09Z,3.709277236605148,exp_zhao18
WAY,B,2019-07-13,3,NEE,1,zero,404,0,34.61442857142856,0.7001163395678571,2019-07-13T12:34:50Z,0,exp_zhao18
WAY,B,2019-07-13,3,Reco,1,ok,405,0.05151923613965813,34.53857142857146,0.7001008307731428,2019-07-13T12:38:56Z,2.1795687501744108,exp_zhao18
WAY,B,2019-07-13,4,NEE,1,zero,406,0,34.29714285714283,0.6998857217763265,2019-07-13T12:54:13Z,0,exp_zhao18
WAY,B,2019-07-13,4,Reco,1,ok,407,0.036822464893239745,34.12619999999998,0.6998016520242,2019-07-13T13:01:45Z,1.559232313350154,exp_zhao18
WAY,B,2019-07-13,5,NEE,1,ok,408,-0.3670788458605533,34.04649999999998,0.6996595350689999,2019-07-13T13:08:46Z,-15.544679817982326,exp_zhao18
WAY,B,2019-07-13,5,Reco,1,ok,409,0.06471759092644133,33.971714285714256,0.69959045043799994,2019-07-13T13:12:40Z,2.740991076244851,exp_zhao18
TRE,B,2019-07-14,1,NEE,1,ok,410,-0.255347227504684,19.08785714285716,0.6571485188667143,2019-07-14T09:54:28Z,-10.676038594507329,exp_zhao18
TRE,B,2019-07-14,1,NEE,2,zero,411,0,20.024285714285725,0.6570596957697142,2019-07-14T09:57:48Z,0,exp_zhao18
TRE,B,2019-07-14,1,NEE,3,ok,412,-0.25967808473298243,20.987142857142885,0.657014579276,2019-07-14T10:01:16Z,-10.784806718710598,exp_zhao18
TRE,B,2019-07-14,1,NEE,4,ok,413,-0.2985350860891073,22.062714285714264,0.6570131693855714,2019-07-14T10:05:13Z,-12.353394955568255,exp_zhao18
TRE,B,2019-07-14,1,Reco,1,discard,414,NA,24.136666666666656,0.6569253906518518,2019-07-14T10:13:34Z,NA,exp_zhao18
TRE,B,2019-07-14,3,NEE,1,ok,415,-0.06043166152577478,26.69799999999998,0.6566339088602857,2019-07-14T10:31:41Z,-2.460586372568338,exp_zhao18
TRE,B,2019-07-14,3,Reco,1,ok,416,0.046100214752929636,26.829999999999984,0.6566169901751429,2019-07-14T10:35:15Z,1.8761808267169513,exp_zhao18
TRE,B,2019-07-14,4,NEE,1,ok,417,-0.032565028051937006,26.988928571428573,0.65656306186625,2019-07-14T10:43:36Z,-1.3245169005635242,exp_zhao18
TRE,B,2019-07-14,4,Reco,1,ok,418,0.08238563783633901,27.143399999999986,0.6565270391658,2019-07-14T10:50:06Z,3.348962373896612,exp_zhao18
TRE,B,2019-07-14,5,NEE,1,ok,419,-0.09839147523957603,27.398000000000025,0.6564280648577143,2019-07-14T10:56:45Z,-3.9956064009570738,exp_zhao18
TRE,B,2019-07-14,5,Reco,1,ok,420,0.04198046786749525,27.527857142857158,0.656422425296,2019-07-14T11:00:12Z,1.7040454226672406,exp_zhao18
ACJ,C,2019-11-20,1,NEE,1,ok,421,-0.23479012101276864,23.36714285714288,0.6677071882862857,2019-11-20T12:16:45Z,-9.830327672110048,exp_zhao18
ACJ,C,2019-11-20,1,Reco,1,ok,422,-0.007272517675323255,23.46085714285715,0.667604266285,2019-11-20T12:23:58Z,-0.3043468243742997,exp_zhao18
ACJ,C,2019-11-20,2,NEE,1,ok,423,-0.08944531231576569,23.36828571428572,0.6675098036262856,2019-11-20T12:31:46Z,-3.7438262271648473,exp_zhao18
ACJ,C,2019-11-20,2,Reco,1,ok,424,0.08002768084827228,23.408863636363662,0.6674584707974999,2019-11-20T12:35:11Z,3.3489256161496517,exp_zhao18
ACJ,C,2019-11-20,3,NEE,1,ok,425,-0.5209920217539104,23.956888888888898,0.6671820824288888,2019-11-20T12:47:41Z,-21.75277437551328,exp_zhao18
ACJ,C,2019-11-20,3,Reco,1,ok,426,0.10058659617418714,24.227575757575778,0.6671765995216666,2019-11-20T12:50:56Z,4.195895181244182,exp_zhao18
ACJ,C,2019-11-20,4,NEE,1,ok,427,-0.133965276749208,24.684571428571417,0.6669218793175713,2019-11-20T12:57:25Z,-5.577557203457177,exp_zhao18
ACJ,C,2019-11-20,4,Reco,1,ok,428,0.12791673204589069,25.066285714285698,0.6668499749057142,2019-11-20T13:03:49Z,5.318339627939565,exp_zhao18
ACJ,C,2019-11-20,5,NEE,1,ok,429,-0.3826043699016495,25.27819999999997,0.6667476168605999,2019-11-20T13:14:01Z,-15.893643533499253,exp_zhao18
ACJ,C,2019-11-20,5,Reco,1,ok,430,0.10685728401261822,25.43685714285715,0.6666610495882856,2019-11-20T13:18:44Z,4.43598894771811,exp_zhao18
TRE,C,2019-11-21,1,NEE,1,ok,431,-0.18214664018816706,19.213714285714275,0.6497621029114286,2019-11-21T09:32:29Z,-7.526689520402758,exp_zhao18
TRE,C,2019-11-21,1,Reco,1,ok,432,0.20168872536957316,19.54442857142857,0.649731085322,2019-11-21T09:35:42Z,8.32439616869799,exp_zhao18
TRE,C,2019-11-21,2,NEE,1,ok,433,-0.26101510887759355,20.053428571428583,0.649681739157,2019-11-21T09:44:12Z,-10.7534839828477,exp_zhao18
TRE,C,2019-11-21,2,Reco,1,ok,434,0.13842759687066286,20.22800000000001,0.6496760995952857,2019-11-21T09:47:26Z,5.699594461384508,exp_zhao18
TRE,C,2019-11-21,3,NEE,1,ok,435,-0.3959370325492408,21.138428571428562,0.649622523759,2019-11-21T09:56:25Z,-16.250470586336487,exp_zhao18
TRE,C,2019-11-21,3,Reco,1,ok,436,0.1740523403466338,21.595571428571418,0.649556258908857,2019-11-21T09:59:28Z,7.131834891449232,exp_zhao18
TRE,C,2019-11-21,4,NEE,1,ok,437,-0.0029803659011672368,22.654999999999973,0.6494293687702857,2019-11-21T10:08:06Z,-0.12166003290280997,exp_zhao18
TRE,C,2019-11-21,4,Reco,1,ok,438,0.18446312429298506,23.133142857142843,0.6494166797564285,2019-11-21T10:11:27Z,7.517578744526582,exp_zhao18
TRE,C,2019-11-21,5,NEE,1,zero,439,0,24.07499999999999,0.6492799203848572,2019-11-21T10:19:23Z,0,exp_zhao18
TRE,C,2019-11-21,5,Reco,1,ok,440,0.007711797411802251,24.293124999999975,0.649241324634375,2019-11-21T10:22:19Z,0.312975081920716,exp_zhao18
ACJ,NB,2019-11-23,1,NEE,1,zero,441,0,16.22733333333332,0.6728300251585,2019-11-23T09:41:14Z,0,exp_zhao18
ACJ,NB,2019-11-23,1,Reco,1,ok,442,0.20296798632966723,16.434000000000026,0.6727616454727143,2019-11-23T09:43:56Z,8.76730538287682,exp_zhao18
ACJ,NB,2019-11-23,2,NEE,1,ok,443,-0.002367037427350605,17.4349230769231,0.6727582834263077,2019-11-23T09:55:09Z,-0.10189269076780794,exp_zhao18
ACJ,NB,2019-11-23,2,Reco,1,ok,444,0.10525455478235007,17.696515151515143,0.6726405657916666,2019-11-23T09:58:40Z,4.525973627325747,exp_zhao18
ACJ,NB,2019-11-23,3,NEE,1,ok,445,-0.17685380138261442,18.215641025641048,0.6725831678048718,2019-11-23T10:08:17Z,-7.59056295350145,exp_zhao18
ACJ,NB,2019-11-23,3,Reco,1,ok,446,0.15617037962755068,18.46333333333331,0.6725912196266667,2019-11-23T10:11:30Z,6.697217632817172,exp_zhao18
ACJ,NB,2019-11-23,4,NEE,1,ok,447,-0.3399147244760252,18.898000000000025,0.672536191176,2019-11-23T10:20:30Z,-14.554032186637258,exp_zhao18
ACJ,NB,2019-11-23,4,Reco,1,ok,448,0.1826770046916414,19.039571428571435,0.6725741300457143,2019-11-23T10:23:01Z,7.818280698856953,exp_zhao18
ACJ,NB,2019-11-23,5,NEE,1,zero,449,0,20.38557142857144,0.6724430102358572,2019-11-23T10:38:48Z,0,exp_zhao18
ACJ,NB,2019-11-23,5,Reco,1,ok,450,0.12480563748475373,20.557000000000016,0.6724514695784286,2019-11-23T10:41:46Z,5.312913954515298,exp_zhao18
ACJ,B,2019-11-23,1,NEE,1,ok,451,-0.3400771700995324,19.44553846153849,0.6707555882990769,2019-11-23T11:11:38Z,-14.495259935047898,exp_zhao18
ACJ,B,2019-11-23,1,Reco,1,ok,452,0.3369341780574099,19.50999999999999,0.6707046153374285,2019-11-23T11:14:47Z,14.357040438971577,exp_zhao18
ACJ,B,2019-11-23,2,Reco,1,ok,453,0.19469090370743303,20.25728571428573,0.6705114603487143,2019-11-23T11:30:14Z,8.272426213155356,exp_zhao18
ACJ,B,2019-11-23,2,NEE,1,zero,454,0,20.41428571428571,0.6705030010061429,2019-11-23T11:33:43Z,0,exp_zhao18
ACJ,B,2019-11-23,3,NEE,1,ok,455,-0.0181817451152132,20.613076923076903,0.6703562639484615,2019-11-23T11:39:09Z,-0.7714289951703728,exp_zhao18
ACJ,B,2019-11-23,3,Reco,1,ok,456,0.08708633524443832,20.62828571428571,0.6702421712768571,2019-11-23T11:41:39Z,3.6941455470564377,exp_zhao18
ACJ,B,2019-11-23,4,NEE,1,ok,457,-0.08340698596419527,20.68342857142858,0.6700941327818571,2019-11-23T11:47:37Z,-3.5366246529254877,exp_zhao18
ACJ,B,2019-11-23,4,Reco,1,ok,458,0.06595906841607703,20.792714285714283,0.6700236382604285,2019-11-23T11:50:31Z,2.7954637663267925,exp_zhao18
ACJ,B,2019-11-23,5,NEE,1,zero,459,0,21.099272727272705,0.669910975198,2019-11-23T11:57:26Z,0,exp_zhao18
ACJ,B,2019-11-23,5,Reco,1,ok,460,0.08199679316854205,21.190428571428583,0.669814974477,2019-11-23T12:00:23Z,3.469394870532667,exp_zhao18
TRE,B,2019-11-24,1,NEE,1,ok,461,-0.20368926705679374,16.663142857142873,0.6562602878967143,2019-11-24T09:28:28Z,-8.575868701540088,exp_zhao18
TRE,B,2019-11-24,1,Reco,1,ok,462,0.10454631297046929,17.64685714285713,0.656165825238,2019-11-24T09:35:13Z,4.3861608070157585,exp_zhao18
TRE,B,2019-11-24,2,NEE,1,ok,463,-0.0709297272875754,18.624666666666656,0.6561115444565,2019-11-24T09:42:52Z,-2.965584598290208,exp_zhao18
TRE,B,2019-11-24,2,Reco,1,ok,464,0.08554934872406184,19.071285714285693,0.65610660984,2019-11-24T09:46:20Z,3.5713400420251356,exp_zhao18
TRE,B,2019-11-24,3,NEE,1,ok,465,-0.18063265602521472,19.9002857142857,0.6559613911258572,2019-11-24T09:52:33Z,-7.517688502190537,exp_zhao18
TRE,B,2019-11-24,3,Reco,1,ok,466,0.08565901768674211,20.329857142857122,0.6560050977291428,2019-11-24T09:56:22Z,3.5600322698525315,exp_zhao18
TRE,B,2019-11-24,4,NEE,1,ok,467,-0.04881118976369505,20.864571428571423,0.655978309811,2019-11-24T10:03:10Z,-2.024845765327286,exp_zhao18
TRE,B,2019-11-24,4,Reco,1,ok,468,0.1514071141509773,21.07499999999999,0.6559571614545714,2019-11-24T10:06:41Z,6.276161606624041,exp_zhao18
TRE,B,2019-11-24,5,NEE,1,ok,469,-0.10773638855072973,21.489142857142838,0.6559162746321429,2019-11-24T10:13:42Z,-4.459357674031814,exp_zhao18
TRE,B,2019-11-24,5,Reco,1,ok,470,0.09583940737045155,21.640735294117633,0.6559280928313235,2019-11-24T10:16:41Z,3.9649567160469243,exp_zhao18
PIL,C,2019-11-25,1,NEE,1,ok,471,-0.25748015349969267,23.858000000000004,0.6518120835945715,2019-11-25T09:12:03Z,-10.506303664250028,exp_zhao18
PIL,C,2019-11-25,1,Reco,1,ok,472,0.16117066460224472,24.57642857142855,0.6518078539232858,2019-11-25T09:15:16Z,6.560548158474267,exp_zhao18
PIL,C,2019-11-25,2,NEE,1,ok,473,-0.25479415637655833,26.09114285714287,0.651741589073143,2019-11-25T09:20:53Z,-10.317999999283256,exp_zhao18
PIL,C,2019-11-25,2,Reco,1,ok,474,0.13235281107199215,28.887571428571448,0.6515202362758572,2019-11-25T09:39:36Z,5.308258200878154,exp_zhao18
PIL,C,2019-11-25,3,NEE,1,zero,475,0,29.055428571428592,0.6512918340264285,2019-11-25T09:47:18Z,0,exp_zhao18
PIL,C,2019-11-25,3,Reco,1,ok,476,0.04866428074265567,29.04575757575759,0.65131554582,2019-11-25T09:50:10Z,1.9501378862791932,exp_zhao18
PIL,C,2019-11-25,4,NEE,1,ok,477,-0.0721734001416918,29.088571428571413,0.6510592021057142,2019-11-25T09:57:13Z,-2.8906778136189293,exp_zhao18
PIL,C,2019-11-25,4,Reco,1,ok,478,0.0718208647719058,29.109285714285704,0.6510606119961427,2019-11-25T10:00:00Z,2.876367215718311,exp_zhao18
PIL,C,2019-11-25,5,NEE,1,zero,479,0,29.052461538461557,0.6507316737138461,2019-11-25T10:06:47Z,0,exp_zhao18
PIL,C,2019-11-25,5,Reco,1,ok,480,0.10192144392742125,28.95685714285713,0.6507194185124285,2019-11-25T10:09:50Z,4.081790226695836,exp_zhao18
PIL,B,2019-11-25,1,NEE,1,ok,481,-0.38761234215921,28.377428571428595,0.6499693568044286,2019-11-25T10:20:12Z,-15.535154790476716,exp_zhao18
PIL,B,2019-11-25,1,Reco,1,ok,482,0.14302396254807548,28.478999999999985,0.6499961447225714,2019-11-25T10:23:04Z,5.730577923503514,exp_zhao18
PIL,B,2019-11-25,2,NEE,1,ok,483,-0.06345862898773552,28.648000000000025,0.6497886558478333,2019-11-25T10:28:52Z,-2.540378230055893,exp_zhao18
PIL,B,2019-11-25,2,Reco,1,ok,484,0.16554267245302057,28.61642857142857,0.6497296754315713,2019-11-25T10:31:47Z,6.627102253953233,exp_zhao18
PIL,B,2019-11-25,3,NEE,1,zero,485,0,28.530681818181847,0.649534597865,2019-11-25T10:39:10Z,0,exp_zhao18
PIL,B,2019-11-25,3,Reco,1,ok,486,0.06839376466958225,28.413857142857125,0.6494956336204285,2019-11-25T10:42:28Z,2.7388319510488324,exp_zhao18
PIL,B,2019-11-25,4,Reco,1,ok,487,0.07259914276495652,28.148428571428553,0.6492926093987142,2019-11-25T10:55:44Z,2.908888101926021,exp_zhao18
PIL,B,2019-11-25,4,NEE,1,ok,488,0.005690600551861921,27.63771428571431,0.6493081181934285,2019-11-25T11:06:47Z,0.22840245660345218,exp_zhao18
PIL,B,2019-11-25,5,Reco,1,ok,489,0.19188110982875944,27.18942857142855,0.6491417511228571,2019-11-25T11:16:04Z,7.711011379187899,exp_zhao18
PIL,B,2019-11-25,5,NEE,1,ok,490,-0.14922964445300035,25.739142857142838,0.6489302675585714,2019-11-25T11:42:16Z,-6.024138185923253,exp_zhao18
WAY,B,2019-11-26,1,NEE,1,ok,491,-0.07747528788249679,20.379777777777804,0.6992329648871111,2019-11-26T08:42:04Z,-3.4315067476295322,exp_zhao18
WAY,B,2019-11-26,1,Reco,1,ok,492,0.2235132798134769,21.574285714285736,0.6992464371734285,2019-11-26T08:45:25Z,9.859833914801793,exp_zhao18
WAY,B,2019-11-26,2,NEE,1,discard,493,NA,23.516285714285686,0.6989997063484286,2019-11-26T08:53:25Z,NA,exp_zhao18
WAY,B,2019-11-26,2,Reco,1,ok,494,0.19695225115029175,24.325652173913056,0.698947663001739,2019-11-26T08:56:46Z,8.604113102159417,exp_zhao18
WAY,B,2019-11-26,3,NEE,1,ok,495,-0.2906428576713256,26.057999999999993,0.6986809626584615,2019-11-26T09:03:03Z,-12.618777810281333,exp_zhao18
WAY,B,2019-11-26,3,Reco,1,ok,496,0.26683921197778215,26.794714285714292,0.69864300407,2019-11-26T09:06:13Z,11.556216794596244,exp_zhao18
WAY,B,2019-11-26,4,NEE,1,ok,497,-0.17499999317819842,28.307428571428545,0.6983976831354285,2019-11-26T09:13:22Z,-7.538184471306432,exp_zhao18
WAY,B,2019-11-26,4,Reco,1,ok,498,0.11936533101615865,28.92028571428574,0.6983314182852857,2019-11-26T09:16:20Z,5.130783762893271,exp_zhao18
WAY,B,2019-11-26,5,NEE,1,ok,499,-0.19604416283538925,30.29385714285712,0.6980875072411429,2019-11-26T09:22:42Z,-8.385662156111184,exp_zhao18
WAY,B,2019-11-26,5,Reco,1,ok,500,0.21808665246576625,30.873548387096776,0.6980444828429032,2019-11-26T09:25:47Z,9.310154570644272,exp_zhao18
WAY,C,2019-11-26,1,NEE,1,ok,501,-0.3297198208114346,32.76214285714286,0.6949674197227143,2019-11-26T09:55:43Z,-13.927228912873197,exp_zhao18
WAY,C,2019-11-26,1,Reco,1,ok,502,0.22051787731066574,33.29314285714287,0.6949152537768571,2019-11-26T09:59:16Z,9.297745834737716,exp_zhao18
WAY,C,2019-11-26,2,NEE,1,ok,503,-0.3471664309991025,34.48382978723407,0.6947772045055319,2019-11-26T10:06:32Z,-14.578106653826456,exp_zhao18
WAY,C,2019-11-26,2,Reco,1,ok,504,0.09705277038374452,36.467714285714294,0.6945937987591428,2019-11-26T10:21:34Z,4.0482280341845955,exp_zhao18
WAY,C,2019-11-26,3,NEE,1,ok,505,-0.4279515396059643,36.72142857142859,0.6944612690588572,2019-11-26T10:30:16Z,-17.832532250234713,exp_zhao18
WAY,C,2019-11-26,3,Reco,1,ok,506,0.21284291674057076,36.88900000000001,0.6944697284014286,2019-11-26T10:33:36Z,8.864375072469553,exp_zhao18
WAY,C,2019-11-26,4,NEE,1,zero,507,0,37.50599999999997,0.694214410062,2019-11-26T10:44:10Z,0,exp_zhao18
WAY,C,2019-11-26,4,Reco,1,ok,508,0.1338326427077907,37.65100000000001,0.6942201777955714,2019-11-26T10:47:08Z,5.55813138377961,exp_zhao18
WAY,C,2019-11-26,5,NEE,1,ok,509,-0.2527269760449615,37.58757142857144,0.6941130261230001,2019-11-26T10:53:09Z,-10.496389983525281,exp_zhao18
WAY,C,2019-11-26,5,Reco,1,ok,510,0.12778904153798593,37.475714285714275,0.6940978698008928,2019-11-26T10:56:24Z,5.309197109617425,exp_zhao18
QUE,B,2019-11-27,1,NEE,1,zero,511,0,20.189076923076925,0.6353660371046155,2019-11-27T10:03:35Z,0,exp_zhao18
QUE,B,2019-11-27,1,NEE,2,ok,512,-0.20746979689973344,20.658571428571406,0.6353502029505714,2019-11-27T10:06:21Z,-8.341718363637073,exp_zhao18
QUE,B,2019-11-27,1,NEE,3,zero,513,0,21.417142857142835,0.6353135457994287,2019-11-27T10:11:07Z,0,exp_zhao18
QUE,B,2019-11-27,1,NEE,4,ok,514,-0.07516160145344927,21.791571428571444,0.6353375139367143,2019-11-27T10:13:50Z,-3.0103463409761817,exp_zhao18
QUE,B,2019-11-27,1,Reco,1,ok,515,0.09101391745157728,22.19485714285713,0.6353163655802858,2019-11-27T10:17:16Z,3.6401591143494976,exp_zhao18
QUE,B,2019-11-27,2,NEE,1,zero,516,0,24.415918367346933,0.6351274402628571,2019-11-27T10:46:46Z,0,exp_zhao18
QUE,B,2019-11-27,2,Reco,1,ok,517,0.01280213958294546,24.531200000000013,0.6351186989422,2019-11-27T10:49:51Z,0.5078529497246432,exp_zhao18
QUE,B,2019-11-27,3,NEE,1,ok,518,0.024410460815975425,25.009142857142876,0.6346974236821428,2019-11-27T10:57:48Z,0.9661543463291689,exp_zhao18
QUE,B,2019-11-27,3,Reco,1,ok,519,0.03686112724048048,25.038999999999987,0.6347580489705713,2019-11-27T11:00:58Z,1.4589390200007797,exp_zhao18
QUE,B,2019-11-27,4,NEE,1,zero,520,0,25.20085714285716,0.6345113181455714,2019-11-27T11:06:45Z,0,exp_zhao18
QUE,B,2019-11-27,4,Reco,1,ok,521,0.04664281383826001,25.32882352941175,0.6344886354966176,2019-11-27T11:10:00Z,1.8435163579881295,exp_zhao18
QUE,B,2019-11-27,5,NEE,1,ok,522,-0.19175462641939484,25.68885714285716,0.6343195730472857,2019-11-27T11:16:00Z,-7.567785713061825,exp_zhao18
QUE,B,2019-11-27,5,NEE,2,ok,523,-0.1663596341639022,25.898571428571415,0.634285735677,2019-11-27T11:19:35Z,-6.560593041533518,exp_zhao18
QUE,B,2019-11-27,5,NEE,3,ok,524,-0.05760587441443299,26.117428571428547,0.6342885554578571,2019-11-27T11:22:27Z,-2.2701059469100056,exp_zhao18
QUE,B,2019-11-27,5,NEE,4,ok,525,-0.028244140844954718,26.363800000000026,0.6342956049099999,2019-11-27T11:25:05Z,-1.1121289938169405,exp_zhao18
QUE,B,2019-11-27,5,Reco,1,ok,526,0.019702001814790555,26.631428571428557,0.6343040642525714,2019-11-27T11:28:15Z,0.7750952112257317,exp_zhao18
WAY,B,2020-03-12,1,NEE,1,start_error,527,NA,-66.19299999999998,0.700478681408,2020-03-12T09:13:37Z,NA,exp_zhao18
WAY,B,2020-03-12,1,Reco,1,start_error,528,NA,-66.20685714285713,0.7004829110792856,2020-03-12T09:18:56Z,NA,exp_zhao18
WAY,B,2020-03-12,2,NEE,1,start_error,529,NA,-66.233,0.7003517912694285,2020-03-12T09:31:02Z,NA,exp_zhao18
WAY,B,2020-03-12,2,Reco,1,start_error,530,NA,-66.21185714285713,0.700323593460857,2020-03-12T09:38:34Z,NA,exp_zhao18
WAY,B,2020-03-12,3,NEE,1,start_error,531,NA,-66.22757142857142,0.7000684032932857,2020-03-12T09:46:54Z,NA,exp_zhao18
WAY,B,2020-03-12,3,Reco,1,start_error,532,NA,-66.21285714285716,0.7001036505539999,2020-03-12T09:50:30Z,NA,exp_zhao18
WAY,B,2020-03-12,4,NEE,1,start_error,533,NA,-66.19968749999998,0.6998273120299999,2020-03-12T09:58:28Z,NA,exp_zhao18
WAY,B,2020-03-12,4,Reco,1,start_error,534,NA,-66.2146875,0.6998473589095312,2020-03-12T10:01:09Z,NA,exp_zhao18
WAY,C,2020-03-12,1,NEE,1,start_error,535,NA,-65.69171428571428,0.697310657615,2020-03-12T10:44:18Z,NA,exp_zhao18
WAY,C,2020-03-12,1,Reco,1,start_error,536,NA,-65.67842857142858,0.697300788382,2020-03-12T10:49:06Z,NA,exp_zhao18
WAY,C,2020-03-12,2,NEE,1,start_error,537,NA,-65.66042857142855,0.6969962520494286,2020-03-12T11:03:43Z,NA,exp_zhao18
WAY,C,2020-03-12,2,Reco,1,start_error,538,NA,-66.12728571428573,0.6990546920751428,2020-03-12T11:08:39Z,NA,exp_zhao18
WAY,B,2020-03-12,5,NEE,1,start_error,539,NA,-66.24157142857143,0.6995834009858571,2020-03-12T11:09:51Z,NA,exp_zhao18
WAY,B,2020-03-12,5,Reco,1,start_error,540,NA,-66.22657142857145,0.6996186482465714,2020-03-12T11:12:23Z,NA,exp_zhao18
WAY,C,2020-03-12,3,NEE,1,start_error,541,NA,-65.64128571428571,0.6967537508957143,2020-03-12T11:17:53Z,NA,exp_zhao18
WAY,C,2020-03-12,3,Reco,1,start_error,542,NA,-65.65299999999999,0.696728372868,2020-03-12T11:22:14Z,NA,exp_zhao18
WAY,C,2020-03-12,4,NEE,1,start_error,543,NA,-65.67971428571428,0.6965098398515714,2020-03-12T11:34:38Z,NA,exp_zhao18
WAY,C,2020-03-12,4,Reco,1,start_error,544,NA,-65.64642857142857,0.6965168893037142,2020-03-12T11:42:13Z,NA,exp_zhao18
WAY,C,2020-03-12,5,NEE,1,start_error,545,NA,-65.62157142857143,0.6962349112180001,2020-03-12T11:51:47Z,NA,exp_zhao18
WAY,C,2020-03-12,5,Reco,1,start_error,546,NA,-65.63999999999999,0.6961940243955714,2020-03-12T11:55:08Z,NA,exp_zhao18
TRE,B,2020-03-13,1,NEE,1,start_error,547,NA,-66.19285714285715,0.6575644365431428,2020-03-13T10:03:21Z,NA,exp_zhao18
TRE,B,2020-03-13,1,Reco,1,start_error,548,NA,-66.19957142857143,0.6575136804877142,2020-03-13T10:11:12Z,NA,exp_zhao18
TRE,B,2020-03-13,2,NEE,1,start_error,549,NA,-66.18886363636364,0.657412040205,2020-03-13T10:24:43Z,NA,exp_zhao18
TRE,B,2020-03-13,2,Reco,1,start_error,550,NA,-66.17185714285716,0.6574756134461428,2020-03-13T10:29:16Z,NA,exp_zhao18
TRE,B,2020-03-13,3,NEE,1,start_error,551,NA,-66.22440677966102,0.6573929556327118,2020-03-13T10:37:00Z,NA,exp_zhao18
TRE,B,2020-03-13,3,Reco,1,start_error,552,NA,-66.21385714285714,0.6574798431174285,2020-03-13T10:39:12Z,NA,exp_zhao18
TRE,B,2020-03-13,4,Reco,1,start_error,553,NA,-66.21385714285714,0.6575207299398571,2020-03-13T10:49:22Z,NA,exp_zhao18
TRE,B,2020-03-13,5,NEE,1,start_error,554,NA,-66.23283333333333,0.6574866575878333,2020-03-13T10:57:11Z,NA,exp_zhao18
TRE,B,2020-03-13,5,Reco,1,start_error,555,NA,-66.18573529411765,0.657526037762647,2020-03-13T11:00:34Z,NA,exp_zhao18
TRE,B,2020-03-13,4,NEE,1,start_error,556,NA,-66.21854545454545,0.655134041788,2020-03-13T13:21:36Z,NA,exp_zhao18
TRE,C,2020-03-13,4,NEE,1,start_error,557,NA,-65.69142857142856,0.6487892785157143,2020-03-13T13:25:43Z,NA,exp_zhao18
TRE,C,2020-03-13,4,Reco,1,start_error,558,NA,-65.6585714285714,0.6487512114741428,2020-03-13T13:28:47Z,NA,exp_zhao18
TRE,C,2020-03-13,5,NEE,1,start_error,559,NA,-65.64850000000001,0.6485698055723333,2020-03-13T13:35:36Z,NA,exp_zhao18
TRE,C,2020-03-13,5,Reco,1,start_error,560,NA,-65.66614285714286,0.6485608762662857,2020-03-13T13:38:19Z,NA,exp_zhao18
TRE,C,2020-03-13,3,NEE,1,start_error,561,NA,-65.65842857142857,0.6488061972008571,2020-03-13T13:45:55Z,NA,exp_zhao18
TRE,C,2020-03-13,3,Reco,1,start_error,562,NA,-65.69910447761194,0.6488033774199999,2020-03-13T13:48:41Z,NA,exp_zhao18
TRE,C,2020-03-13,2,NEE,1,start_error,563,NA,-65.65228571428571,0.648773769721,2020-03-13T13:55:39Z,NA,exp_zhao18
TRE,C,2020-03-13,2,Reco,1,start_error,564,NA,-65.65899999999999,0.6488640027084286,2020-03-13T13:59:05Z,NA,exp_zhao18
TRE,C,2020-03-13,1,NEE,1,start_error,565,NA,-65.66781818181818,0.648909247374,2020-03-13T14:09:41Z,NA,exp_zhao18
TRE,C,2020-03-13,1,Reco,1,start_error,566,NA,-65.6792857142857,0.6489048895308571,2020-03-13T14:13:06Z,NA,exp_zhao18
ACJ,C,2020-03-14,1,NEE,1,start_error,567,NA,-65.63299999999998,0.6699649868186001,2020-03-14T10:09:19Z,NA,exp_zhao18
ACJ,C,2020-03-14,1,Reco,1,start_error,568,NA,-65.65085714285715,0.6698474019568571,2020-03-14T10:17:17Z,NA,exp_zhao18
ACJ,C,2020-03-14,2,NEE,1,start_error,569,NA,-65.684,0.6697205118182857,2020-03-14T10:27:05Z,NA,exp_zhao18
ACJ,C,2020-03-14,2,NEE,2,start_error,570,NA,-65.67128571428572,0.6697205118182857,2020-03-14T10:30:32Z,NA,exp_zhao18
ACJ,NB,2020-03-14,1,NEE,1,discard,571,NA,-66.03866666666667,0.6727592956553333,2020-03-14T10:32:50Z,NA,exp_zhao18
ACJ,C,2020-03-14,2,NEE,3,start_error,572,NA,-65.67142857142858,0.6697980557918571,2020-03-14T10:33:20Z,NA,exp_zhao18
ACJ,NB,2020-03-14,1,Reco,1,discard,573,NA,-65.61228571428572,0.6697515294077143,2020-03-14T10:36:16Z,NA,exp_zhao18
ACJ,C,2020-03-14,2,NEE,4,start_error,574,NA,-65.67666666666668,0.669649390678889,2020-03-14T10:36:51Z,NA,exp_zhao18
ACJ,C,2020-03-14,2,Reco,1,start_error,575,NA,-65.69071428571428,0.6695710634328572,2020-03-14T10:40:19Z,NA,exp_zhao18
ACJ,NB,2020-03-14,2,NEE,1,start_error,576,NA,-66.20614285714288,0.6740164479541428,2020-03-14T10:43:14Z,NA,exp_zhao18
ACJ,NB,2020-03-14,2,Reco,1,start_error,577,NA,-66.25075757575758,0.6740387071333334,2020-03-14T10:46:22Z,NA,exp_zhao18
ACJ,C,2020-03-14,3,NEE,1,start_error,578,NA,-65.6792857142857,0.6693468908547143,2020-03-14T10:54:32Z,NA,exp_zhao18
ACJ,NB,2020-03-14,3,NEE,1,start_error,579,NA,-66.21328571428572,0.6739445435422857,2020-03-14T10:55:55Z,NA,exp_zhao18
ACJ,NB,2020-03-14,3,Reco,1,start_error,580,NA,-66.21957142857144,0.6739374940901429,2020-03-14T10:58:43Z,NA,exp_zhao18
ACJ,C,2020-03-14,3,Reco,1,start_error,581,NA,-65.65942857142858,0.6693158732652857,2020-03-14T11:02:16Z,NA,exp_zhao18
ACJ,NB,2020-03-14,4,NEE,1,start_error,582,NA,-66.21300000000002,0.6737302401971429,2020-03-14T11:06:25Z,NA,exp_zhao18
ACJ,NB,2020-03-14,4,Reco,1,start_error,583,NA,-66.233,0.6736978127172857,2020-03-14T11:09:03Z,NA,exp_zhao18
ACJ,C,2020-03-14,4,NEE,1,start_error,584,NA,-65.68,0.6691029798105714,2020-03-14T11:12:55Z,NA,exp_zhao18
ACJ,C,2020-03-14,4,Reco,1,start_error,585,NA,-65.66149999999999,0.6690032300627501,2020-03-14T11:16:05Z,NA,exp_zhao18
ACJ,NB,2020-03-14,5,NEE,1,start_error,586,NA,-65.88499999999999,0.6708159966812858,2020-03-14T11:16:45Z,NA,exp_zhao18
ACJ,NB,2020-03-14,5,Reco,1,start_error,587,NA,-66.17829787234041,0.6734806595936169,2020-03-14T11:20:31Z,NA,exp_zhao18
ACJ,C,2020-03-14,5,NEE,1,start_error,588,NA,-65.66557142857141,0.6687547368747143,2020-03-14T11:29:55Z,NA,exp_zhao18
ACJ,C,2020-03-14,5,Reco,1,start_error,589,NA,-65.61890625000001,0.6686621246971876,2020-03-14T11:33:38Z,NA,exp_zhao18
ACJ,B,2020-03-14,1,NEE,1,start_error,590,NA,-66.24236363636362,0.670469035464,2020-03-14T13:08:18Z,NA,exp_zhao18
ACJ,B,2020-03-14,1,Reco,1,start_error,591,NA,-66.25428571428571,0.6704494251698572,2020-03-14T13:11:42Z,NA,exp_zhao18
ACJ,B,2020-03-14,2,NEE,1,start_error,592,NA,-66.18380952380954,0.670172616682381,2020-03-14T13:22:54Z,NA,exp_zhao18
ACJ,B,2020-03-14,2,Reco,1,start_error,593,NA,-66.24128571428571,0.6701815459884286,2020-03-14T13:26:21Z,NA,exp_zhao18
ACJ,B,2020-03-14,3,NEE,1,start_error,594,NA,-66.24142857142857,0.6700476063977143,2020-03-14T13:34:21Z,NA,exp_zhao18
ACJ,B,2020-03-14,3,Reco,1,start_error,595,NA,-66.20728571428572,0.6700941327818573,2020-03-14T13:37:41Z,NA,exp_zhao18
ACJ,B,2020-03-14,4,NEE,1,start_error,596,NA,-66.22642857142858,0.6697599887502858,2020-03-14T13:44:43Z,NA,exp_zhao18
ACJ,B,2020-03-14,4,Reco,1,start_error,597,NA,-66.21485714285714,0.669745889846,2020-03-14T13:47:23Z,NA,exp_zhao18
ACJ,B,2020-03-14,5,NEE,1,start_error,598,NA,-66.262,0.6696302788308571,2020-03-14T13:53:34Z,NA,exp_zhao18
ACJ,B,2020-03-14,5,Reco,1,start_error,599,NA,-66.21185714285713,0.6695795227754285,2020-03-14T13:56:56Z,NA,exp_zhao18
QUE,B,2020-03-15,1,NEE,1,start_error,600,NA,-66.20742857142858,0.6375736001564286,2020-03-15T09:16:34Z,NA,exp_zhao18
QUE,B,2020-03-15,1,Reco,1,start_error,601,NA,-66.22714285714287,0.6375580913617143,2020-03-15T09:19:30Z,NA,exp_zhao18
QUE,B,2020-03-15,2,NEE,1,start_error,602,NA,-66.22893939393941,0.6373565624783333,2020-03-15T09:26:34Z,NA,exp_zhao18
QUE,B,2020-03-15,2,Reco,1,start_error,603,NA,-66.17842857142858,0.6373635264825714,2020-03-15T09:29:54Z,NA,exp_zhao18
QUE,B,2020-03-15,3,NEE,1,start_error,604,NA,-66.21328571428572,0.6368573758187143,2020-03-15T09:39:45Z,NA,exp_zhao18
QUE,B,2020-03-15,3,Reco,1,start_error,605,NA,-66.23385714285715,0.6368630153804286,2020-03-15T09:45:32Z,NA,exp_zhao18
QUE,B,2020-03-15,4,NEE,1,start_error,606,NA,-66.19257142857143,0.6367558637078572,2020-03-15T09:52:29Z,NA,exp_zhao18
QUE,B,2020-03-15,4,Reco,1,start_error,607,NA,-66.26285714285714,0.6367741922834286,2020-03-15T09:55:28Z,NA,exp_zhao18
QUE,B,2020-03-15,5,NEE,1,start_error,608,NA,-66.21957142857144,0.6364992636498571,2020-03-15T10:03:38Z,NA,exp_zhao18
QUE,B,2020-03-15,5,Reco,1,start_error,609,NA,-66.18485714285714,0.6365260515679999,2020-03-15T10:06:47Z,NA,exp_zhao18
WAY,B,2018-03-12,1,NEE,1,ok,1,-0.11097174097561656,29.782575757575728,0.70082320736,2018-03-12T09:28:46Z,-4.773388983174265,linear
WAY,B,2018-03-12,1,Reco,1,ok,2,0.12905878900848214,30.033000000000015,0.700804366097,2018-03-12T09:32:31Z,5.546659016851145,linear
WAY,B,2018-03-12,2,NEE,1,ok,3,-0.12360760896692288,30.415857142857135,0.7006323594647142,2018-03-12T09:43:26Z,-5.304377245938903,linear
WAY,B,2018-03-12,2,Reco,1,ok,4,0.10890092889019522,30.64861538461537,0.7005971122039999,2018-03-12T09:47:46Z,4.669453625284056,linear
WAY,B,2018-03-12,3,NEE,1,ok,5,-0.15815829982901866,31.512999999999977,0.7002911659809999,2018-03-12T09:58:13Z,-6.759317567849135,linear
WAY,B,2018-03-12,3,Reco,1,ok,6,0.15013717186220937,32.15300000000002,0.7002601483915714,2018-03-12T10:02:08Z,6.4027788269945844,linear
WAY,B,2018-03-12,4,NEE,1,ok,7,-0.12062887879910851,33.779714285714306,0.69992600436,2018-03-12T10:11:07Z,-5.114655830331563,linear
WAY,B,2018-03-12,4,Reco,1,ok,8,0.1100522281929545,34.49785714285713,0.6997638669607142,2018-03-12T10:15:27Z,4.654235867764754,linear
WAY,B,2018-03-12,5,NEE,1,ok,9,-0.14308772157047756,35.01042857142858,0.6994988075601428,2018-03-12T10:23:54Z,-6.038991343385943,linear
WAY,B,2018-03-12,5,Reco,1,ok,10,0.09845338529642729,35.0984285714286,0.6994071646822857,2018-03-12T10:27:34Z,4.153476801592374,linear
WAY,C,2018-03-12,1,NEE,1,ok,11,-0.03782031592202242,28.409253731343256,0.6952476933140298,2018-03-12T11:49:27Z,-1.6212275630601427,linear
WAY,C,2018-03-12,1,Reco,1,ok,12,0.14431382286115554,28.13357142857143,0.6952014615338571,2018-03-12T11:52:58Z,6.191488727609449,linear
WAY,C,2018-03-12,2,NEE,1,ok,13,-0.14142055531308553,28.139714285714263,0.695080210957,2018-03-12T12:00:10Z,-6.066177119262818,linear
WAY,C,2018-03-12,2,Reco,1,ok,14,0.051168983750944544,28.896714285714268,0.6949166636672857,2018-03-12T12:08:29Z,2.1888567070963214,linear
WAY,C,2018-03-12,3,NEE,1,ok,15,-0.11018709645541219,29.839571428571446,0.6946910811987143,2018-03-12T12:16:49Z,-4.697282838013264,linear
WAY,C,2018-03-12,3,Reco,1,ok,16,0.30383939022220036,30.07042857142858,0.6946290460198572,2018-03-12T12:20:14Z,12.941674951398907,linear
WAY,C,2018-03-12,4,NEE,1,ok,17,-0.07243998587082717,30.111285714285714,0.6941666019592857,2018-03-12T12:28:38Z,-3.0830248808314233,linear
WAY,C,2018-03-12,4,Reco,1,ok,18,0.035581941140189914,30.131692307692333,0.6940970835158462,2018-03-12T12:33:06Z,1.5141035977588773,linear
WAY,C,2018-03-12,5,NEE,1,ok,19,-0.04795316790868067,29.85757142857142,0.693577267760143,2018-03-12T12:46:44Z,-2.0408477298566763,linear
WAY,C,2018-03-12,5,Reco,1,ok,20,0.10066543557127364,29.848571428571404,0.6935377908281429,2018-03-12T12:50:41Z,4.284122263414008,linear
PIL,B,2018-03-13,5,NEE,1,ok,21,-0.04420522775722362,23.710333333333324,0.6502064533781666,2018-03-13T09:15:26Z,-1.8002162061297402,linear
PIL,B,2018-03-13,5,Reco,1,ok,22,0.11723783654707602,23.980857142857133,0.6501498227792857,2018-03-13T09:19:24Z,4.769637991546597,linear
PIL,B,2018-03-13,4,NEE,1,ok,23,-0.05526313155719651,23.682999999999993,0.6502879920412856,2018-03-13T09:29:31Z,-2.2510283985900075,linear
PIL,B,2018-03-13,4,Reco,1,ok,24,0.07842236639564786,23.484603174603194,0.6502680969207936,2018-03-13T09:33:39Z,3.1964102077798344,linear
PIL,B,2018-03-13,3,Reco,1,ok,25,0.10331506414232616,23.019571428571453,0.6504205217415714,2018-03-13T09:46:39Z,4.2186100009594965,linear
PIL,B,2018-03-13,3,NEE,1,ok,26,-0.10801845871889083,22.940428571428583,0.6503415678775714,2018-03-13T09:50:03Z,-4.411304642376266,linear
PIL,B,2018-03-13,2,NEE,1,ok,27,-0.06923327220500776,22.915999999999997,0.6504458997692857,2018-03-13T10:02:48Z,-2.8280652942794386,linear
PIL,B,2018-03-13,2,Reco,1,ok,28,0.12154553687670812,23.06857142857143,0.6503909140425713,2018-03-13T10:05:54Z,4.9619585079704205,linear
PIL,B,2018-03-13,1,NEE,1,ok,29,0.02449248740283205,22.34730158730156,0.6504905462995237,2018-03-13T10:22:01Z,1.0024720963484237,linear
PIL,B,2018-03-13,1,Reco,1,ok,30,0.08894272429541057,22.06642857142856,0.6504755074682856,2018-03-13T10:26:05Z,3.6437853378439384,linear
PIL,BB,2018-03-14,3,NEE,1,ok,31,-0.0821026550064457,12.10185714285717,0.6507222382932857,2018-03-14T07:14:51Z,-3.4823811185628664,linear
PIL,BB,2018-03-14,3,Reco,1,ok,32,0.07979538589942703,21.25799999999998,0.6508745064595713,2018-03-14T08:33:44Z,3.2800265827866735,linear
PIL,BB,2018-03-14,2,NEE,1,ok,33,-0.22759006400686815,22.113,0.6511867971894999,2018-03-14T08:42:58Z,-9.332581392606674,linear
PIL,BB,2018-03-14,2,Reco,1,ok,34,0.08158133328874317,22.68928571428569,0.6511987812581428,2018-03-14T08:46:52Z,3.3388773212439777,linear
PIL,BB,2018-03-14,1,NEE,1,ok,35,-0.030837575143998517,22.531600000000026,0.6514641226368001,2018-03-14T08:56:26Z,-1.2632763163151735,linear
PIL,BB,2018-03-14,1,Reco,1,ok,36,0.07227491874383224,22.402857142857158,0.6514723000012858,2018-03-14T08:59:53Z,2.9621042163729947,linear
PIL,C,2018-03-14,5,NEE,1,ok,37,-0.05114101853731814,20.85185714285717,0.6522519694082858,2018-03-14T09:17:52Z,-2.1095344802743257,linear
PIL,C,2018-03-14,5,Reco,1,ok,38,0.049376592433899955,20.712428571428575,0.6522970859020001,2018-03-14T09:22:02Z,2.037860351623467,linear
PIL,C,2018-03-14,4,Reco,1,ok,39,0.08759157105019497,19.91742857142856,0.6523873188894287,2018-03-14T09:58:36Z,3.625368880444053,linear
PIL,C,2018-03-14,4,NEE,1,ok,40,-0.03119622193320366,20.1035714285714,0.6523379727244286,2018-03-14T10:02:05Z,-1.290277965297294,linear
PIL,C,2018-03-14,3,Reco,1,ok,41,0.09483379646496733,19.367285714285686,0.6525240782610001,2018-03-14T10:10:59Z,3.933327183514283,linear
PIL,C,2018-03-14,3,NEE,1,zero,42,0,19.099571428571437,0.652494470562,2018-03-14T10:15:00Z,0,linear
PIL,C,2018-03-14,2,NEE,1,ok,43,-0.017202928088911718,18.601999999999975,0.6526058519058572,2018-03-14T10:22:14Z,-0.7154699954093834,linear
PIL,C,2018-03-14,2,Reco,1,ok,44,0.08169668490797086,18.388428571428562,0.652563555193,2018-03-14T10:27:47Z,3.400034865873129,linear
PIL,C,2018-03-14,1,Reco,1,ok,45,0.08365970231873335,18.203714285714284,0.6525734244260001,2018-03-14T10:38:42Z,3.4839913581368753,linear
ACJ,B,2018-03-15,5,NEE,1,ok,46,-0.1197924054023781,15.008857142857153,0.6692143611544287,2018-03-15T06:50:46Z,-5.172666685695434,linear
ACJ,B,2018-03-15,5,Reco,1,ok,47,0.07529927913104403,15.531999999999982,0.6692228204970001,2018-03-15T06:54:54Z,3.245590957989289,linear
ACJ,B,2018-03-15,4,NEE,1,ok,48,-0.02971494482122457,16.62073529411765,0.6694707124082353,2018-03-15T07:06:41Z,-1.2764503229157373,linear
ACJ,B,2018-03-15,4,Reco,1,ok,49,0.03827433007113131,16.975714285714275,0.6694625018698571,2018-03-15T07:10:47Z,1.6420998485012352,linear
ACJ,B,2018-03-15,3,NEE,1,ok,50,-0.29351193620085514,17.783999999999992,0.6696330986117143,2018-03-15T07:19:46Z,-12.560881856321256,linear
ACJ,B,2018-03-15,3,Reco,1,ok,51,0.08581085640856179,18.11228571428569,0.6696443777351428,2018-03-15T07:22:08Z,3.66820956990292,linear
ACJ,B,2018-03-15,2,NEE,1,ok,52,-0.1160946561181896,19.553272727272713,0.66974409544,2018-03-15T07:30:40Z,-4.939073331962933,linear
ACJ,B,2018-03-15,2,Reco,1,ok,53,0.10150064406657311,20.01942857142859,0.6697613986407143,2018-03-15T07:33:35Z,4.311438155183811,linear
ACJ,B,2018-03-15,1,NEE,1,ok,54,-0.12208528542944165,21.200781249999977,0.6697508244625,2018-03-15T07:40:28Z,-5.164916641261947,linear
ACJ,B,2018-03-15,1,Reco,1,ok,55,0.10316863749039534,21.83914285714286,0.669755759079,2018-03-15T07:44:21Z,4.355219514088341,linear
ACJ,C,2018-03-15,5,NEE,1,zero,56,0,22.769499999999994,0.6661954332742499,2018-03-15T09:40:11Z,0,linear
ACJ,C,2018-03-15,5,Reco,1,ok,57,0.12009345885256324,22.90885714285713,0.6661915560755713,2018-03-15T09:47:00Z,5.024494190017725,linear
ACJ,C,2018-03-15,4,NEE,1,zero,58,0,22.804250000000025,0.666252181364,2018-03-15T09:54:45Z,0,linear
ACJ,C,2018-03-15,4,Reco,1,ok,59,0.1434118240142845,22.82257142857145,0.6661901461851428,2018-03-15T09:57:22Z,6.001829144943053,linear
ACJ,C,2018-03-15,3,NEE,1,ok,60,-0.2357147316200706,22.595199999999977,0.6662423121309999,2018-03-15T10:07:18Z,-9.873091489658544,linear
ACJ,C,2018-03-15,3,Reco,1,ok,61,0.1592198418047535,22.683142857142855,0.6662084747607142,2018-03-15T10:09:53Z,6.66672350158221,linear
ACJ,C,2018-03-15,2,NEE,1,ok,62,-0.2824477033905061,22.694782608695675,0.6662161372086957,2018-03-15T10:16:35Z,-11.826090846741188,linear
ACJ,C,2018-03-15,2,Reco,1,ok,63,0.16411291155799834,22.76514285714285,0.6661675879382857,2018-03-15T10:20:06Z,6.869276356622202,linear
ACJ,C,2018-03-15,1,NEE,1,ok,64,-0.0919029096071828,22.754428571428548,0.6662253934458571,2018-03-15T10:25:10Z,-3.8472544255140675,linear
ACJ,C,2018-03-15,1,Reco,1,ok,65,0.11067054257550166,23.09371428571427,0.6661675879382857,2018-03-15T10:34:35Z,4.627200551810072,linear
QUE,B,2018-03-17,5,Reco,1,ok,66,0.06329458364616695,13.777205882352916,0.6345742656064706,2018-03-17T08:08:21Z,2.6027305143776256,linear
QUE,B,2018-03-17,5,NEE,1,ok,67,-0.11940576552499434,14.462714285714299,0.6345296467211429,2018-03-17T08:12:40Z,-4.898025755389788,linear
QUE,B,2018-03-17,4,NEE,1,ok,68,-0.1316836644828342,15.451000000000022,0.6347312610524285,2018-03-17T08:20:02Z,-5.384878266720408,linear
QUE,B,2018-03-17,4,Reco,1,ok,69,0.06400256606428661,16.66542857142855,0.6346396181745714,2018-03-17T08:28:56Z,2.6058834906600583,linear
QUE,B,2018-03-17,3,NEE,1,ok,70,-0.08027635553971764,17.39227272727271,0.6347860758833332,2018-03-17T08:32:52Z,-3.2610513684329545,linear
QUE,B,2018-03-17,3,Reco,1,ok,71,0.08293477742679245,18.227857142857147,0.6347552291897142,2018-03-17T08:37:54Z,3.3592192890894683,linear
QUE,B,2018-03-17,2,NEE,1,ok,72,-0.08055114291278206,19.16742857142856,0.6352599699631429,2018-03-17T08:51:13Z,-3.2547708413095,linear
QUE,B,2018-03-17,2,Reco,1,ok,73,0.08702878195065915,19.482968749999998,0.6352408923832813,2018-03-17T08:55:55Z,3.5126107720629696,linear
QUE,B,2018-03-17,1,Reco,1,zero,74,0,17.50400000000002,0.6353146032172501,2018-03-17T09:52:49Z,0,linear
QUE,B,2018-03-17,1,NEE,1,ok,75,-0.07945623073655965,17.883030303030296,0.6352750515183334,2018-03-17T09:58:34Z,-3.2247749199241627,linear
QUE,B,2019-04-05,1,NEE,1,ok,76,-0.16712829624203804,28.01057142857144,0.6352176732502858,2019-04-05T10:42:45Z,-6.554300904431824,linear
QUE,B,2019-04-05,1,Reco,1,ok,77,0.05749923167928613,28.21285714285716,0.6351810160991428,2019-04-05T10:45:19Z,2.253314214188168,linear
QUE,B,2019-04-05,2,NEE,1,ok,78,-0.07181364757622816,28.41742857142856,0.6350611754127142,2019-04-05T10:53:54Z,-2.8118363813051293,linear
QUE,B,2019-04-05,2,Reco,1,zero,79,0,27.296857142857164,0.6349526138497141,2019-04-05T11:09:36Z,0,linear
QUE,B,2019-04-05,3,NEE,1,ok,80,-0.11673348707415046,24.298857142857116,0.6342124213747142,2019-04-05T11:30:41Z,-4.6277493419286975,linear
QUE,B,2019-04-05,3,Reco,1,zero,81,0,23.958500000000015,0.6342511933614999,2019-04-05T11:33:32Z,0,linear
QUE,B,2019-04-05,4,NEE,1,ok,82,-0.1484764109586861,24.34413793103448,0.6339825120010344,2019-04-05T11:41:26Z,-5.883127445798884,linear
QUE,B,2019-04-05,4,Reco,1,ok,83,0.04144428153519801,23.564999999999998,0.6339586410975714,2019-04-05T11:53:21Z,1.6464098995232495,linear
QUE,B,2019-04-05,5,NEE,1,ok,84,-0.11741582954105025,22.988382352941187,0.6337513457372058,2019-04-05T12:08:57Z,-4.671999366677808,linear
QUE,B,2019-04-05,5,Reco,1,ok,85,0.03603932720015199,23.76857142857142,0.6336385959702857,2019-04-05T12:11:31Z,1.42998955431907,linear
TRE,C,2019-04-08,1,NEE,1,ok,86,-0.09540492396842659,34.14542857142857,0.6504233415224285,2019-04-08T10:53:57Z,-3.754591893252109,linear
TRE,C,2019-04-08,1,NEE,2,ok,87,-0.08336572565436152,34.73000000000002,0.6503359283158571,2019-04-08T10:57:10Z,-3.2741286058027694,linear
TRE,C,2019-04-08,1,NEE,3,ok,88,-0.06749124362152678,35.35072727272728,0.6503447721739999,2019-04-08T10:59:55Z,-2.6453724218979375,linear
TRE,C,2019-04-08,1,NEE,4,ok,89,-0.04228822403712215,35.858444444444444,0.6502508649266666,2019-04-08T11:02:34Z,-1.6545578904635267,linear
TRE,C,2019-04-08,1,Reco,1,ok,90,0.046108533615812276,36.295000000000016,0.650128674422857,2019-04-08T11:08:55Z,1.8011467214285943,linear
TRE,C,2019-04-08,2,Reco,1,ok,91,0.08625070595891414,36.42771428571427,0.6498509260084285,2019-04-08T11:21:27Z,3.3663451416344863,linear
TRE,C,2019-04-08,3,NEE,1,ok,92,-0.12158615154296602,36.469857142857165,0.6497141666368571,2019-04-08T11:28:13Z,-4.743834972960863,linear
TRE,C,2019-04-08,3,Reco,1,ok,93,0.09006436058441228,36.4242857142857,0.6496366226632857,2019-04-08T11:31:34Z,3.5140709041086815,linear
TRE,C,2019-04-08,4,NEE,1,ok,94,-0.1113366909771077,36.99727272727273,0.64945833561,2019-04-08T11:38:55Z,-4.33484494783411,linear
TRE,C,2019-04-08,4,Reco,1,ok,95,0.027188497805468167,36.6647142857143,0.6493969412904286,2019-04-08T11:41:53Z,1.0596082748751916,linear
TRE,C,2019-04-08,5,NEE,1,ok,96,-0.09701750688328867,37.43230769230769,0.6492315502978462,2019-04-08T11:49:24Z,-3.7707257269386876,linear
TRE,C,2019-04-08,5,NEE,2,ok,97,-0.10927359249606106,37.558142857142855,0.6492023764112856,2019-04-08T11:53:31Z,-4.245165407962394,linear
TRE,C,2019-04-08,5,NEE,3,ok,98,-0.10122279826219874,37.3417391304348,0.6491795525328985,2019-04-08T11:56:30Z,-3.935002847921413,linear
TRE,C,2019-04-08,5,NEE,4,zero,99,0,37.358000000000004,0.6491251144158,2019-04-08T11:59:41Z,0,linear
TRE,C,2019-04-08,5,Reco,1,ok,100,0.06895517034808145,36.656000000000006,0.6490862954326666,2019-04-08T12:03:31Z,2.686156925632021,linear
TRE,C,2019-04-08,4,NEE,2,ok,101,-0.05518659325753503,32.773571428571415,0.6489062994212857,2019-04-08T12:36:56Z,-2.176479417660956,linear
TRE,C,2019-04-08,4,NEE,3,ok,102,-0.0550300976457344,33.21449999999999,0.6488839761561667,2019-04-08T12:40:11Z,-2.167109334277941,linear
TRE,C,2019-04-08,4,NEE,4,ok,103,-0.03773516334373131,33.4134285714286,0.648862592818,2019-04-08T12:43:25Z,-1.4850140309809448,linear
TRE,C,2019-04-08,3,NEE,2,ok,104,-0.08236107883229304,33.932428571428545,0.6488315752285714,2019-04-08T12:52:10Z,-3.235571239511273,linear
TRE,C,2019-04-08,3,NEE,3,ok,105,-0.03521026599985106,34.24285714285713,0.6488076070912857,2019-04-08T12:55:10Z,-1.3817943013849794,linear
TRE,C,2019-04-08,3,NEE,4,ok,106,-0.05078384258108429,34.4641176470588,0.6488019260622059,2019-04-08T12:58:03Z,-1.9915139639693258,linear
TRE,C,2019-04-08,2,NEE,1,ok,107,-0.08323453213939085,34.96485714285711,0.6487695400497143,2019-04-08T13:04:37Z,-3.2586167348151363,linear
TRE,C,2019-04-08,2,NEE,2,ok,108,-0.07803369382018797,34.861333333333334,0.6487507415106667,2019-04-08T13:07:23Z,-3.0559431127231678,linear
TRE,C,2019-04-08,2,NEE,3,ok,109,-0.08745093540378182,34.24214285714288,0.6487131444325714,2019-04-08T13:11:17Z,-3.431439326565506,linear
TRE,C,2019-04-08,2,NEE,4,ok,110,-0.06680023120825407,33.73217391304348,0.6486388902033333,2019-04-08T13:14:03Z,-2.625192877629295,linear
PIL,B,2019-04-09,5,NEE,1,ok,111,-0.10514098088459954,29.497285714285738,0.6513172120541428,2019-04-09T10:26:23Z,-4.207069881692518,linear
PIL,B,2019-04-09,5,NEE,2,ok,112,-0.06916269984601396,29.732428571428557,0.6513143922732857,2019-04-09T10:29:01Z,-2.7652886042607188,linear
PIL,B,2019-04-09,5,NEE,3,ok,113,-0.11119214516438408,29.95618181818179,0.6512922185419999,2019-04-09T10:31:42Z,-4.442292327245603,linear
PIL,B,2019-04-09,5,NEE,4,ok,114,-0.05172485035902467,30.244428571428557,0.6512819647934285,2019-04-09T10:34:33Z,-2.0644892377935378,linear
PIL,B,2019-04-09,5,Reco,1,ok,115,0.06525173970591858,30.49885714285716,0.6512579966561428,2019-04-09T10:39:02Z,2.6021087484994085,linear
PIL,B,2019-04-09,4,NEE,1,ok,116,-0.09983932244381345,31.00155555555557,0.6512158565977777,2019-04-09T10:47:48Z,-3.974554710348511,linear
PIL,B,2019-04-09,4,NEE,2,ok,117,-0.04794379821810507,30.989142857142838,0.6511931416964285,2019-04-09T10:50:34Z,-1.908630531953135,linear
PIL,B,2019-04-09,4,NEE,3,ok,118,-0.043402694028274576,30.988,0.651224031114,2019-04-09T10:53:12Z,-1.7279387716834773,linear
PIL,B,2019-04-09,4,NEE,4,ok,119,-0.07508671118093287,30.85442857142857,0.6511889120251427,2019-04-09T10:55:47Z,-2.9904882412497247,linear
PIL,B,2019-04-09,4,Reco,1,ok,120,0.038515502733288624,30.631428571428557,0.6511381559697142,2019-04-09T10:59:18Z,1.5349683527420175,linear
PIL,B,2019-04-09,3,NEE,1,ok,121,-0.07081403087433849,30.26728571428572,0.6512086504911427,2019-04-09T11:06:34Z,-2.825862899826604,linear
PIL,B,2019-04-09,3,NEE,2,ok,122,-0.08766376813813331,30.338181818181795,0.6510876562579999,2019-04-09T11:09:13Z,-3.4967915345849256,linear
PIL,B,2019-04-09,3,NEE,3,ok,123,-0.07979695791366309,30.036,0.6510950133225999,2019-04-09T11:12:14Z,-3.1862033553182805,linear
PIL,B,2019-04-09,3,NEE,4,ok,124,-0.061928516140892446,29.835090909090923,0.6511056003179999,2019-04-09T11:14:48Z,-2.474416346535849,linear
PIL,B,2019-04-09,3,Reco,1,ok,125,0.06428687751279362,29.101,0.6509901174747142,2019-04-09T11:17:58Z,2.5744289533361178,linear
PIL,B,2019-04-09,2,NEE,1,ok,126,-0.08911461788003927,29.3568181818182,0.6510845160475,2019-04-09T11:25:26Z,-3.5661785086102418,linear
PIL,B,2019-04-09,2,NEE,2,ok,127,-0.04149945639397452,29.39571428571429,0.6510648416674285,2019-04-09T11:28:14Z,-1.6604567797827767,linear
PIL,B,2019-04-09,2,NEE,3,ok,128,-0.05701124380079362,29.223714285714266,0.6510888098047142,2019-04-09T11:30:51Z,-2.2824887319371925,linear
PIL,B,2019-04-09,2,NEE,4,ok,129,-0.05512515562933509,28.904200000000003,0.6510476410041999,2019-04-09T11:33:54Z,-2.209172604624682,linear
PIL,B,2019-04-09,2,Reco,1,ok,130,0.10335829302933897,28.53457142857144,0.6509858878034285,2019-04-09T11:37:07Z,4.1468252245901285,linear
PIL,B,2019-04-09,1,NEE,1,ok,131,-0.09409677439726316,28.87385714285716,0.6511663537782857,2019-04-09T11:44:36Z,-3.772049371151601,linear
PIL,B,2019-04-09,1,NEE,2,ok,132,-0.03159111878090089,29.3377142857143,0.6511593043261428,2019-04-09T11:47:07Z,-1.264434818569013,linear
PIL,B,2019-04-09,1,NEE,3,ok,133,-0.043113179464084314,29.20342857142856,0.6511494350931427,2019-04-09T11:49:42Z,-1.7263456389730742,linear
PIL,B,2019-04-09,1,NEE,4,ok,134,-0.04036905250968505,29.042142857142835,0.6511649438878571,2019-04-09T11:52:53Z,-1.6173660758580313,linear
PIL,B,2019-04-09,1,Reco,1,ok,135,0.14183707946725024,28.77385714285714,0.651093039476,2019-04-09T11:56:12Z,5.687053730125336,linear
PIL,C,2019-04-09,5,NEE,1,ok,136,-0.13111769971533935,29.087499999999977,0.6513134523463333,2019-04-09T12:59:21Z,-5.253575176364785,linear
PIL,C,2019-04-09,5,NEE,2,ok,137,-0.019700737324417246,28.569000000000017,0.6513062149087999,2019-04-09T13:02:41Z,-0.7907095294474965,linear
PIL,C,2019-04-09,5,NEE,3,ok,138,-0.13232931388777505,28.230000000000018,0.6512692757795714,2019-04-09T13:05:11Z,-5.3168468685727515,linear
PIL,C,2019-04-09,5,NEE,4,zero,139,0,27.665333333333308,0.6512619130184444,2019-04-09T13:09:27Z,0,linear
PIL,C,2019-04-09,5,Reco,1,ok,140,0.057941854187427956,27.061428571428564,0.6512861944647143,2019-04-09T13:12:09Z,2.337162825197023,linear
PIL,C,2019-04-09,4,NEE,1,zero,141,0,26.389571428571458,0.6513905263564286,2019-04-09T13:19:06Z,0,linear
PIL,C,2019-04-09,4,NEE,2,ok,142,-0.14203983619511001,26.00671428571428,0.6513482296435714,2019-04-09T13:21:57Z,-5.750115588518089,linear
PIL,C,2019-04-09,4,NEE,3,ok,143,-0.025912338060827874,26.105857142857133,0.6513284911775714,2019-04-09T13:24:36Z,-1.048614713961267,linear
PIL,C,2019-04-09,4,NEE,4,ok,144,-0.039424812359887956,26.029230769230765,0.6513364805566667,2019-04-09T13:27:54Z,-1.5958627092962754,linear
PIL,C,2019-04-09,4,Reco,1,ok,145,0.09077371459983472,25.830877192982484,0.6513260918903508,2019-04-09T13:30:23Z,3.676775405423423,linear
PIL,C,2019-04-09,3,NEE,1,ok,146,-0.13786765676503582,26.638571428571424,0.6510563823248571,2019-04-09T14:05:28Z,-5.566956810881294,linear
PIL,C,2019-04-09,3,NEE,2,ok,147,-0.12146724917566862,26.84357142857141,0.6510281845162856,2019-04-09T14:07:56Z,-4.901160991161395,linear
PIL,C,2019-04-09,3,NEE,3,ok,148,-0.05171361657909159,26.620714285714257,0.6510126757215713,2019-04-09T14:10:25Z,-2.0881278356981956,linear
PIL,C,2019-04-09,3,NEE,4,ok,149,-0.10270710788095691,26.464,0.6510225449545713,2019-04-09T14:13:05Z,-4.14941006079405,linear
PIL,C,2019-04-09,3,Reco,1,ok,150,0.05660057541061824,26.2752857142857,0.650957689994857,2019-04-09T14:16:04Z,2.2879001417689393,linear
PIL,C,2019-04-09,2,NEE,1,ok,151,-0.18221566002080905,27.63557142857144,0.6511395658601428,2019-04-09T14:27:59Z,-7.334233193377692,linear
PIL,C,2019-04-09,2,NEE,2,ok,152,-0.13107757867936784,27.535142857142887,0.6510549724344284,2019-04-09T14:30:44Z,-5.276987075029138,linear
PIL,C,2019-04-09,2,NEE,3,ok,153,-0.10120676700217911,27.27071428571429,0.6511155977228571,2019-04-09T14:33:36Z,-4.078398949379717,linear
PIL,C,2019-04-09,2,NEE,4,ok,154,-0.1302804390433185,27.147142857142853,0.6510733010099999,2019-04-09T14:36:18Z,-5.251819958343626,linear
PIL,C,2019-04-09,2,Reco,1,ok,155,0.05461742412160994,26.993142857142857,0.6510394636397142,2019-04-09T14:39:26Z,2.2027338846357973,linear
PIL,C,2019-04-09,1,NEE,1,ok,156,-0.14191545412922726,27.279714285714306,0.6510648416674285,2019-04-09T14:47:21Z,-5.7182479075891806,linear
PIL,C,2019-04-09,1,NEE,2,ok,157,-0.08600827982863458,27.285714285714278,0.6510225449545713,2019-04-09T14:49:57Z,-3.465266673511542,linear
PIL,C,2019-04-09,1,NEE,3,ok,158,-0.08889647262768702,27.08514285714284,0.6510577922152856,2019-04-09T14:52:43Z,-3.5842184742403638,linear
PIL,C,2019-04-09,1,NEE,4,zero,159,0,26.71261538461539,0.651011048924923,2019-04-09T14:55:34Z,0,linear
PIL,C,2019-04-09,1,Reco,1,ok,160,0.09520918528599821,26.204857142857122,0.6509943471459999,2019-04-09T14:58:29Z,3.849653904346799,linear
ACJ,B,2019-04-10,1,NEE,1,ok,161,-0.08840267155024323,27.434339622641517,0.6707242473966037,2019-04-10T09:55:55Z,-3.6677098872024803,linear
ACJ,B,2019-04-10,1,NEE,2,ok,162,-0.04936139142554686,27.685285714285726,0.6706792373097142,2019-04-10T09:59:26Z,-2.04609319239289,linear
ACJ,B,2019-04-10,1,NEE,3,ok,163,-0.07074708509766517,28.58882352941174,0.6706187364233823,2019-04-10T10:09:50Z,-2.923512606378324,linear
ACJ,B,2019-04-10,1,NEE,4,ok,164,-0.03590642219790869,28.95573529411763,0.6705722929739706,2019-04-10T10:12:54Z,-1.4818720191979902,linear
ACJ,B,2019-04-10,1,Reco,1,ok,165,0.0345035393954031,29.49928571428569,0.6705608065137143,2019-04-10T10:17:01Z,1.4213927300018463,linear
ACJ,B,2019-04-10,2,NEE,1,ok,166,-0.055984690419331434,31.55740000000003,0.6702413253426001,2019-04-10T10:34:20Z,-2.2896516378983853,linear
ACJ,B,2019-04-10,2,NEE,2,zero,167,0,31.762820512820497,0.6701791238689744,2019-04-10T10:36:47Z,0,linear
ACJ,B,2019-04-10,2,NEE,3,ok,168,-0.045340815493576755,32.093999999999994,0.6701293800425714,2019-04-10T10:40:05Z,-1.850771399144443,linear
ACJ,B,2019-04-10,2,NEE,4,zero,169,0,32.40014285714284,0.6700927228914286,2019-04-10T10:43:12Z,0,linear
ACJ,B,2019-04-10,2,Reco,1,ok,170,0.1636255605575638,32.78800000000001,0.6700292778221428,2019-04-10T10:46:57Z,6.66290212940271,linear
ACJ,B,2019-04-10,3,NEE,1,zero,171,0,33.10289473684213,0.6698040663773684,2019-04-10T10:54:50Z,0,linear
ACJ,B,2019-04-10,3,NEE,2,ok,172,-0.09825585360450548,33.12114285714284,0.66972615138,2019-04-10T10:57:46Z,-3.99485978868592,linear
ACJ,B,2019-04-10,3,NEE,3,ok,173,-0.07370876097578993,33.0748717948718,0.6697059067994872,2019-04-10T11:00:29Z,-2.9971929923316827,linear
ACJ,B,2019-04-10,3,NEE,4,ok,174,-0.050740280147681054,33.04309090909089,0.6697153849440001,2019-04-10T11:03:49Z,-2.063477222846152,linear
ACJ,B,2019-04-10,3,Reco,1,ok,175,0.08573352512041532,33.03963636363636,0.6696794968240001,2019-04-10T11:07:14Z,3.4864153607356254,linear
ACJ,B,2019-04-10,4,NEE,1,ok,176,-0.08402813935974725,33.32642857142855,0.6694476980203572,2019-04-10T11:15:00Z,-3.412685373921319,linear
ACJ,B,2019-04-10,4,NEE,2,zero,177,0,33.67615384615385,0.669381993511282,2019-04-10T11:18:22Z,0,linear
ACJ,B,2019-04-10,4,NEE,3,ok,178,-0.041522103519910154,33.975714285714275,0.6693680392111429,2019-04-10T11:21:43Z,-1.6825968400637177,linear
ACJ,B,2019-04-10,4,NEE,4,ok,179,-0.026519925173748484,34.284871794871776,0.6693212597697437,2019-04-10T11:24:54Z,-1.0735090663620008,linear
ACJ,B,2019-04-10,4,Reco,1,ok,180,0.0683988833548565,34.60454545454547,0.6693119426616667,2019-04-10T11:28:42Z,2.7658271764819626,linear
ACJ,B,2019-04-10,5,NEE,1,ok,181,-0.04741153740295655,34.96132075471701,0.6690781338169812,2019-04-10T11:37:52Z,-1.9142786217911532,linear
ACJ,B,2019-04-10,5,NEE,2,ok,182,-0.07317766382484264,34.917076923076934,0.6690307500393847,2019-04-10T11:43:37Z,-2.9548215777601956,linear
ACJ,B,2019-04-10,5,NEE,3,ok,183,-0.03444345059845853,34.879272727272735,0.669024538634,2019-04-10T11:46:42Z,-1.3909407787749772,linear
ACJ,B,2019-04-10,5,NEE,4,ok,184,-0.04165672618377442,34.903142857142825,0.6689704501102858,2019-04-10T11:49:56Z,-1.6819704276652614,linear
ACJ,B,2019-04-10,5,Reco,1,ok,185,0.0631738351992246,34.87914285714288,0.6689394325208572,2019-04-10T11:53:44Z,2.550845546374533,linear
ACJ,C,2019-04-10,1,NEE,1,ok,186,-0.09208935210894227,25.62614285714284,0.6643883062174286,2019-04-10T15:45:21Z,-3.8074780718102597,linear
ACJ,C,2019-04-10,1,NEE,2,ok,187,-0.08613105205610974,25.43071428571426,0.6644080446834285,2019-04-10T15:48:41Z,-3.5635660378188505,linear
ACJ,C,2019-04-10,1,NEE,3,ok,188,-0.0866369281471837,25.257714285714314,0.6644799490952857,2019-04-10T15:51:35Z,-3.5869622769687073,linear
ACJ,C,2019-04-10,1,NEE,4,ok,189,-0.06635034438517104,25.095000000000027,0.6644475216154285,2019-04-10T15:54:41Z,-2.748416994838644,linear
ACJ,C,2019-04-10,1,Reco,1,ok,190,0.04196472762916426,24.97742857142856,0.6645095567942857,2019-04-10T15:58:36Z,1.739144370849625,linear
ACJ,C,2019-04-10,2,NEE,1,ok,191,-0.15135750576625803,24.79653846153849,0.6644043572776923,2019-04-10T16:06:03Z,-6.27552436137298,linear
ACJ,C,2019-04-10,2,NEE,2,ok,192,-0.11852419698092319,24.612923076923096,0.6644499075838461,2019-04-10T16:08:45Z,-4.91757030315544,linear
ACJ,C,2019-04-10,2,NEE,3,ok,193,-0.19635123967993065,23.540714285714273,0.6642797446544286,2019-04-10T16:23:18Z,-8.173962353509593,linear
ACJ,C,2019-04-10,2,NEE,4,ok,194,-0.22254423845748475,23.36228571428569,0.6642867941065714,2019-04-10T16:26:54Z,-9.27003152325988,linear
ACJ,C,2019-04-10,2,Reco,1,ok,195,0.01815287454577314,23.188571428571436,0.6642924336682857,2019-04-10T16:30:15Z,0.756603696634675,linear
ACJ,C,2019-04-10,3,NEE,1,ok,196,-0.03470900830450953,22.839571428571446,0.6642444973937143,2019-04-10T16:37:17Z,-1.4482571808642548,linear
ACJ,C,2019-04-10,3,NEE,2,ok,197,-0.02677299641617684,22.673906250000016,0.6642533532679687,2019-04-10T16:39:54Z,-1.117762145474685,linear
ACJ,C,2019-04-10,3,NEE,3,ok,198,-0.02502217424073443,22.495384615384637,0.6642646696721539,2019-04-10T16:42:43Z,-1.0453146193447793,linear
ACJ,C,2019-04-10,3,NEE,4,zero,199,0,22.340307692307704,0.6642494862367693,2019-04-10T16:45:36Z,0,linear
ACJ,C,2019-04-10,3,Reco,1,ok,200,0.06014349488841453,22.17281250000002,0.6642826525534375,2019-04-10T16:48:22Z,2.5153388931556067,linear
ACJ,C,2019-04-10,4,NEE,1,zero,201,0,21.80328571428572,0.6642473171745714,2019-04-10T16:54:13Z,0,linear
ACJ,C,2019-04-10,4,NEE,2,zero,202,0,21.624857142857138,0.6642177094755715,2019-04-10T16:56:47Z,0,linear
ACJ,C,2019-04-10,4,NEE,3,zero,203,0,21.418200000000013,0.6642724132242,2019-04-10T16:59:34Z,0,linear
ACJ,C,2019-04-10,4,NEE,4,ok,204,0.021255658853441356,21.159855072463756,0.6642465815795653,2019-04-10T17:02:21Z,0.8919715943273285,linear
ACJ,C,2019-04-10,4,Reco,1,ok,205,0.05863902746465568,20.90628571428573,0.6642261688181429,2019-04-10T17:05:09Z,2.4627719753973665,linear
WAY,B,2019-04-11,1,NEE,1,ok,206,-0.08368114633635662,25.319999999999993,0.7020887762774286,2019-04-11T10:34:14Z,-3.6599141250976177,linear
WAY,B,2019-04-11,1,NEE,2,ok,207,-0.11156774840503554,25.934285714285693,0.7020704477018572,2019-04-11T10:37:18Z,-4.86942516227407,linear
WAY,B,2019-04-11,1,NEE,3,ok,208,-0.09758363500530118,26.50857142857143,0.7019816246048572,2019-04-11T10:40:30Z,-4.250381968884055,linear
WAY,B,2019-04-11,1,NEE,4,ok,209,-0.047451509713669376,27.036142857142863,0.7020013630708571,2019-04-11T10:43:42Z,-2.0632377677907403,linear
WAY,B,2019-04-11,1,Reco,1,ok,210,0.06303986095490353,27.55185714285716,0.7018970311791429,2019-04-11T10:47:45Z,2.7359267861704284,linear
WAY,B,2019-04-11,2,NEE,1,ok,211,-0.10662620348758814,29.384571428571405,0.7016827278340001,2019-04-11T10:57:09Z,-4.598134305646078,linear
WAY,B,2019-04-11,2,NEE,2,ok,212,-0.10113344718457326,29.615571428571457,0.7016488904637144,2019-04-11T11:00:31Z,-4.357727755669109,linear
WAY,B,2019-04-11,2,NEE,3,ok,213,-0.07254074707826885,30.085285714285703,0.7015558376954286,2019-04-11T11:03:44Z,-3.1204444824374864,linear
WAY,B,2019-04-11,2,NEE,4,ok,214,-0.056882110454631325,30.43157142857143,0.7015727563805715,2019-04-11T11:07:01Z,-2.4441336056654435,linear
WAY,B,2019-04-11,2,Reco,1,ok,215,0.05875215638074339,30.840857142857146,0.7014782937218572,2019-04-11T11:11:16Z,2.5207481425400515,linear
WAY,B,2019-04-11,3,NEE,1,ok,216,-0.13587255623540728,31.425857142857126,0.7012019551978572,2019-04-11T11:19:34Z,-5.8160926885008735,linear
WAY,B,2019-04-11,3,NEE,2,ok,217,-0.0953717438363264,31.819428571428546,0.7011681178275715,2019-04-11T11:22:43Z,-4.076969925036337,linear
WAY,B,2019-04-11,3,NEE,3,ok,218,-0.08521032595005953,32.4375,0.7011241909289063,2019-04-11T11:28:38Z,-3.6349925291360843,linear
WAY,B,2019-04-11,3,NEE,4,ok,219,-0.07249967559069909,32.614714285714285,0.7011230013338572,2019-04-11T11:31:45Z,-3.0909703720236825,linear
WAY,B,2019-04-11,3,Reco,1,ok,220,0.02499094387980204,32.917857142857144,0.7011215914434287,2019-04-11T11:36:18Z,1.0644130921186585,linear
WAY,B,2019-04-11,4,NEE,1,ok,221,-0.09048795743916181,33.71625,0.70073774877425,2019-04-11T11:44:34Z,-3.841926943481712,linear
WAY,B,2019-04-11,4,NEE,2,ok,222,-0.07451481345091115,34.31828571428571,0.7007437408085715,2019-04-11T11:49:57Z,-3.157573357669563,linear
WAY,B,2019-04-11,4,NEE,3,ok,223,-0.08756562099109494,34.8162857142857,0.7007042638765714,2019-04-11T11:55:22Z,-3.7043937831046176,linear
WAY,B,2019-04-11,4,NEE,4,ok,224,-0.05507651250532726,35.074142857142874,0.700725412233,2019-04-11T11:58:39Z,-2.3280889870921846,linear
WAY,B,2019-04-11,4,Reco,1,ok,225,0.043056713950599616,35.12071428571426,0.7006986243148571,2019-04-11T12:02:26Z,1.8196665326750765,linear
WAY,B,2019-04-11,5,NEE,1,ok,226,-0.1302797753239178,30.06538461538463,0.700238783128923,2019-04-11T12:34:29Z,-5.5940179874380025,linear
WAY,B,2019-04-11,5,NEE,2,ok,227,-0.08718687564072077,30.113428571428585,0.7002474593777142,2019-04-11T12:37:32Z,-3.743126856111453,linear
WAY,B,2019-04-11,5,NEE,3,ok,228,-0.059071162598126004,30.32628571428569,0.7002615582819999,2019-04-11T12:40:29Z,-2.5343288877597763,linear
WAY,B,2019-04-11,5,NEE,4,ok,229,-0.06368198950731405,30.552142857142883,0.7002178516787142,2019-04-11T12:43:30Z,-2.729944859051032,linear
WAY,B,2019-04-11,5,Reco,1,ok,230,0.07613454743708002,30.73685714285716,0.7001050604444286,2019-04-11T12:47:27Z,3.26125681317001,linear
WAY,C,2019-04-12,1,NEE,1,ok,231,-0.027362188992681242,23.960428571428565,0.6970850751464286,2019-04-12T12:36:00Z,-1.1936325588561043,linear
WAY,C,2019-04-12,1,NEE,2,ok,232,-0.027883679721206464,23.953090909090918,0.6970370107,2019-04-12T12:38:36Z,-1.216327942654071,linear
WAY,C,2019-04-12,1,NEE,3,ok,233,-0.027835878782847417,23.960512820512804,0.696990540185641,2019-04-12T12:41:14Z,-1.214131511950213,linear
WAY,C,2019-04-12,1,NEE,4,ok,234,0.030683486055909027,23.947142857142865,0.6970018916111429,2019-04-12T12:44:12Z,1.3384190546826817,linear
WAY,C,2019-04-12,1,Reco,1,ok,235,0.09864018543613572,23.911428571428587,0.6970174004058571,2019-04-12T12:48:07Z,4.303315268910886,linear
WAY,C,2019-04-12,2,NEE,1,ok,236,-0.023935935546363876,23.972285714285704,0.6969130685141429,2019-04-12T12:55:19Z,-1.0438683200348053,linear
WAY,C,2019-04-12,2,NEE,2,zero,237,0,23.932820512820513,0.6968994395733333,2019-04-12T12:58:14Z,0,linear
WAY,C,2019-04-12,2,NEE,3,ok,238,-0.013624200578306178,23.899,0.6969229377471429,2019-04-12T13:01:10Z,-0.594319010704437,linear
WAY,C,2019-04-12,2,NEE,4,ok,239,-0.01783019884721397,23.8828205128205,0.6968918478556411,2019-04-12T13:04:10Z,-0.7778020104058346,linear
WAY,C,2019-04-12,2,Reco,1,ok,240,0.09247956848554079,23.896714285714268,0.6968989696098572,2019-04-12T13:07:58Z,4.0340640917070525,linear
WAY,C,2019-04-12,3,NEE,1,ok,241,-0.060226824787879454,23.972571428571428,0.6966480091135714,2019-04-12T13:14:42Z,-2.6255461257546036,linear
WAY,C,2019-04-12,3,NEE,2,ok,242,-0.03954531159675379,24.08434782608697,0.6965983564506522,2019-04-12T13:17:36Z,-1.723178958321368,linear
WAY,C,2019-04-12,3,NEE,3,ok,243,-0.02682772411269901,24.344545454545482,0.6965884092,2019-04-12T13:23:45Z,-1.167973522654642,linear
WAY,C,2019-04-12,3,NEE,4,ok,244,0.05000526430764409,24.569818181818164,0.696500483306,2019-04-12T13:30:00Z,2.175110544833722,linear
WAY,C,2019-04-12,3,Reco,1,ok,245,0.10898018380967249,24.62585714285717,0.6964139673024285,2019-04-12T13:34:13Z,4.7388990260855834,linear
WAY,C,2019-04-12,4,NEE,1,ok,246,-0.01865466773950651,24.122285714285738,0.6961080210794286,2019-04-12T13:41:40Z,-0.8121975283109325,linear
WAY,C,2019-04-12,4,NEE,2,ok,247,-0.04437583147909311,23.976285714285723,0.696037526558,2019-04-12T13:45:00Z,-1.9328137847755729,linear
WAY,C,2019-04-12,4,NEE,3,ok,248,-0.03283101813883954,23.8780303030303,0.69596933913,2019-04-12T13:47:53Z,-1.430305974386257,linear
WAY,C,2019-04-12,4,NEE,4,ok,249,-0.02247538160965472,23.81036363636366,0.695946011852,2019-04-12T13:50:47Z,-0.9793458067212887,linear
WAY,C,2019-04-12,4,Reco,1,ok,250,0.0496064899539106,23.702571428571446,0.6958937177342857,2019-04-12T13:54:49Z,2.1621833996231463,linear
WAY,C,2019-04-12,5,NEE,1,zero,251,0,23.41132352941179,0.6956517556563235,2019-04-12T14:01:10Z,0,linear
WAY,C,2019-04-12,5,NEE,2,zero,252,0,22.997058823529414,0.6956474015829411,2019-04-12T14:04:28Z,0,linear
WAY,C,2019-04-12,5,NEE,3,zero,253,0,22.299818181818182,0.69557456981,2019-04-12T14:11:00Z,0,linear
WAY,C,2019-04-12,5,NEE,4,zero,254,0,21.936666666666667,0.6955605136296666,2019-04-12T14:14:08Z,0,linear
WAY,C,2019-04-12,5,Reco,1,ok,255,0.05839638203746228,21.51185714285714,0.6955003583047142,2019-04-12T14:18:23Z,2.562779888300012,linear
TRE,B,2019-04-13,1,NEE,1,ok,256,-0.08426467755471885,25.593428571428547,0.6559994581674286,2019-04-13T10:29:00Z,-3.4403498845289175,linear
TRE,B,2019-04-13,1,NEE,2,ok,257,-0.020637670860058625,26.042142857142835,0.6558373207681428,2019-04-13T11:05:12Z,-0.8411211511735381,linear
TRE,B,2019-04-13,1,NEE,3,ok,258,-0.024031249906272582,25.737000000000023,0.6557661213015,2019-04-13T11:08:28Z,-0.9803253646457492,linear
TRE,B,2019-04-13,1,NEE,4,ok,259,-0.037108067517332345,25.452162162162153,0.655869214775946,2019-04-13T11:11:34Z,-1.5154603082269733,linear
TRE,B,2019-04-13,1,Reco,1,zero,260,0,24.787777777777762,0.6558390439675555,2019-04-13T11:17:15Z,0,linear
TRE,B,2019-04-13,2,NEE,1,ok,261,-0.02805968048673412,20.312000000000012,0.6546713413837143,2019-04-13T13:13:19Z,-1.1638743790867014,linear
TRE,B,2019-04-13,2,Reco,1,zero,262,0,20.541200000000003,0.6546538587424,2019-04-13T13:16:37Z,0,linear
TRE,B,2019-04-13,3,NEE,1,ok,263,-0.06500018085056222,20.62760000000003,0.6545985910376,2019-04-13T13:24:04Z,-2.6929164688367657,linear
TRE,B,2019-04-13,3,Reco,1,ok,264,0.06346555855425749,20.86567164179104,0.6545643580562687,2019-04-13T13:30:26Z,2.6270716037851733,linear
TRE,B,2019-04-13,4,NEE,1,ok,265,-0.16843864662647628,20.835636363636354,0.654489850034,2019-04-13T13:37:21Z,-6.9722102783968145,linear
TRE,B,2019-04-13,4,Reco,1,ok,266,0.06593525273706224,20.771607142857135,0.6544869982101785,2019-04-13T13:40:37Z,2.7298520783566764,linear
TRE,B,2019-04-13,5,NEE,1,ok,267,-0.29638169467255865,20.480999999999995,0.654300540201,2019-04-13T13:52:24Z,-12.279443391039335,linear
TRE,B,2019-04-13,5,Reco,1,zero,268,0,20.367272727272734,0.6542852877499999,2019-04-13T13:55:32Z,0,linear
ACJ,B,2019-07-07,1,NEE,1,ok,269,-0.7730923619027851,17.625285714285724,0.6720947673,2019-07-07T11:09:05Z,-33.22433791407295,linear
ACJ,B,2019-07-07,1,Reco,1,ok,270,-0.02413010216679584,18.023000000000025,0.6720341420115714,2019-07-07T11:13:15Z,-1.035502917451131,linear
ACJ,B,2019-07-07,2,NEE,1,ok,271,-0.4936227905923019,18.497571428571405,0.6718226584472856,2019-07-07T11:24:29Z,-21.141870841133194,linear
ACJ,B,2019-07-07,2,Reco,1,zero,272,0,18.568857142857155,0.6717958705291428,2019-07-07T11:28:04Z,0,linear
ACJ,B,2019-07-07,3,NEE,1,ok,273,-0.29869323704852246,18.342142857142846,0.6715801572935715,2019-07-07T11:38:52Z,-12.795236636099665,linear
ACJ,B,2019-07-07,3,Reco,1,ok,274,-0.045462006119414755,18.229142857142847,0.6715294012381429,2019-07-07T11:42:04Z,-1.9480813843023763,linear
ACJ,B,2019-07-07,4,NEE,1,ok,275,-0.5719135547597826,17.814571428571412,0.6713672638388571,2019-07-07T11:49:26Z,-24.53592124926289,linear
ACJ,B,2019-07-07,4,Reco,1,ok,276,-0.021261064852887705,17.672428571428554,0.6713672638388571,2019-07-07T11:53:06Z,-0.9125763428509153,linear
ACJ,B,2019-07-07,5,NEE,1,ok,277,-0.4724465560380288,17.03714285714284,0.67130522866,2019-07-07T12:04:39Z,-20.32106572498143,linear
ACJ,B,2019-07-07,5,Reco,1,ok,278,-0.16608759905060147,16.657428571428568,0.6712728011801429,2019-07-07T12:10:50Z,-7.152842691068111,linear
TRE,C,2019-07-08,1,NEE,1,ok,279,-0.6943365278258445,13.896999999999991,0.6510009266346666,2019-07-08T10:16:58Z,-29.278615573910372,linear
TRE,C,2019-07-08,1,Reco,1,ok,280,0.04229330624381813,14.405714285714282,0.6509421812001428,2019-07-08T10:21:00Z,1.7800982749188174,linear
TRE,C,2019-07-08,2,NEE,1,ok,281,-0.02366081230779374,15.146142857142877,0.6507222382932857,2019-07-08T10:28:45Z,-0.9929751889685464,linear
TRE,C,2019-07-08,2,Reco,1,ok,282,0.06054327266699855,15.428285714285721,0.6506996800464285,2019-07-08T10:32:29Z,2.5382521735211636,linear
TRE,C,2019-07-08,3,NEE,1,ok,283,-0.10792197412057951,15.966911764705856,0.6506349909561765,2019-07-08T10:40:19Z,-4.515706739915264,linear
TRE,C,2019-07-08,3,Reco,1,ok,284,0.03816925490969046,16.03340000000003,0.6506094470589999,2019-07-08T10:44:02Z,1.59666063309462,linear
TRE,C,2019-07-08,5,NEE,1,ok,285,-0.1480094561069548,17.275166666666678,0.650323239302,2019-07-08T11:00:48Z,-6.1622089291825475,linear
TRE,C,2019-07-08,5,Reco,1,ok,286,0.02571659334614316,17.599800000000016,0.6502956054496,2019-07-08T11:04:52Z,1.069440831756224,linear
TRE,C,2019-07-08,4,NEE,1,ok,287,-0.06773719219142063,17.411142857142863,0.6504106525085713,2019-07-08T11:14:12Z,-2.8192217075480244,linear
TRE,C,2019-07-08,4,Reco,1,ok,288,0.05480677133783147,17.501571428571424,0.6503542568914286,2019-07-08T11:18:02Z,2.2801502211329483,linear
PIL,C,2019-07-09,1,NEE,1,ok,289,-0.12266413425853175,17.322307692307675,0.6548109566871795,2019-07-09T09:18:29Z,-5.141392152506504,linear
PIL,C,2019-07-09,1,Reco,1,ok,290,0.046161262858901805,17.84371428571427,0.6548095106457142,2019-07-09T09:22:34Z,1.9313499909174348,linear
PIL,C,2019-07-09,2,NEE,1,ok,291,-0.10401879596685357,18.890714285714296,0.6546445534655714,2019-07-09T09:30:17Z,-4.335367415289929,linear
PIL,C,2019-07-09,2,Reco,1,ok,292,0.02923862410159322,19.18685714285715,0.6546234051091429,2019-07-09T09:34:00Z,1.217353802949943,linear
PIL,C,2019-07-09,3,NEE,1,ok,293,-0.10150962846745985,19.9122857142857,0.6544922852992857,2019-07-09T09:41:56Z,-4.215060059205993,linear
PIL,C,2019-07-09,3,Reco,1,zero,294,0,20.486428571428576,0.6545331721217142,2019-07-09T09:45:54Z,0,linear
PIL,C,2019-07-09,4,NEE,1,ok,295,-0.09439858283960009,21.276229508196707,0.654357652319836,2019-07-09T09:53:35Z,-3.90082163316569,linear
PIL,C,2019-07-09,4,Reco,1,ok,296,0.024359637179258653,21.72685714285717,0.6543301479,2019-07-09T09:57:20Z,1.0050299100425137,linear
PIL,C,2019-07-09,5,NEE,1,ok,297,-0.12945102238225129,22.928428571428583,0.6540622687185714,2019-07-09T10:05:34Z,-5.317037751027547,linear
PIL,C,2019-07-09,5,Reco,1,ok,298,0.028374948791655044,23.400199999999984,0.6540419662964,2019-07-09T10:11:34Z,1.1635750769864182,linear
PIL,B,2019-07-09,1,NEE,1,ok,299,-0.10721537437971007,24.31114285714284,0.6532501718317143,2019-07-09T10:29:27Z,-4.377823886628058,linear
PIL,B,2019-07-09,1,Reco,1,ok,300,0.017832898411732592,24.173076923076906,0.6532673074230769,2019-07-09T10:33:46Z,0.7285110965672601,linear
PIL,B,2019-07-09,2,NEE,1,ok,301,-0.16361355132825586,25.340571428571423,0.6530908542132857,2019-07-09T10:43:58Z,-6.656013369986422,linear
PIL,B,2019-07-09,2,Reco,1,ok,302,0.02457367092236786,25.748529411764707,0.6531022992061765,2019-07-09T10:47:42Z,0.9983421379970788,linear
PIL,B,2019-07-09,3,NEE,1,ok,303,-0.10682659793895838,26.350142857142828,0.6528836003202858,2019-07-09T10:57:09Z,-4.329822105984036,linear
PIL,B,2019-07-09,3,Reco,1,zero,304,0,25.924222222222227,0.6528585356015556,2019-07-09T11:05:39Z,0,linear
PIL,B,2019-07-09,4,NEE,1,ok,305,-0.1070270491849203,26.51057142857144,0.6526171310292858,2019-07-09T11:14:12Z,-4.333854710770522,linear
PIL,B,2019-07-09,4,Reco,1,zero,306,0,27.117857142857133,0.6525959826728572,2019-07-09T11:18:50Z,0,linear
PIL,B,2019-07-09,5,NEE,1,ok,307,-0.04331911047501729,27.47800000000001,0.6524183364788572,2019-07-09T11:27:42Z,-1.7479467208592248,linear
PIL,B,2019-07-09,5,Reco,1,ok,308,0.03551304212246168,27.379166666666663,0.6523793295103334,2019-07-09T11:32:18Z,1.4333536976396692,linear
ACJ,NB,2019-07-10,1,NEE,1,ok,309,-0.1525214335085828,15.240571428571457,0.674335083191,2019-07-10T09:13:45Z,-6.6309767565278666,linear
ACJ,NB,2019-07-10,1,NEE,2,ok,310,-0.1309600186677292,15.923000000000002,0.6742716381217142,2019-07-10T09:17:49Z,-5.679603534090252,linear
ACJ,NB,2019-07-10,1,NEE,3,ok,311,-0.1425569635110084,16.596000000000004,0.674256129327,2019-07-10T09:21:44Z,-6.1680490668576295,linear
ACJ,NB,2019-07-10,1,NEE,4,ok,312,-0.09702521921369928,17.2607142857143,0.6742138326141428,2019-07-10T09:25:40Z,-4.188143810665308,linear
ACJ,NB,2019-07-10,1,Reco,1,ok,313,0.0442349397768681,18.01614285714288,0.6742335710801428,2019-07-10T09:30:09Z,1.904525840913116,linear
ACJ,NB,2019-07-10,2,NEE,1,ok,314,-0.06308060382215135,19.384142857142876,0.6742053732715714,2019-07-10T09:38:29Z,-2.703108133521467,linear
ACJ,NB,2019-07-10,2,NEE,2,ok,315,-0.10234133568542972,19.947285714285726,0.6741828150247142,2019-07-10T09:42:17Z,-4.376922854303055,linear
ACJ,NB,2019-07-10,2,NEE,3,ok,316,-0.0744136080522917,20.58371428571428,0.6741729457917143,2019-07-10T09:46:53Z,-3.175570915428047,linear
ACJ,NB,2019-07-10,2,NEE,4,ok,317,-0.055536363714660905,21.120714285714257,0.6742081930524285,2019-07-10T09:50:53Z,-2.365790876666945,linear
ACJ,NB,2019-07-10,2,Reco,1,zero,318,0,21.674333333333323,0.6742018485454999,2019-07-10T09:55:16Z,0,linear
ACJ,NB,2019-07-10,3,NEE,1,ok,319,-0.08174468857857979,22.897936507936492,0.6740670473550793,2019-07-10T10:05:51Z,-3.4606089895212517,linear
ACJ,NB,2019-07-10,3,NEE,2,ok,320,-0.09414093125452912,23.29457142857143,0.6740432358722857,2019-07-10T10:09:43Z,-3.9799230272221737,linear
ACJ,NB,2019-07-10,3,NEE,3,ok,321,-0.10971311208972832,23.65092307692305,0.6740959440836922,2019-07-10T10:13:38Z,-4.633049398488106,linear
ACJ,NB,2019-07-10,3,NEE,4,ok,322,-0.06024540762697447,24.006857142857143,0.6740601545574285,2019-07-10T10:17:36Z,-2.5409070375725697,linear
ACJ,NB,2019-07-10,3,Reco,1,ok,323,0.016819493212082592,24.437999999999988,0.6740595038387692,2019-07-10T10:22:27Z,0.7083496071004481,linear
ACJ,NB,2019-07-10,5,NEE,1,ok,324,-0.1771202148850818,25.185000000000002,0.6739360841997143,2019-07-10T10:31:41Z,-7.439342668469065,linear
ACJ,NB,2019-07-10,5,NEE,2,ok,325,-0.1791124260333048,25.37477611940301,0.6738771213194029,2019-07-10T10:35:36Z,-7.517578584822196,linear
ACJ,NB,2019-07-10,5,NEE,3,ok,326,-0.15674315725373422,25.542285714285697,0.6738627698974285,2019-07-10T10:39:17Z,-6.5748822079331255,linear
ACJ,NB,2019-07-10,5,NEE,4,ok,327,-0.14202280975409542,25.69724637681162,0.6738597866510144,2019-07-10T10:43:15Z,-5.954294508173525,linear
ACJ,NB,2019-07-10,5,Reco,1,ok,328,0.0441938980089993,25.84470588235297,0.6738915482491176,2019-07-10T10:47:36Z,1.8519990082300335,linear
ACJ,NB,2019-07-10,4,NEE,1,ok,329,-0.0997020218247304,25.938714285714298,0.6738994270485714,2019-07-10T10:55:52Z,-4.176869978220057,linear
ACJ,NB,2019-07-10,4,NEE,2,ok,330,-0.12581202024278004,25.987692307692328,0.6739137428590769,2019-07-10T10:59:36Z,-5.269959039832049,linear
ACJ,NB,2019-07-10,4,NEE,3,ok,331,-0.08114689591735944,25.972571428571428,0.6739092962815714,2019-07-10T11:03:20Z,-3.399195185552053,linear
ACJ,NB,2019-07-10,4,NEE,4,ok,332,-0.11028583664137745,25.908142857142877,0.6738543105548571,2019-07-10T11:07:03Z,-4.620426336176515,linear
ACJ,NB,2019-07-10,4,Reco,1,ok,333,0.01661672716141139,25.668615384615407,0.6738651558658462,2019-07-10T11:14:55Z,0.6967272073515595,linear
QUE,B,2019-07-11,1,NEE,1,ok,334,-0.051065707626243344,24.908714285714268,0.6356561491735715,2019-07-11T10:17:40Z,-2.0248912930316627,linear
QUE,B,2019-07-11,1,NEE,2,ok,335,-0.10436844738868659,25.573399999999992,0.6356240036718,2019-07-11T10:20:51Z,-4.1290695518156735,linear
QUE,B,2019-07-11,1,NEE,3,ok,336,-0.04294508828493328,26.25342857142857,0.6355969337755715,2019-07-11T10:24:09Z,-1.6950809913240394,linear
QUE,B,2019-07-11,1,NEE,4,ok,337,-0.06011566057437011,26.81937499999998,0.6355924838089063,2019-07-11T10:27:24Z,-2.3683254828288804,linear
QUE,B,2019-07-11,1,Reco,1,ok,338,0.03295195875311781,27.483799999999974,0.6356042652058,2019-07-11T10:31:57Z,1.2953351825294004,linear
QUE,B,2019-07-11,2,NEE,1,ok,339,-0.04990183119190587,28.441666666666663,0.6353827158783334,2019-07-11T10:38:31Z,-1.9547196186387452,linear
QUE,B,2019-07-11,2,NEE,2,ok,340,-0.04535674152601706,28.93064516129033,0.6353462006809678,2019-07-11T10:41:50Z,-1.7737046868530055,linear
QUE,B,2019-07-11,2,NEE,3,ok,341,-0.04449771675053341,29.428615384615398,0.6353189684549231,2019-07-11T10:45:22Z,-1.7371737082206091,linear
QUE,B,2019-07-11,2,NEE,4,ok,342,-0.031413872090311094,29.83914285714286,0.6352980370047143,2019-07-11T10:48:25Z,-1.22468344632445,linear
QUE,B,2019-07-11,2,Reco,1,zero,343,0,30.77653061224487,0.6352885705975511,2019-07-11T10:57:01Z,0,linear
QUE,B,2019-07-11,3,NEE,1,zero,344,0,31.596714285714256,0.6346269291607143,2019-07-11T11:06:38Z,0,linear
QUE,B,2019-07-11,3,NEE,2,ok,345,-0.02056732369139893,31.670000000000016,0.6345863948108929,2019-07-11T11:09:59Z,-0.7961172073017317,linear
QUE,B,2019-07-11,3,NEE,3,ok,346,-0.03040206827940688,31.744264705882358,0.6345481411661764,2019-07-11T11:13:14Z,-1.1764416211366249,linear
QUE,B,2019-07-11,3,NEE,4,ok,347,-0.03432070789943681,31.807027027027004,0.6344769854083784,2019-07-11T11:16:29Z,-1.3276554880229023,linear
QUE,B,2019-07-11,3,Reco,1,ok,348,0.015607665052875436,31.893428571428558,0.6344704313231428,2019-07-11T11:26:32Z,0.6035865861036863,linear
QUE,B,2019-07-11,4,NEE,1,ok,349,-0.0444217028397007,30.72414285714285,0.6342744565535714,2019-07-11T11:34:04Z,-1.723973585358838,linear
QUE,B,2019-07-11,4,NEE,2,ok,350,-0.048136126564761336,30.41828571428573,0.6342533081971428,2019-07-11T11:37:16Z,-1.869947497730387,linear
QUE,B,2019-07-11,4,NEE,3,ok,351,-0.0631051064714883,30.17742857142855,0.6342927851291428,2019-07-11T11:40:35Z,-2.4535477899520695,linear
QUE,B,2019-07-11,4,NEE,4,ok,352,-0.027619070237598402,29.934000000000026,0.634248950354,2019-07-11T11:44:02Z,-1.0746269580352907,linear
QUE,B,2019-07-11,4,Reco,1,zero,353,0,29.645483870967723,0.6341762190269354,2019-07-11T11:48:12Z,0,linear
QUE,B,2019-07-11,5,NEE,1,ok,354,-0.0446526203738203,29.525846153846146,0.634035968164923,2019-07-11T11:56:48Z,-1.7391418665727991,linear
QUE,B,2019-07-11,5,NEE,2,ok,355,-0.055471400368281444,25.883636363636356,0.6338739194999999,2019-07-11T12:28:33Z,-2.1862705295205385,linear
QUE,B,2019-07-11,5,NEE,3,ok,356,-0.040087504842208195,25.79314285714287,0.6338247015068571,2019-07-11T12:32:05Z,-1.5803072029937058,linear
QUE,B,2019-07-11,5,NEE,4,ok,357,-0.03481101470676039,25.839999999999975,0.633832984613125,2019-07-11T12:35:39Z,-1.3721032256874142,linear
QUE,B,2019-07-11,5,Reco,1,zero,358,0,25.95016666666669,0.6337577317115,2019-07-11T12:39:43Z,0,linear
ACJ,C,2019-07-12,1,NEE,1,ok,359,-0.1580873285302247,19.426716417910427,0.6668729119291044,2019-07-12T09:51:19Z,-6.6996529391431325,linear
ACJ,C,2019-07-12,1,Reco,1,ok,360,0.053250898069858395,20.046530612244908,0.6668560172932653,2019-07-12T09:55:51Z,2.2519156209344424,linear
ACJ,C,2019-07-12,2,NEE,1,ok,361,-0.12732567119211946,21.007343750000018,0.6667006146384374,2019-07-12T10:04:07Z,-5.365609524258155,linear
ACJ,C,2019-07-12,2,Reco,1,ok,362,0.047610895931192436,21.81400000000002,0.6667146254245714,2019-07-12T10:12:38Z,2.0009178187594023,linear
ACJ,C,2019-07-12,4,NEE,1,ok,363,-0.05102057686074363,22.454857142857122,0.6665454385731427,2019-07-12T10:21:29Z,-2.1390231718765915,linear
ACJ,C,2019-07-12,4,Reco,1,ok,364,0.011489276365719572,22.65869565217389,0.666560845201884,2019-07-12T10:25:48Z,0.4813638459439911,linear
ACJ,C,2019-07-12,5,NEE,1,ok,365,-0.08165085128270554,23.062615384615356,0.6664191991532307,2019-07-12T10:34:59Z,-3.4155181406368564,linear
ACJ,C,2019-07-12,5,Reco,1,ok,366,0.021382436813431768,23.254696969696965,0.6663765935133332,2019-07-12T10:41:59Z,0.8938070578384949,linear
ACJ,C,2019-07-12,3,NEE,1,ok,367,-0.08919175468719825,23.372121212121215,0.666581454865,2019-07-12T10:51:18Z,-3.7279730685842445,linear
ACJ,C,2019-07-12,3,NEE,2,ok,368,-0.10238024209010381,23.395142857142844,0.6664819935038571,2019-07-12T10:56:06Z,-4.278245352523804,linear
ACJ,C,2019-07-12,3,NEE,3,ok,369,-0.0794697891512257,23.40283582089552,0.6665017109267164,2019-07-12T10:59:19Z,-3.320879961808921,linear
ACJ,C,2019-07-12,3,NEE,4,ok,370,-0.03925711960067823,23.407428571428568,0.666508781422,2019-07-12T11:02:51Z,-1.6404667384661735,linear
ACJ,C,2019-07-12,3,Reco,1,ok,371,-0.00917120377395802,23.402571428571434,0.6664340572292856,2019-07-12T11:06:38Z,-0.3832072893463877,linear
WAY,C,2019-07-13,1,NEE,1,ok,372,-0.17346572368775448,18.55967741935484,0.6986477795053225,2019-07-13T09:15:11Z,-7.724547499563467,linear
WAY,C,2019-07-13,1,NEE,2,ok,373,-0.14448059801025648,19.223285714285737,0.698603527138,2019-07-13T09:18:28Z,-6.4188103734589435,linear
WAY,C,2019-07-13,1,NEE,3,ok,374,-0.03379913569134339,19.93230769230769,0.6985989721073845,2019-07-13T09:21:53Z,-1.4979449880184488,linear
WAY,C,2019-07-13,1,NEE,4,ok,375,-0.055151925860040724,21.614142857142838,0.6985414919591428,2019-07-13T09:30:14Z,-2.4301336970592295,linear
WAY,C,2019-07-13,1,Reco,1,ok,376,0.06310438466254725,22.457857142857165,0.6985485414112856,2019-07-13T09:34:25Z,2.7726310523100666,linear
WAY,C,2019-07-13,2,NEE,1,ok,377,-0.1548083684513365,23.717424242424272,0.6983873012149999,2019-07-13T09:41:28Z,-6.771426251893607,linear
WAY,C,2019-07-13,2,NEE,2,ok,378,-0.13204850037909024,24.302714285714274,0.6983398776278571,2019-07-13T09:44:28Z,-5.764137198301537,linear
WAY,C,2019-07-13,2,NEE,3,ok,379,-0.1616293037940929,24.901857142857125,0.6983004006958571,2019-07-13T09:47:36Z,-7.0408078297834775,linear
WAY,C,2019-07-13,2,NEE,4,ok,380,-0.07208290332430077,25.481093750000014,0.6982837023060937,2019-07-13T09:50:32Z,-3.13387075289221,linear
WAY,C,2019-07-13,2,Reco,1,ok,381,0.02473501760347191,26.234328358208927,0.6982762221271641,2019-07-13T09:54:22Z,1.0726606378774008,linear
WAY,C,2019-07-13,3,NEE,1,ok,382,-0.1663902129538593,27.480615384615362,0.6981298039539999,2019-07-13T10:01:32Z,-7.1842705736610695,linear
WAY,C,2019-07-13,3,NEE,2,ok,383,-0.1451629278665121,28.0282608695652,0.6981552637144928,2019-07-13T10:04:43Z,-6.25656620321688,linear
WAY,C,2019-07-13,3,NEE,3,ok,384,-0.09459653394180197,28.630735294117642,0.6981074530439706,2019-07-13T10:07:59Z,-4.06872105054126,linear
WAY,C,2019-07-13,3,NEE,4,ok,385,-0.0716922394769697,29.174423076923063,0.6981058900432692,2019-07-13T10:11:15Z,-3.078025021771425,linear
WAY,C,2019-07-13,3,Reco,1,ok,386,0.08812226624398219,30.041323529411784,0.6979869903470588,2019-07-13T10:16:07Z,3.7719692723044465,linear
WAY,C,2019-07-13,5,NEE,1,ok,387,-0.10556467330133983,31.081641791044774,0.697539712201791,2019-07-13T10:24:41Z,-4.500233978131055,linear
WAY,C,2019-07-13,5,NEE,2,ok,388,-0.09139679270281875,31.439999999999998,0.69754505189875,2019-07-13T10:27:49Z,-3.8917013665849196,linear
WAY,C,2019-07-13,5,NEE,3,ok,389,-0.07965435137405864,31.88941176470587,0.6974659528989706,2019-07-13T10:31:35Z,-3.386323875284259,linear
WAY,C,2019-07-13,5,NEE,4,ok,390,-0.046697667877941676,32.29649122807018,0.6973877068901755,2019-07-13T10:35:00Z,-1.9823770845135682,linear
WAY,C,2019-07-13,5,Reco,1,ok,391,0.06305524159695039,32.86206896551721,0.6973208671663793,2019-07-13T10:39:49Z,2.6715741346261828,linear
WAY,C,2019-07-13,4,NEE,1,ok,392,-0.11244992872925001,33.89590163934429,0.6974004514562295,2019-07-13T10:50:36Z,-4.748867293685534,linear
WAY,C,2019-07-13,4,Reco,1,ok,393,0.0612474024974817,34.2020588235294,0.6972990467526471,2019-07-13T10:54:12Z,2.58358378135043,linear
WAY,B,2019-07-13,1,NEE,1,ok,394,-0.09011574199785755,33.06585714285711,0.7010708353880001,2019-07-13T11:39:03Z,-3.83607259159897,linear
WAY,B,2019-07-13,1,NEE,2,ok,395,-0.08737145421944166,33.21957142857144,0.7011032628678572,2019-07-13T11:42:24Z,-3.7175588575467278,linear
WAY,B,2019-07-13,1,NEE,3,ok,396,-0.12224885314706552,33.24000000000001,0.7010666057167144,2019-07-13T11:47:04Z,-5.200934894003219,linear
WAY,B,2019-07-13,1,NEE,4,ok,397,-0.08424711909440083,33.36400000000003,0.7010440474698573,2019-07-13T11:50:38Z,-3.5826301696660874,linear
WAY,B,2019-07-13,1,Reco,1,ok,398,0.08936467752274148,33.774,0.7009312562355715,2019-07-13T11:56:42Z,3.794568519128027,linear
WAY,B,2019-07-13,2,NEE,1,ok,399,-0.1376932625695155,34.36314285714286,0.7007578397128572,2019-07-13T12:05:31Z,-5.834033295339159,linear
WAY,B,2019-07-13,2,NEE,2,ok,400,-0.1440565613975057,34.491967213114776,0.7007025997436065,2019-07-13T12:12:31Z,-6.100608040017425,linear
WAY,B,2019-07-13,2,NEE,3,ok,401,-0.09110284334754472,34.60871428571431,0.700646458369,2019-07-13T12:18:22Z,-3.8563143941760774,linear
WAY,B,2019-07-13,2,NEE,4,ok,402,-0.04479634614079509,34.64871428571428,0.7005886528614285,2019-07-13T12:21:43Z,-1.8957925795033546,linear
WAY,B,2019-07-13,2,Reco,1,ok,403,0.0581865082867409,34.73414285714284,0.7005787836284285,2019-07-13T12:26:09Z,2.46174965272087,linear
WAY,B,2019-07-13,3,NEE,1,ok,404,-0.09222064235172936,34.61442857142856,0.7001163395678571,2019-07-13T12:34:50Z,-3.900604015258337,linear
WAY,B,2019-07-13,3,Reco,1,ok,405,0.029362302073788486,34.53857142857146,0.7001008307731428,2019-07-13T12:38:56Z,1.2421992410704121,linear
WAY,B,2019-07-13,4,NEE,1,ok,406,-0.06724268452919324,34.29714285714283,0.6998857217763265,2019-07-13T12:54:13Z,-2.846122871683009,linear
WAY,B,2019-07-13,4,Reco,1,ok,407,0.03682753908448164,34.12619999999998,0.6998016520242,2019-07-13T13:01:45Z,1.5594471779164296,linear
WAY,B,2019-07-13,5,NEE,1,ok,408,-0.15705634569921806,34.04649999999998,0.6996595350689999,2019-07-13T13:08:46Z,-6.650861619533726,linear
WAY,B,2019-07-13,5,Reco,1,ok,409,0.05143173534318184,33.971714285714256,0.69959045043799994,2019-07-13T13:12:40Z,2.1782938084280783,linear
TRE,B,2019-07-14,1,NEE,1,ok,410,-0.14657565401115277,19.08785714285716,0.6571485188667143,2019-07-14T09:54:28Z,-6.128311454681899,linear
TRE,B,2019-07-14,1,NEE,2,ok,411,-0.14225720849453816,20.024285714285725,0.6570596957697142,2019-07-14T09:57:48Z,-5.927958635609256,linear
TRE,B,2019-07-14,1,NEE,3,ok,412,-0.13263687902694216,20.987142857142885,0.657014579276,2019-07-14T10:01:16Z,-5.508601565470818,linear
TRE,B,2019-07-14,1,NEE,4,ok,413,-0.11664828207593579,22.062714285714264,0.6570131693855714,2019-07-14T10:05:13Z,-4.826911028281798,linear
TRE,B,2019-07-14,1,Reco,1,discard,414,NA,24.136666666666656,0.6569253906518518,2019-07-14T10:13:34Z,NA,linear
TRE,B,2019-07-14,3,NEE,1,ok,415,-0.06736778726420165,26.69799999999998,0.6566339088602857,2019-07-14T10:31:41Z,-2.7430035035802725,linear
TRE,B,2019-07-14,3,Reco,1,ok,416,0.04738602402985214,26.829999999999984,0.6566169901751429,2019-07-14T10:35:15Z,1.9285105333160617,linear
TRE,B,2019-07-14,4,NEE,1,ok,417,-0.037773488216214304,26.988928571428573,0.65656306186625,2019-07-14T10:43:36Z,-1.5363605231912898,linear
TRE,B,2019-07-14,4,Reco,1,ok,418,0.03788616088828075,27.143399999999986,0.6565270391658,2019-07-14T10:50:06Z,1.5400660920814186,linear
TRE,B,2019-07-14,5,NEE,1,ok,419,-0.04033925369266335,27.398000000000025,0.6564280648577143,2019-07-14T10:56:45Z,-1.6381478158730316,linear
TRE,B,2019-07-14,5,Reco,1,ok,420,0.021571903371814426,27.527857142857158,0.656422425296,2019-07-14T11:00:12Z,0.875633480669772,linear
ACJ,C,2019-11-20,1,NEE,1,ok,421,-0.11202197236214657,23.36714285714288,0.6677071882862857,2019-11-20T12:16:45Z,-4.690200294824453,linear
ACJ,C,2019-11-20,1,Reco,1,zero,422,0,23.46085714285715,0.667604266285,2019-11-20T12:23:58Z,0,linear
ACJ,C,2019-11-20,2,NEE,1,ok,423,-0.16865595002480807,23.36828571428572,0.6675098036262856,2019-11-20T12:31:46Z,-7.059269543843785,linear
ACJ,C,2019-11-20,2,Reco,1,ok,424,0.07224589627503304,23.408863636363662,0.6674584707974999,2019-11-20T12:35:11Z,3.02328057157953,linear
ACJ,C,2019-11-20,3,NEE,1,ok,425,-0.18288445096692216,23.956888888888898,0.6671820824288888,2019-11-20T12:47:41Z,-7.635902341230469,linear
ACJ,C,2019-11-20,3,Reco,1,ok,426,0.06754928280640093,24.227575757575778,0.6671765995216666,2019-11-20T12:50:56Z,2.817768181886373,linear
ACJ,C,2019-11-20,4,NEE,1,ok,427,-0.09974771344946211,24.684571428571417,0.6669218793175713,2019-11-20T12:57:25Z,-4.152931201119762,linear
ACJ,C,2019-11-20,4,Reco,1,ok,428,0.05985585760705565,25.066285714285698,0.6668499749057142,2019-11-20T13:03:49Z,2.488601564349754,linear
ACJ,C,2019-11-20,5,NEE,1,ok,429,-0.2763859665280821,25.27819999999997,0.6667476168605999,2019-11-20T13:14:01Z,-11.481259429389636,linear
ACJ,C,2019-11-20,5,Reco,1,ok,430,0.07065361728728882,25.43685714285715,0.6666610495882856,2019-11-20T13:18:44Z,2.9330585022702658,linear
TRE,C,2019-11-21,1,NEE,1,ok,431,-0.07510860124922916,19.213714285714275,0.6497621029114286,2019-11-21T09:32:29Z,-3.103648364475339,linear
TRE,C,2019-11-21,1,Reco,1,ok,432,0.10283877494239006,19.54442857142857,0.649731085322,2019-11-21T09:35:42Z,4.244514424667855,linear
TRE,C,2019-11-21,2,NEE,1,ok,433,-0.1417029078736844,20.053428571428583,0.649681739157,2019-11-21T09:44:12Z,-5.837976034012706,linear
TRE,C,2019-11-21,2,Reco,1,ok,434,0.09875667051197667,20.22800000000001,0.6496760995952857,2019-11-21T09:47:26Z,4.066190449009574,linear
TRE,C,2019-11-21,3,NEE,1,ok,435,-0.2515636387998982,21.138428571428562,0.649622523759,2019-11-21T09:56:25Z,-10.324943556273972,linear
TRE,C,2019-11-21,3,Reco,1,ok,436,0.10539924814117146,21.595571428571418,0.649556258908857,2019-11-21T09:59:28Z,4.318758563824506,linear
TRE,C,2019-11-21,4,NEE,1,ok,437,-0.06976076725852778,22.654999999999973,0.6494293687702857,2019-11-21T10:08:06Z,-2.8476695551622884,linear
TRE,C,2019-11-21,4,Reco,1,ok,438,0.0997873175061779,23.133142857142843,0.6494166797564285,2019-11-21T10:11:27Z,4.066715339084691,linear
TRE,C,2019-11-21,5,NEE,1,ok,439,-0.07852044598373212,24.07499999999999,0.6492799203848572,2019-11-21T10:19:23Z,-3.18919682986304,linear
TRE,C,2019-11-21,5,Reco,1,zero,440,0,24.293124999999975,0.649241324634375,2019-11-21T10:22:19Z,0,linear
ACJ,NB,2019-11-23,1,NEE,1,ok,441,-0.03891898413065741,16.22733333333332,0.6728300251585,2019-11-23T09:41:14Z,-1.6824969239206657,linear
ACJ,NB,2019-11-23,1,Reco,1,ok,442,0.12071100455181814,16.434000000000026,0.6727616454727143,2019-11-23T09:43:56Z,5.214173225627226,linear
ACJ,NB,2019-11-23,2,NEE,1,zero,443,0,17.4349230769231,0.6727582834263077,2019-11-23T09:55:09Z,0,linear
ACJ,NB,2019-11-23,2,Reco,1,ok,444,0.06933616754433683,17.696515151515143,0.6726405657916666,2019-11-23T09:58:40Z,2.9814734989324254,linear
ACJ,NB,2019-11-23,3,NEE,1,ok,445,-0.1180918609622795,18.215641025641048,0.6725831678048718,2019-11-23T10:08:17Z,-5.068501202250334,linear
ACJ,NB,2019-11-23,3,Reco,1,ok,446,0.11031242269063313,18.46333333333331,0.6725912196266667,2019-11-23T10:11:30Z,4.730642930653138,linear
ACJ,NB,2019-11-23,4,NEE,1,ok,447,-0.11476473944953038,18.898000000000025,0.672536191176,2019-11-23T10:20:30Z,-4.913849243848547,linear
ACJ,NB,2019-11-23,4,Reco,1,ok,448,0.11281796440672243,19.039571428571435,0.6725741300457143,2019-11-23T10:23:01Z,4.8284266270639575,linear
ACJ,NB,2019-11-23,5,NEE,1,ok,449,-0.034834539683965604,20.38557142857144,0.6724430102358572,2019-11-23T10:38:48Z,-1.483736401197972,linear
ACJ,NB,2019-11-23,5,Reco,1,ok,450,0.07903440060827314,20.557000000000016,0.6724514695784286,2019-11-23T10:41:46Z,3.3644551507518408,linear
ACJ,B,2019-11-23,1,NEE,1,ok,451,-0.22147691371587003,19.44553846153849,0.6707555882990769,2019-11-23T11:11:38Z,-9.440108646470193,linear
ACJ,B,2019-11-23,1,Reco,1,ok,452,0.1527712234710661,19.50999999999999,0.6707046153374285,2019-11-23T11:14:47Z,6.509706572158845,linear
ACJ,B,2019-11-23,2,Reco,1,ok,453,0.05958177131119496,20.25728571428573,0.6705114603487143,2019-11-23T11:30:14Z,2.53163243600548,linear
ACJ,B,2019-11-23,2,NEE,1,ok,454,-0.03652271717506693,20.41428571428571,0.6705030010061429,2019-11-23T11:33:43Z,-1.551002566968613,linear
ACJ,B,2019-11-23,3,NEE,1,ok,455,-0.06809331379944693,20.613076923076903,0.6703562639484615,2019-11-23T11:39:09Z,-2.8891152256983044,linear
ACJ,B,2019-11-23,3,Reco,1,ok,456,0.043179051990141167,20.62828571428571,0.6702421712768571,2019-11-23T11:41:39Z,1.8316272258762354,linear
ACJ,B,2019-11-23,4,NEE,1,ok,457,-0.03771871208318438,20.68342857142858,0.6700941327818571,2019-11-23T11:47:37Z,-1.5993495687190113,linear
ACJ,B,2019-11-23,4,Reco,1,ok,458,0.04640976226005899,20.792714285714283,0.6700236382604285,2019-11-23T11:50:31Z,1.9669290655144116,linear
ACJ,B,2019-11-23,5,NEE,1,ok,459,-0.043354497549485796,21.099272727272705,0.669910975198,2019-11-23T11:57:26Z,-1.8352185143833148,linear
ACJ,B,2019-11-23,5,Reco,1,ok,460,0.05183409649547167,21.190428571428583,0.669814974477,2019-11-23T12:00:23Z,2.193170507661723,linear
TRE,B,2019-11-24,1,NEE,1,ok,461,-0.11779364329653014,16.663142857142873,0.6562602878967143,2019-11-24T09:28:28Z,-4.959430771113854,linear
TRE,B,2019-11-24,1,Reco,1,ok,462,0.06759947247880262,17.64685714285713,0.656165825238,2019-11-24T09:35:13Z,2.8360842992637725,linear
TRE,B,2019-11-24,2,NEE,1,ok,463,-0.08485210975305645,18.624666666666656,0.6561115444565,2019-11-24T09:42:52Z,-3.547681902058758,linear
TRE,B,2019-11-24,2,Reco,1,ok,464,0.05616923738766385,19.071285714285693,0.65610660984,2019-11-24T09:46:20Z,2.3448389684369166,linear
TRE,B,2019-11-24,3,NEE,1,ok,465,-0.10790685120783823,19.9002857142857,0.6559613911258572,2019-11-24T09:52:33Z,-4.490938197351827,linear
TRE,B,2019-11-24,3,Reco,1,ok,466,0.05314621590069324,20.329857142857122,0.6560050977291428,2019-11-24T09:56:22Z,2.2087837187082457,linear
TRE,B,2019-11-24,4,NEE,1,ok,467,-0.05688598501317567,20.864571428571423,0.655978309811,2019-11-24T10:03:10Z,-2.3598143462193,linear
TRE,B,2019-11-24,4,Reco,1,ok,468,0.06623892723306055,21.07499999999999,0.6559571614545714,2019-11-24T10:06:41Z,2.7457508472788947,linear
TRE,B,2019-11-24,5,NEE,1,ok,469,-0.06057698579122627,21.489142857142838,0.6559162746321429,2019-11-24T10:13:42Z,-2.5073649682495445,linear
TRE,B,2019-11-24,5,Reco,1,ok,470,0.07376350130330439,21.640735294117633,0.6559280928313235,2019-11-24T10:16:41Z,3.0516579548659086,linear
PIL,C,2019-11-25,1,NEE,1,ok,471,-0.10783021098090279,23.858000000000004,0.6518120835945715,2019-11-25T09:12:03Z,-4.39993888984094,linear
PIL,C,2019-11-25,1,Reco,1,ok,472,0.06675242513187357,24.57642857142855,0.6518078539232858,2019-11-25T09:15:16Z,2.7171973314956794,linear
PIL,C,2019-11-25,2,NEE,1,ok,473,-0.13231596379085342,26.09114285714287,0.651741589073143,2019-11-25T09:20:53Z,-5.35819240799823,linear
PIL,C,2019-11-25,2,Reco,1,ok,474,0.09368070442079524,28.887571428571448,0.6515202362758572,2019-11-25T09:39:36Z,3.7572406923434123,linear
PIL,C,2019-11-25,3,NEE,1,ok,475,-0.05199315571737057,29.055428571428592,0.6512918340264285,2019-11-25T09:47:18Z,-2.0833943351295297,linear
PIL,C,2019-11-25,3,Reco,1,ok,476,0.0433891346150111,29.04575757575759,0.65131554582,2019-11-25T09:50:10Z,1.7387454201379733,linear
PIL,C,2019-11-25,4,NEE,1,ok,477,-0.026192951962940293,29.088571428571413,0.6510592021057142,2019-11-25T09:57:13Z,-1.049076044135546,linear
PIL,C,2019-11-25,4,Reco,1,ok,478,0.047702765191612054,29.109285714285704,0.6510606119961427,2019-11-25T10:00:00Z,1.9104569449563948,linear
PIL,C,2019-11-25,5,NEE,1,ok,479,-0.03520545790140476,29.052461538461557,0.6507316737138461,2019-11-25T10:06:47Z,-1.409502581641663,linear
PIL,C,2019-11-25,5,Reco,1,ok,480,0.04851912448528515,28.95685714285713,0.6507194185124285,2019-11-25T10:09:50Z,1.9431130535484198,linear
PIL,B,2019-11-25,1,NEE,1,ok,481,-0.19379561937639805,28.377428571428595,0.6499693568044286,2019-11-25T10:20:12Z,-7.767154492444011,linear
PIL,B,2019-11-25,1,Reco,1,ok,482,0.09924587476310064,28.478999999999985,0.6499961447225714,2019-11-25T10:23:04Z,3.976510011216103,linear
PIL,B,2019-11-25,2,NEE,1,ok,483,-0.053578867156015134,28.648000000000025,0.6497886558478333,2019-11-25T10:28:52Z,-2.1448712316256193,linear
PIL,B,2019-11-25,2,Reco,1,ok,484,0.0499650531218797,28.61642857142857,0.6497296754315713,2019-11-25T10:31:47Z,2.0002305825820934,linear
PIL,B,2019-11-25,3,NEE,1,ok,485,-0.02862036265896343,28.530681818181847,0.649534597865,2019-11-25T10:39:10Z,-1.1457288535243653,linear
PIL,B,2019-11-25,3,Reco,1,ok,486,0.06148510431373894,28.413857142857125,0.6494956336204285,2019-11-25T10:42:28Z,2.4621742789212546,linear
PIL,B,2019-11-25,4,Reco,1,ok,487,0.05324490427070857,28.148428571428553,0.6492926093987142,2019-11-25T10:55:44Z,2.1334062996128944,linear
PIL,B,2019-11-25,4,NEE,1,zero,488,0,27.63771428571431,0.6493081181934285,2019-11-25T11:06:47Z,0,linear
PIL,B,2019-11-25,5,Reco,1,ok,489,0.10274168060655238,27.18942857142855,0.6491417511228571,2019-11-25T11:16:04Z,4.128818459414974,linear
PIL,B,2019-11-25,5,NEE,1,ok,490,-0.06422151509996249,25.739142857142838,0.6489302675585714,2019-11-25T11:42:16Z,-2.5925095706662886,linear
WAY,B,2019-11-26,1,NEE,1,ok,491,-0.06757041724126474,20.379777777777804,0.6992329648871111,2019-11-26T08:42:04Z,-2.9928038867723465,linear
WAY,B,2019-11-26,1,Reco,1,ok,492,0.14075047900597143,21.574285714285736,0.6992464371734285,2019-11-26T08:45:25Z,6.208921221977423,linear
WAY,B,2019-11-26,2,NEE,1,ok,493,-0.16109742388372622,23.516285714285686,0.6989997063484286,2019-11-26T08:53:25Z,-7.057474609893477,linear
WAY,B,2019-11-26,2,Reco,1,ok,494,0.10973192074882776,24.325652173913056,0.698947663001739,2019-11-26T08:56:46Z,4.793780479917654,linear
WAY,B,2019-11-26,3,NEE,1,ok,495,-0.15790616911669456,26.057999999999993,0.6986809626584615,2019-11-26T09:03:03Z,-6.855777839927502,linear
WAY,B,2019-11-26,3,Reco,1,ok,496,0.13938226549569377,26.794714285714292,0.69864300407,2019-11-26T09:06:13Z,6.036338008389574,linear
WAY,B,2019-11-26,4,NEE,1,ok,497,-0.1175205475925629,28.307428571428545,0.6983976831354285,2019-11-26T09:13:22Z,-5.062237722601528,linear
WAY,B,2019-11-26,4,Reco,1,ok,498,0.04813685518402233,28.92028571428574,0.6983314182852857,2019-11-26T09:16:20Z,2.0691082818803777,linear
WAY,B,2019-11-26,5,NEE,1,ok,499,-0.08020061977161032,30.29385714285712,0.6980875072411429,2019-11-26T09:22:42Z,-3.430529592866058,linear
WAY,B,2019-11-26,5,Reco,1,ok,500,0.12454733281202995,30.873548387096776,0.6980444828429032,2019-11-26T09:25:47Z,5.316945841165098,linear
WAY,C,2019-11-26,1,NEE,1,ok,501,-0.1612315781649855,32.76214285714286,0.6949674197227143,2019-11-26T09:55:43Z,-6.810355202672996,linear
WAY,C,2019-11-26,1,Reco,1,ok,502,0.1418686840316183,33.29314285714287,0.6949152537768571,2019-11-26T09:59:16Z,5.981641861065118,linear
WAY,C,2019-11-26,2,NEE,1,ok,503,-0.12060207532142701,34.48382978723407,0.6947772045055319,2019-11-26T10:06:32Z,-5.064285483042915,linear
WAY,C,2019-11-26,2,Reco,1,ok,504,0.06613905864326367,36.467714285714294,0.6945937987591428,2019-11-26T10:21:34Z,2.758767114999162,linear
WAY,C,2019-11-26,3,NEE,1,ok,505,-0.1716831874743912,36.72142857142859,0.6944612690588572,2019-11-26T10:30:16Z,-7.1539548152556875,linear
WAY,C,2019-11-26,3,Reco,1,ok,506,0.12423189228164128,36.88900000000001,0.6944697284014286,2019-11-26T10:33:36Z,5.173947557246534,linear
WAY,C,2019-11-26,4,NEE,1,ok,507,-0.07944267951665784,37.50599999999997,0.694214410062,2019-11-26T10:44:10Z,-3.3008036583795626,linear
WAY,C,2019-11-26,4,Reco,1,ok,508,0.10042134276504977,37.65100000000001,0.6942201777955714,2019-11-26T10:47:08Z,4.170544685741464,linear
WAY,C,2019-11-26,5,NEE,1,ok,509,-0.11793008206765808,37.58757142857144,0.6941130261230001,2019-11-26T10:53:09Z,-4.897934330330697,linear
WAY,C,2019-11-26,5,Reco,1,ok,510,0.12442484732671534,37.475714285714275,0.6940978698008928,2019-11-26T10:56:24Z,5.1694263595773275,linear
QUE,B,2019-11-27,1,NEE,1,ok,511,-0.06974388253299092,20.189076923076925,0.6353660371046155,2019-11-27T10:03:35Z,-2.8087437897825636,linear
QUE,B,2019-11-27,1,NEE,2,ok,512,-0.0740953354740268,20.658571428571406,0.6353502029505714,2019-11-27T10:06:21Z,-2.9791440962476448,linear
QUE,B,2019-11-27,1,NEE,3,ok,513,-0.08005363811877832,21.417142857142835,0.6353135457994287,2019-11-27T10:11:07Z,-3.2102349322459043,linear
QUE,B,2019-11-27,1,NEE,4,ok,514,-0.028534508521067658,21.791571428571444,0.6353375139367143,2019-11-27T10:13:50Z,-1.142854218868,linear
QUE,B,2019-11-27,1,Reco,1,ok,515,0.04933509181468281,22.19485714285713,0.6353163655802858,2019-11-27T10:17:16Z,1.9731881579763235,linear
QUE,B,2019-11-27,2,NEE,1,ok,516,-0.026694406046446722,24.415918367346933,0.6351274402628571,2019-11-27T10:46:46Z,-1.0593753918442879,linear
QUE,B,2019-11-27,2,Reco,1,ok,517,0.01162447270193726,24.531200000000013,0.6351186989422,2019-11-27T10:49:51Z,0.46113563380740574,linear
QUE,B,2019-11-27,3,NEE,1,ok,518,0.02440083495055039,25.009142857142876,0.6346974236821428,2019-11-27T10:57:48Z,0.9657733591864974,linear
QUE,B,2019-11-27,3,Reco,1,ok,519,0.0368626878313237,25.038999999999987,0.6347580489705713,2019-11-27T11:00:58Z,1.4590007871534927,linear
QUE,B,2019-11-27,4,NEE,1,ok,520,-0.04736899481011,25.20085714285716,0.6345113181455714,2019-11-27T11:06:45Z,-1.8730880018801774,linear
QUE,B,2019-11-27,4,Reco,1,ok,521,0.03964656239065962,25.32882352941175,0.6344886354966176,2019-11-27T11:10:00Z,1.5669956482176188,linear
QUE,B,2019-11-27,5,NEE,1,ok,522,-0.08640372014771287,25.68885714285716,0.6343195730472857,2019-11-27T11:16:00Z,-3.4100081499943253,linear
QUE,B,2019-11-27,5,NEE,2,ok,523,-0.0700630677062704,25.898571428571415,0.634285735677,2019-11-27T11:19:35Z,-2.763021671527505,linear
QUE,B,2019-11-27,5,NEE,3,ok,524,-0.07931583989201255,26.117428571428547,0.6342885554578571,2019-11-27T11:22:27Z,-3.125642335148847,linear
QUE,B,2019-11-27,5,NEE,4,ok,525,-0.09077471553694698,26.363800000000026,0.6342956049099999,2019-11-27T11:25:05Z,-3.5743056801870194,linear
QUE,B,2019-11-27,5,Reco,1,ok,526,0.019703165254483953,26.631428571428557,0.6343040642525714,2019-11-27T11:28:15Z,0.7751409820333571,linear
WAY,B,2020-03-12,1,NEE,1,start_error,527,NA,-66.19299999999998,0.700478681408,2020-03-12T09:13:37Z,NA,linear
WAY,B,2020-03-12,1,Reco,1,start_error,528,NA,-66.20685714285713,0.7004829110792856,2020-03-12T09:18:56Z,NA,linear
WAY,B,2020-03-12,2,NEE,1,start_error,529,NA,-66.233,0.7003517912694285,2020-03-12T09:31:02Z,NA,linear
WAY,B,2020-03-12,2,Reco,1,start_error,530,NA,-66.21185714285713,0.700323593460857,2020-03-12T09:38:34Z,NA,linear
WAY,B,2020-03-12,3,NEE,1,start_error,531,NA,-66.22757142857142,0.7000684032932857,2020-03-12T09:46:54Z,NA,linear
WAY,B,2020-03-12,3,Reco,1,start_error,532,NA,-66.21285714285716,0.7001036505539999,2020-03-12T09:50:30Z,NA,linear
WAY,B,2020-03-12,4,NEE,1,start_error,533,NA,-66.19968749999998,0.6998273120299999,2020-03-12T09:58:28Z,NA,linear
WAY,B,2020-03-12,4,Reco,1,start_error,534,NA,-66.2146875,0.6998473589095312,2020-03-12T10:01:09Z,NA,linear
WAY,C,2020-03-12,1,NEE,1,start_error,535,NA,-65.69171428571428,0.697310657615,2020-03-12T10:44:18Z,NA,linear
WAY,C,2020-03-12,1,Reco,1,start_error,536,NA,-65.67842857142858,0.697300788382,2020-03-12T10:49:06Z,NA,linear
WAY,C,2020-03-12,2,NEE,1,start_error,537,NA,-65.66042857142855,0.6969962520494286,2020-03-12T11:03:43Z,NA,linear
WAY,C,2020-03-12,2,Reco,1,start_error,538,NA,-66.12728571428573,0.6990546920751428,2020-03-12T11:08:39Z,NA,linear
WAY,B,2020-03-12,5,NEE,1,start_error,539,NA,-66.24157142857143,0.6995834009858571,2020-03-12T11:09:51Z,NA,linear
WAY,B,2020-03-12,5,Reco,1,start_error,540,NA,-66.22657142857145,0.6996186482465714,2020-03-12T11:12:23Z,NA,linear
WAY,C,2020-03-12,3,NEE,1,start_error,541,NA,-65.64128571428571,0.6967537508957143,2020-03-12T11:17:53Z,NA,linear
WAY,C,2020-03-12,3,Reco,1,start_error,542,NA,-65.65299999999999,0.696728372868,2020-03-12T11:22:14Z,NA,linear
WAY,C,2020-03-12,4,NEE,1,start_error,543,NA,-65.67971428571428,0.6965098398515714,2020-03-12T11:34:38Z,NA,linear
WAY,C,2020-03-12,4,Reco,1,start_error,544,NA,-65.64642857142857,0.6965168893037142,2020-03-12T11:42:13Z,NA,linear
WAY,C,2020-03-12,5,NEE,1,start_error,545,NA,-65.62157142857143,0.6962349112180001,2020-03-12T11:51:47Z,NA,linear
WAY,C,2020-03-12,5,Reco,1,start_error,546,NA,-65.63999999999999,0.6961940243955714,2020-03-12T11:55:08Z,NA,linear
TRE,B,2020-03-13,1,NEE,1,start_error,547,NA,-66.19285714285715,0.6575644365431428,2020-03-13T10:03:21Z,NA,linear
TRE,B,2020-03-13,1,Reco,1,start_error,548,NA,-66.19957142857143,0.6575136804877142,2020-03-13T10:11:12Z,NA,linear
TRE,B,2020-03-13,2,NEE,1,start_error,549,NA,-66.18886363636364,0.657412040205,2020-03-13T10:24:43Z,NA,linear
TRE,B,2020-03-13,2,Reco,1,start_error,550,NA,-66.17185714285716,0.6574756134461428,2020-03-13T10:29:16Z,NA,linear
TRE,B,2020-03-13,3,NEE,1,start_error,551,NA,-66.22440677966102,0.6573929556327118,2020-03-13T10:37:00Z,NA,linear
TRE,B,2020-03-13,3,Reco,1,start_error,552,NA,-66.21385714285714,0.6574798431174285,2020-03-13T10:39:12Z,NA,linear
TRE,B,2020-03-13,4,Reco,1,start_error,553,NA,-66.21385714285714,0.6575207299398571,2020-03-13T10:49:22Z,NA,linear
TRE,B,2020-03-13,5,NEE,1,start_error,554,NA,-66.23283333333333,0.6574866575878333,2020-03-13T10:57:11Z,NA,linear
TRE,B,2020-03-13,5,Reco,1,start_error,555,NA,-66.18573529411765,0.657526037762647,2020-03-13T11:00:34Z,NA,linear
TRE,B,2020-03-13,4,NEE,1,start_error,556,NA,-66.21854545454545,0.655134041788,2020-03-13T13:21:36Z,NA,linear
TRE,C,2020-03-13,4,NEE,1,start_error,557,NA,-65.69142857142856,0.6487892785157143,2020-03-13T13:25:43Z,NA,linear
TRE,C,2020-03-13,4,Reco,1,start_error,558,NA,-65.6585714285714,0.6487512114741428,2020-03-13T13:28:47Z,NA,linear
TRE,C,2020-03-13,5,NEE,1,start_error,559,NA,-65.64850000000001,0.6485698055723333,2020-03-13T13:35:36Z,NA,linear
TRE,C,2020-03-13,5,Reco,1,start_error,560,NA,-65.66614285714286,0.6485608762662857,2020-03-13T13:38:19Z,NA,linear
TRE,C,2020-03-13,3,NEE,1,start_error,561,NA,-65.65842857142857,0.6488061972008571,2020-03-13T13:45:55Z,NA,linear
TRE,C,2020-03-13,3,Reco,1,start_error,562,NA,-65.69910447761194,0.6488033774199999,2020-03-13T13:48:41Z,NA,linear
TRE,C,2020-03-13,2,NEE,1,start_error,563,NA,-65.65228571428571,0.648773769721,2020-03-13T13:55:39Z,NA,linear
TRE,C,2020-03-13,2,Reco,1,start_error,564,NA,-65.65899999999999,0.6488640027084286,2020-03-13T13:59:05Z,NA,linear
TRE,C,2020-03-13,1,NEE,1,start_error,565,NA,-65.66781818181818,0.648909247374,2020-03-13T14:09:41Z,NA,linear
TRE,C,2020-03-13,1,Reco,1,start_error,566,NA,-65.6792857142857,0.6489048895308571,2020-03-13T14:13:06Z,NA,linear
ACJ,C,2020-03-14,1,NEE,1,start_error,567,NA,-65.63299999999998,0.6699649868186001,2020-03-14T10:09:19Z,NA,linear
ACJ,C,2020-03-14,1,Reco,1,start_error,568,NA,-65.65085714285715,0.6698474019568571,2020-03-14T10:17:17Z,NA,linear
ACJ,C,2020-03-14,2,NEE,1,start_error,569,NA,-65.684,0.6697205118182857,2020-03-14T10:27:05Z,NA,linear
ACJ,C,2020-03-14,2,NEE,2,start_error,570,NA,-65.67128571428572,0.6697205118182857,2020-03-14T10:30:32Z,NA,linear
ACJ,NB,2020-03-14,1,NEE,1,discard,571,NA,-66.03866666666667,0.6727592956553333,2020-03-14T10:32:50Z,NA,linear
ACJ,C,2020-03-14,2,NEE,3,start_error,572,NA,-65.67142857142858,0.6697980557918571,2020-03-14T10:33:20Z,NA,linear
ACJ,NB,2020-03-14,1,Reco,1,discard,573,NA,-65.61228571428572,0.6697515294077143,2020-03-14T10:36:16Z,NA,linear
ACJ,C,2020-03-14,2,NEE,4,start_error,574,NA,-65.67666666666668,0.669649390678889,2020-03-14T10:36:51Z,NA,linear
ACJ,C,2020-03-14,2,Reco,1,start_error,575,NA,-65.69071428571428,0.6695710634328572,2020-03-14T10:40:19Z,NA,linear
ACJ,NB,2020-03-14,2,NEE,1,start_error,576,NA,-66.20614285714288,0.6740164479541428,2020-03-14T10:43:14Z,NA,linear
ACJ,NB,2020-03-14,2,Reco,1,start_error,577,NA,-66.25075757575758,0.6740387071333334,2020-03-14T10:46:22Z,NA,linear
ACJ,C,2020-03-14,3,NEE,1,start_error,578,NA,-65.6792857142857,0.6693468908547143,2020-03-14T10:54:32Z,NA,linear
ACJ,NB,2020-03-14,3,NEE,1,start_error,579,NA,-66.21328571428572,0.6739445435422857,2020-03-14T10:55:55Z,NA,linear
ACJ,NB,2020-03-14,3,Reco,1,start_error,580,NA,-66.21957142857144,0.6739374940901429,2020-03-14T10:58:43Z,NA,linear
ACJ,C,2020-03-14,3,Reco,1,start_error,581,NA,-65.65942857142858,0.6693158732652857,2020-03-14T11:02:16Z,NA,linear
ACJ,NB,2020-03-14,4,NEE,1,start_error,582,NA,-66.21300000000002,0.6737302401971429,2020-03-14T11:06:25Z,NA,linear
ACJ,NB,2020-03-14,4,Reco,1,start_error,583,NA,-66.233,0.6736978127172857,2020-03-14T11:09:03Z,NA,linear
ACJ,C,2020-03-14,4,NEE,1,start_error,584,NA,-65.68,0.6691029798105714,2020-03-14T11:12:55Z,NA,linear
ACJ,C,2020-03-14,4,Reco,1,start_error,585,NA,-65.66149999999999,0.6690032300627501,2020-03-14T11:16:05Z,NA,linear
ACJ,NB,2020-03-14,5,NEE,1,start_error,586,NA,-65.88499999999999,0.6708159966812858,2020-03-14T11:16:45Z,NA,linear
ACJ,NB,2020-03-14,5,Reco,1,start_error,587,NA,-66.17829787234041,0.6734806595936169,2020-03-14T11:20:31Z,NA,linear
ACJ,C,2020-03-14,5,NEE,1,start_error,588,NA,-65.66557142857141,0.6687547368747143,2020-03-14T11:29:55Z,NA,linear
ACJ,C,2020-03-14,5,Reco,1,start_error,589,NA,-65.61890625000001,0.6686621246971876,2020-03-14T11:33:38Z,NA,linear
ACJ,B,2020-03-14,1,NEE,1,start_error,590,NA,-66.24236363636362,0.670469035464,2020-03-14T13:08:18Z,NA,linear
ACJ,B,2020-03-14,1,Reco,1,start_error,591,NA,-66.25428571428571,0.6704494251698572,2020-03-14T13:11:42Z,NA,linear
ACJ,B,2020-03-14,2,NEE,1,start_error,592,NA,-66.18380952380954,0.670172616682381,2020-03-14T13:22:54Z,NA,linear
ACJ,B,2020-03-14,2,Reco,1,start_error,593,NA,-66.24128571428571,0.6701815459884286,2020-03-14T13:26:21Z,NA,linear
ACJ,B,2020-03-14,3,NEE,1,start_error,594,NA,-66.24142857142857,0.6700476063977143,2020-03-14T13:34:21Z,NA,linear
ACJ,B,2020-03-14,3,Reco,1,start_error,595,NA,-66.20728571428572,0.6700941327818573,2020-03-14T13:37:41Z,NA,linear
ACJ,B,2020-03-14,4,NEE,1,start_error,596,NA,-66.22642857142858,0.6697599887502858,2020-03-14T13:44:43Z,NA,linear
ACJ,B,2020-03-14,4,Reco,1,start_error,597,NA,-66.21485714285714,0.669745889846,2020-03-14T13:47:23Z,NA,linear
ACJ,B,2020-03-14,5,NEE,1,start_error,598,NA,-66.262,0.6696302788308571,2020-03-14T13:53:34Z,NA,linear
ACJ,B,2020-03-14,5,Reco,1,start_error,599,NA,-66.21185714285713,0.6695795227754285,2020-03-14T13:56:56Z,NA,linear
QUE,B,2020-03-15,1,NEE,1,start_error,600,NA,-66.20742857142858,0.6375736001564286,2020-03-15T09:16:34Z,NA,linear
QUE,B,2020-03-15,1,Reco,1,start_error,601,NA,-66.22714285714287,0.6375580913617143,2020-03-15T09:19:30Z,NA,linear
QUE,B,2020-03-15,2,NEE,1,start_error,602,NA,-66.22893939393941,0.6373565624783333,2020-03-15T09:26:34Z,NA,linear
QUE,B,2020-03-15,2,Reco,1,start_error,603,NA,-66.17842857142858,0.6373635264825714,2020-03-15T09:29:54Z,NA,linear
QUE,B,2020-03-15,3,NEE,1,start_error,604,NA,-66.21328571428572,0.6368573758187143,2020-03-15T09:39:45Z,NA,linear
QUE,B,2020-03-15,3,Reco,1,start_error,605,NA,-66.23385714285715,0.6368630153804286,2020-03-15T09:45:32Z,NA,linear
QUE,B,2020-03-15,4,NEE,1,start_error,606,NA,-66.19257142857143,0.6367558637078572,2020-03-15T09:52:29Z,NA,linear
QUE,B,2020-03-15,4,Reco,1,start_error,607,NA,-66.26285714285714,0.6367741922834286,2020-03-15T09:55:28Z,NA,linear
QUE,B,2020-03-15,5,NEE,1,start_error,608,NA,-66.21957142857144,0.6364992636498571,2020-03-15T10:03:38Z,NA,linear
QUE,B,2020-03-15,5,Reco,1,start_error,609,NA,-66.18485714285714,0.6365260515679999,2020-03-15T10:06:47Z,NA,linear
WAY,B,2018-03-12,1,ET,1,ok,1,0.07565390559660196,29.782575757575728,0.70082320736,2018-03-12T09:28:46Z,NA,exp_zhao18
WAY,B,2018-03-12,1,E,1,ok,2,0.08117049386510078,30.033000000000015,0.700804366097,2018-03-12T09:32:31Z,NA,exp_zhao18
WAY,B,2018-03-12,2,ET,1,ok,3,0.08542784283375798,30.415857142857135,0.7006323594647142,2018-03-12T09:43:26Z,NA,exp_zhao18
WAY,B,2018-03-12,2,E,1,ok,4,0.06918878387975337,30.64861538461537,0.7005971122039999,2018-03-12T09:47:46Z,NA,exp_zhao18
WAY,B,2018-03-12,3,ET,1,ok,5,0.15798143693519343,31.512999999999977,0.7002911659809999,2018-03-12T09:58:13Z,NA,exp_zhao18
WAY,B,2018-03-12,3,E,1,ok,6,0.08180759774308342,32.15300000000002,0.7002601483915714,2018-03-12T10:02:08Z,NA,exp_zhao18
WAY,B,2018-03-12,4,ET,1,ok,7,0.13709288454126892,33.779714285714306,0.69992600436,2018-03-12T10:11:07Z,NA,exp_zhao18
WAY,B,2018-03-12,4,E,1,ok,8,0.050035047422630125,34.49785714285713,0.6997638669607142,2018-03-12T10:15:27Z,NA,exp_zhao18
WAY,B,2018-03-12,5,ET,1,ok,9,0.14277861595792354,35.01042857142858,0.6994988075601428,2018-03-12T10:23:54Z,NA,exp_zhao18
WAY,B,2018-03-12,5,E,1,ok,10,0.08286957829793785,35.0984285714286,0.6994071646822857,2018-03-12T10:27:34Z,NA,exp_zhao18
WAY,C,2018-03-12,1,ET,1,ok,11,0.051764303345278366,28.409253731343256,0.6952476933140298,2018-03-12T11:49:27Z,NA,exp_zhao18
WAY,C,2018-03-12,1,E,1,ok,12,0.04160328830857823,28.13357142857143,0.6952014615338571,2018-03-12T11:52:58Z,NA,exp_zhao18
WAY,C,2018-03-12,2,ET,1,ok,13,0.10512894591194837,28.139714285714263,0.695080210957,2018-03-12T12:00:10Z,NA,exp_zhao18
WAY,C,2018-03-12,2,E,1,ok,14,0.05374720483238378,28.896714285714268,0.6949166636672857,2018-03-12T12:08:29Z,NA,exp_zhao18
WAY,C,2018-03-12,3,ET,1,ok,15,0.0962440069315478,29.839571428571446,0.6946910811987143,2018-03-12T12:16:49Z,NA,exp_zhao18
WAY,C,2018-03-12,3,E,1,ok,16,0.060568998436576524,30.07042857142858,0.6946290460198572,2018-03-12T12:20:14Z,NA,exp_zhao18
WAY,C,2018-03-12,4,ET,1,ok,17,0.09606145501194671,30.111285714285714,0.6941666019592857,2018-03-12T12:28:38Z,NA,exp_zhao18
WAY,C,2018-03-12,4,E,1,ok,18,0.04935050998634774,30.131692307692333,0.6940970835158462,2018-03-12T12:33:06Z,NA,exp_zhao18
WAY,C,2018-03-12,5,ET,1,ok,19,0.05312370999870676,29.85757142857142,0.693577267760143,2018-03-12T12:46:44Z,NA,exp_zhao18
WAY,C,2018-03-12,5,E,1,ok,20,0.04590392088119445,29.848571428571404,0.6935377908281429,2018-03-12T12:50:41Z,NA,exp_zhao18
PIL,B,2018-03-13,5,ET,1,ok,21,0.043054421921509434,23.710333333333324,0.6502064533781666,2018-03-13T09:15:26Z,NA,exp_zhao18
PIL,B,2018-03-13,5,E,1,ok,22,0.04697777333263159,23.980857142857133,0.6501498227792857,2018-03-13T09:19:24Z,NA,exp_zhao18
PIL,B,2018-03-13,4,ET,1,ok,23,0.019546668595087146,23.682999999999993,0.6502879920412856,2018-03-13T09:29:31Z,NA,exp_zhao18
PIL,B,2018-03-13,4,E,1,ok,24,0.021021039349380197,23.484603174603194,0.6502680969207936,2018-03-13T09:33:39Z,NA,exp_zhao18
PIL,B,2018-03-13,3,E,1,ok,25,0.027525481140542013,23.019571428571453,0.6504205217415714,2018-03-13T09:46:39Z,NA,exp_zhao18
PIL,B,2018-03-13,3,ET,1,ok,26,0.07071891095453645,22.940428571428583,0.6503415678775714,2018-03-13T09:50:03Z,NA,exp_zhao18
PIL,B,2018-03-13,2,ET,1,ok,27,0.07255691943914212,22.915999999999997,0.6504458997692857,2018-03-13T10:02:48Z,NA,exp_zhao18
PIL,B,2018-03-13,2,E,1,ok,28,0.04595685113175144,23.06857142857143,0.6503909140425713,2018-03-13T10:05:54Z,NA,exp_zhao18
PIL,B,2018-03-13,1,ET,1,ok,29,0.023880294557274064,22.34730158730156,0.6504905462995237,2018-03-13T10:22:01Z,NA,exp_zhao18
PIL,B,2018-03-13,1,E,1,ok,30,0.010712841383538653,22.06642857142856,0.6504755074682856,2018-03-13T10:26:05Z,NA,exp_zhao18
PIL,BB,2018-03-14,3,ET,1,ok,31,0.048461668445061674,12.10185714285717,0.6507222382932857,2018-03-14T07:14:51Z,NA,exp_zhao18
PIL,BB,2018-03-14,3,E,1,ok,32,0.05270143106906437,21.25799999999998,0.6508745064595713,2018-03-14T08:33:44Z,NA,exp_zhao18
PIL,BB,2018-03-14,2,ET,1,ok,33,0.16449779253678332,22.113,0.6511867971894999,2018-03-14T08:42:58Z,NA,exp_zhao18
PIL,BB,2018-03-14,2,E,1,ok,34,0.04644183615167925,22.68928571428569,0.6511987812581428,2018-03-14T08:46:52Z,NA,exp_zhao18
PIL,BB,2018-03-14,1,ET,1,ok,35,0.04244455242973925,22.531600000000026,0.6514641226368001,2018-03-14T08:56:26Z,NA,exp_zhao18
PIL,BB,2018-03-14,1,E,1,ok,36,0.02734966451355226,22.402857142857158,0.6514723000012858,2018-03-14T08:59:53Z,NA,exp_zhao18
PIL,C,2018-03-14,5,ET,1,ok,37,0.04000462136346103,20.85185714285717,0.6522519694082858,2018-03-14T09:17:52Z,NA,exp_zhao18
PIL,C,2018-03-14,5,E,1,ok,38,0.02101900804991431,20.712428571428575,0.6522970859020001,2018-03-14T09:22:02Z,NA,exp_zhao18
PIL,C,2018-03-14,4,E,1,ok,39,0.020468561755154633,19.91742857142856,0.6523873188894287,2018-03-14T09:58:36Z,NA,exp_zhao18
PIL,C,2018-03-14,4,ET,1,ok,40,0.052635546601653926,20.1035714285714,0.6523379727244286,2018-03-14T10:02:05Z,NA,exp_zhao18
PIL,C,2018-03-14,3,E,1,ok,41,0.012635003334183643,19.367285714285686,0.6525240782610001,2018-03-14T10:10:59Z,NA,exp_zhao18
PIL,C,2018-03-14,3,ET,1,ok,42,0.014978930759612659,19.099571428571437,0.652494470562,2018-03-14T10:15:00Z,NA,exp_zhao18
PIL,C,2018-03-14,2,ET,1,ok,43,0.02135788978287094,18.601999999999975,0.6526058519058572,2018-03-14T10:22:14Z,NA,exp_zhao18
PIL,C,2018-03-14,2,E,1,ok,44,0.00832348526411333,18.388428571428562,0.652563555193,2018-03-14T10:27:47Z,NA,exp_zhao18
PIL,C,2018-03-14,1,E,1,ok,45,0.005835707621365875,18.203714285714284,0.6525734244260001,2018-03-14T10:38:42Z,NA,exp_zhao18
ACJ,B,2018-03-15,5,ET,1,ok,46,0.052614134860553906,15.008857142857153,0.6692143611544287,2018-03-15T06:50:46Z,NA,exp_zhao18
ACJ,B,2018-03-15,5,E,1,ok,47,0.01651171403046297,15.531999999999982,0.6692228204970001,2018-03-15T06:54:54Z,NA,exp_zhao18
ACJ,B,2018-03-15,4,ET,1,ok,48,0.016269980003210317,16.62073529411765,0.6694707124082353,2018-03-15T07:06:41Z,NA,exp_zhao18
ACJ,B,2018-03-15,4,E,1,ok,49,0.02319512341765992,16.975714285714275,0.6694625018698571,2018-03-15T07:10:47Z,NA,exp_zhao18
ACJ,B,2018-03-15,3,ET,1,ok,50,0.06418212527620908,17.783999999999992,0.6696330986117143,2018-03-15T07:19:46Z,NA,exp_zhao18
ACJ,B,2018-03-15,3,E,1,ok,51,0.03171215678526875,18.11228571428569,0.6696443777351428,2018-03-15T07:22:08Z,NA,exp_zhao18
ACJ,B,2018-03-15,2,ET,1,ok,52,0.06393687729808725,19.553272727272713,0.66974409544,2018-03-15T07:30:40Z,NA,exp_zhao18
ACJ,B,2018-03-15,2,E,1,ok,53,0.0473885364763038,20.01942857142859,0.6697613986407143,2018-03-15T07:33:35Z,NA,exp_zhao18
ACJ,B,2018-03-15,1,ET,1,ok,54,0.07095118058071592,21.200781249999977,0.6697508244625,2018-03-15T07:40:28Z,NA,exp_zhao18
ACJ,B,2018-03-15,1,E,1,ok,55,0.0378787308816634,21.83914285714286,0.669755759079,2018-03-15T07:44:21Z,NA,exp_zhao18
ACJ,C,2018-03-15,5,ET,1,ok,56,0.03543788458158486,22.769499999999994,0.6661954332742499,2018-03-15T09:40:11Z,NA,exp_zhao18
ACJ,C,2018-03-15,5,E,1,ok,57,0.00989363374715626,22.90885714285713,0.6661915560755713,2018-03-15T09:47:00Z,NA,exp_zhao18
ACJ,C,2018-03-15,4,ET,1,ok,58,0.021173574399126892,22.804250000000025,0.666252181364,2018-03-15T09:54:45Z,NA,exp_zhao18
ACJ,C,2018-03-15,4,E,1,ok,59,0.019368169395407756,22.82257142857145,0.6661901461851428,2018-03-15T09:57:22Z,NA,exp_zhao18
ACJ,C,2018-03-15,3,ET,1,ok,60,0.07526324962121768,22.595199999999977,0.6662423121309999,2018-03-15T10:07:18Z,NA,exp_zhao18
ACJ,C,2018-03-15,3,E,1,ok,61,0.020502383107122286,22.683142857142855,0.6662084747607142,2018-03-15T10:09:53Z,NA,exp_zhao18
ACJ,C,2018-03-15,2,ET,1,ok,62,0.08233596150160394,22.694782608695675,0.6662161372086957,2018-03-15T10:16:35Z,NA,exp_zhao18
ACJ,C,2018-03-15,2,E,1,ok,63,0.034347306050970736,22.76514285714285,0.6661675879382857,2018-03-15T10:20:06Z,NA,exp_zhao18
ACJ,C,2018-03-15,1,ET,1,ok,64,0.06747941984064412,22.754428571428548,0.6662253934458571,2018-03-15T10:25:10Z,NA,exp_zhao18
ACJ,C,2018-03-15,1,E,1,ok,65,0.030927409812621195,23.09371428571427,0.6661675879382857,2018-03-15T10:34:35Z,NA,exp_zhao18
QUE,B,2018-03-17,5,E,1,ok,66,0.03716849085820367,13.777205882352916,0.6345742656064706,2018-03-17T08:08:21Z,NA,exp_zhao18
QUE,B,2018-03-17,5,ET,1,ok,67,0.08101746972300664,14.462714285714299,0.6345296467211429,2018-03-17T08:12:40Z,NA,exp_zhao18
QUE,B,2018-03-17,4,ET,1,ok,68,0.055591924961354545,15.451000000000022,0.6347312610524285,2018-03-17T08:20:02Z,NA,exp_zhao18
QUE,B,2018-03-17,4,E,1,ok,69,0.04451825787610191,16.66542857142855,0.6346396181745714,2018-03-17T08:28:56Z,NA,exp_zhao18
QUE,B,2018-03-17,3,ET,1,ok,70,0.06933763250830649,17.39227272727271,0.6347860758833332,2018-03-17T08:32:52Z,NA,exp_zhao18
QUE,B,2018-03-17,3,E,1,ok,71,0.03286511667921484,18.227857142857147,0.6347552291897142,2018-03-17T08:37:54Z,NA,exp_zhao18
QUE,B,2018-03-17,2,ET,1,ok,72,0.059926827285534306,19.16742857142856,0.6352599699631429,2018-03-17T08:51:13Z,NA,exp_zhao18
QUE,B,2018-03-17,2,E,1,ok,73,0.02857393346032337,19.482968749999998,0.6352408923832813,2018-03-17T08:55:55Z,NA,exp_zhao18
QUE,B,2018-03-17,1,E,1,ok,74,0.03174560486366487,17.50400000000002,0.6353146032172501,2018-03-17T09:52:49Z,NA,exp_zhao18
QUE,B,2018-03-17,1,ET,1,ok,75,0.03906789369109429,17.883030303030296,0.6352750515183334,2018-03-17T09:58:34Z,NA,exp_zhao18
QUE,B,2019-04-05,1,ET,1,ok,76,0.05335561363180895,28.01057142857144,0.6352176732502858,2019-04-05T10:42:45Z,NA,exp_zhao18
QUE,B,2019-04-05,1,E,1,ok,77,0.030894922956672684,28.21285714285716,0.6351810160991428,2019-04-05T10:45:19Z,NA,exp_zhao18
QUE,B,2019-04-05,2,ET,1,ok,78,0.015191619198706173,28.41742857142856,0.6350611754127142,2019-04-05T10:53:54Z,NA,exp_zhao18
QUE,B,2019-04-05,2,E,1,ok,79,0.01622221821205854,27.296857142857164,0.6349526138497141,2019-04-05T11:09:36Z,NA,exp_zhao18
QUE,B,2019-04-05,3,ET,1,ok,80,0.028511627902733604,24.298857142857116,0.6342124213747142,2019-04-05T11:30:41Z,NA,exp_zhao18
QUE,B,2019-04-05,3,E,1,ok,81,0.006163199959070233,23.958500000000015,0.6342511933614999,2019-04-05T11:33:32Z,NA,exp_zhao18
QUE,B,2019-04-05,4,ET,1,ok,82,0.0905701529221545,24.34413793103448,0.6339825120010344,2019-04-05T11:41:26Z,NA,exp_zhao18
QUE,B,2019-04-05,4,E,1,ok,83,0.002232556855704054,23.564999999999998,0.6339586410975714,2019-04-05T11:53:21Z,NA,exp_zhao18
QUE,B,2019-04-05,5,ET,1,ok,84,0.04651263837778115,22.988382352941187,0.6337513457372058,2019-04-05T12:08:57Z,NA,exp_zhao18
QUE,B,2019-04-05,5,E,1,ok,85,0.019100029005248827,23.76857142857142,0.6336385959702857,2019-04-05T12:11:31Z,NA,exp_zhao18
TRE,C,2019-04-08,1,ET,1,ok,86,0.08882400459770363,34.14542857142857,0.6504233415224285,2019-04-08T10:53:57Z,NA,exp_zhao18
TRE,C,2019-04-08,1,ET,2,ok,87,0.08857430749559594,34.73000000000002,0.6503359283158571,2019-04-08T10:57:10Z,NA,exp_zhao18
TRE,C,2019-04-08,1,ET,3,ok,88,0.09908676149725867,35.35072727272728,0.6503447721739999,2019-04-08T10:59:55Z,NA,exp_zhao18
TRE,C,2019-04-08,1,ET,4,ok,89,0.0906806567733981,35.858444444444444,0.6502508649266666,2019-04-08T11:02:34Z,NA,exp_zhao18
TRE,C,2019-04-08,1,E,1,ok,90,0.049241177953743276,36.295000000000016,0.650128674422857,2019-04-08T11:08:55Z,NA,exp_zhao18
TRE,C,2019-04-08,2,E,1,ok,91,0.025782715458259154,36.42771428571427,0.6498509260084285,2019-04-08T11:21:27Z,NA,exp_zhao18
TRE,C,2019-04-08,3,ET,1,ok,92,0.07039074688339285,36.469857142857165,0.6497141666368571,2019-04-08T11:28:13Z,NA,exp_zhao18
TRE,C,2019-04-08,3,E,1,ok,93,0.03170564306492217,36.4242857142857,0.6496366226632857,2019-04-08T11:31:34Z,NA,exp_zhao18
TRE,C,2019-04-08,4,ET,1,ok,94,0.047460025279906413,36.99727272727273,0.64945833561,2019-04-08T11:38:55Z,NA,exp_zhao18
TRE,C,2019-04-08,4,E,1,ok,95,0.038868488978179655,36.6647142857143,0.6493969412904286,2019-04-08T11:41:53Z,NA,exp_zhao18
TRE,C,2019-04-08,5,ET,1,ok,96,0.11065265722985013,37.43230769230769,0.6492315502978462,2019-04-08T11:49:24Z,NA,exp_zhao18
TRE,C,2019-04-08,5,ET,2,ok,97,0.06920390058750046,37.558142857142855,0.6492023764112856,2019-04-08T11:53:31Z,NA,exp_zhao18
TRE,C,2019-04-08,5,ET,3,ok,98,0.07018997284109024,37.3417391304348,0.6491795525328985,2019-04-08T11:56:30Z,NA,exp_zhao18
TRE,C,2019-04-08,5,ET,4,ok,99,0.08845637716162442,37.358000000000004,0.6491251144158,2019-04-08T11:59:41Z,NA,exp_zhao18
TRE,C,2019-04-08,5,E,1,ok,100,0.03839987662392101,36.656000000000006,0.6490862954326666,2019-04-08T12:03:31Z,NA,exp_zhao18
TRE,C,2019-04-08,4,ET,2,ok,101,0.05494650269503869,32.773571428571415,0.6489062994212857,2019-04-08T12:36:56Z,NA,exp_zhao18
TRE,C,2019-04-08,4,ET,3,ok,102,0.044871888936985946,33.21449999999999,0.6488839761561667,2019-04-08T12:40:11Z,NA,exp_zhao18
TRE,C,2019-04-08,4,ET,4,ok,103,0.0344856619016652,33.4134285714286,0.648862592818,2019-04-08T12:43:25Z,NA,exp_zhao18
TRE,C,2019-04-08,3,ET,2,ok,104,0.06752904066918664,33.932428571428545,0.6488315752285714,2019-04-08T12:52:10Z,NA,exp_zhao18
TRE,C,2019-04-08,3,ET,3,ok,105,0.03729135938713607,34.24285714285713,0.6488076070912857,2019-04-08T12:55:10Z,NA,exp_zhao18
TRE,C,2019-04-08,3,ET,4,ok,106,0.03482203938749761,34.4641176470588,0.6488019260622059,2019-04-08T12:58:03Z,NA,exp_zhao18
TRE,C,2019-04-08,2,ET,1,ok,107,0.058961163059442157,34.96485714285711,0.6487695400497143,2019-04-08T13:04:37Z,NA,exp_zhao18
TRE,C,2019-04-08,2,ET,2,ok,108,0.04755225845186523,34.861333333333334,0.6487507415106667,2019-04-08T13:07:23Z,NA,exp_zhao18
TRE,C,2019-04-08,2,ET,3,ok,109,0.05005044114600284,34.24214285714288,0.6487131444325714,2019-04-08T13:11:17Z,NA,exp_zhao18
TRE,C,2019-04-08,2,ET,4,ok,110,0.04095126882375742,33.73217391304348,0.6486388902033333,2019-04-08T13:14:03Z,NA,exp_zhao18
PIL,B,2019-04-09,5,ET,1,ok,111,0.06706935890576729,29.497285714285738,0.6513172120541428,2019-04-09T10:26:23Z,NA,exp_zhao18
PIL,B,2019-04-09,5,ET,2,ok,112,0.044948547450867765,29.732428571428557,0.6513143922732857,2019-04-09T10:29:01Z,NA,exp_zhao18
PIL,B,2019-04-09,5,ET,3,ok,113,0.04660397645206101,29.95618181818179,0.6512922185419999,2019-04-09T10:31:42Z,NA,exp_zhao18
PIL,B,2019-04-09,5,ET,4,ok,114,0.04278294297263109,30.244428571428557,0.6512819647934285,2019-04-09T10:34:33Z,NA,exp_zhao18
PIL,B,2019-04-09,5,E,1,ok,115,0.05389177058586206,30.49885714285716,0.6512579966561428,2019-04-09T10:39:02Z,NA,exp_zhao18
PIL,B,2019-04-09,4,ET,1,ok,116,0.08304681923142974,31.00155555555557,0.6512158565977777,2019-04-09T10:47:48Z,NA,exp_zhao18
PIL,B,2019-04-09,4,ET,2,ok,117,0.04689973878460831,30.989142857142838,0.6511931416964285,2019-04-09T10:50:34Z,NA,exp_zhao18
PIL,B,2019-04-09,4,ET,3,ok,118,0.0600588377289613,30.988,0.651224031114,2019-04-09T10:53:12Z,NA,exp_zhao18
PIL,B,2019-04-09,4,ET,4,ok,119,0.05713130371858083,30.85442857142857,0.6511889120251427,2019-04-09T10:55:47Z,NA,exp_zhao18
PIL,B,2019-04-09,4,E,1,ok,120,0.028845447886505744,30.631428571428557,0.6511381559697142,2019-04-09T10:59:18Z,NA,exp_zhao18
PIL,B,2019-04-09,3,ET,1,ok,121,0.04232928638752199,30.26728571428572,0.6512086504911427,2019-04-09T11:06:34Z,NA,exp_zhao18
PIL,B,2019-04-09,3,ET,2,ok,122,0.03736541264909977,30.338181818181795,0.6510876562579999,2019-04-09T11:09:13Z,NA,exp_zhao18
PIL,B,2019-04-09,3,ET,3,ok,123,0.034061030127880615,30.036,0.6510950133225999,2019-04-09T11:12:14Z,NA,exp_zhao18
PIL,B,2019-04-09,3,ET,4,ok,124,0.047428359011544435,29.835090909090923,0.6511056003179999,2019-04-09T11:14:48Z,NA,exp_zhao18
PIL,B,2019-04-09,3,E,1,ok,125,0.04009523728233762,29.101,0.6509901174747142,2019-04-09T11:17:58Z,NA,exp_zhao18
PIL,B,2019-04-09,2,ET,1,ok,126,0.05165371640736638,29.3568181818182,0.6510845160475,2019-04-09T11:25:26Z,NA,exp_zhao18
PIL,B,2019-04-09,2,ET,2,ok,127,0.07112931312513898,29.39571428571429,0.6510648416674285,2019-04-09T11:28:14Z,NA,exp_zhao18
PIL,B,2019-04-09,2,ET,3,ok,128,0.05181633114810358,29.223714285714266,0.6510888098047142,2019-04-09T11:30:51Z,NA,exp_zhao18
PIL,B,2019-04-09,2,ET,4,ok,129,0.05331090479997502,28.904200000000003,0.6510476410041999,2019-04-09T11:33:54Z,NA,exp_zhao18
PIL,B,2019-04-09,2,E,1,ok,130,0.03237007258571721,28.53457142857144,0.6509858878034285,2019-04-09T11:37:07Z,NA,exp_zhao18
PIL,B,2019-04-09,1,ET,1,ok,131,0.07787606476753989,28.87385714285716,0.6511663537782857,2019-04-09T11:44:36Z,NA,exp_zhao18
PIL,B,2019-04-09,1,ET,2,ok,132,0.05308059853236841,29.3377142857143,0.6511593043261428,2019-04-09T11:47:07Z,NA,exp_zhao18
PIL,B,2019-04-09,1,ET,3,ok,133,0.06336111429758293,29.20342857142856,0.6511494350931427,2019-04-09T11:49:42Z,NA,exp_zhao18
PIL,B,2019-04-09,1,ET,4,ok,134,0.04355031004745273,29.042142857142835,0.6511649438878571,2019-04-09T11:52:53Z,NA,exp_zhao18
PIL,B,2019-04-09,1,E,1,ok,135,0.03161305310135638,28.77385714285714,0.651093039476,2019-04-09T11:56:12Z,NA,exp_zhao18
PIL,C,2019-04-09,5,ET,1,ok,136,0.06981806307779014,29.087499999999977,0.6513134523463333,2019-04-09T12:59:21Z,NA,exp_zhao18
PIL,C,2019-04-09,5,ET,2,ok,137,0.018865037875912462,28.569000000000017,0.6513062149087999,2019-04-09T13:02:41Z,NA,exp_zhao18
PIL,C,2019-04-09,5,ET,3,ok,138,0.03744134865424779,28.230000000000018,0.6512692757795714,2019-04-09T13:05:11Z,NA,exp_zhao18
PIL,C,2019-04-09,5,ET,4,ok,139,0.01191769749373805,27.665333333333308,0.6512619130184444,2019-04-09T13:09:27Z,NA,exp_zhao18
PIL,C,2019-04-09,5,E,1,ok,140,0.01816128646503834,27.061428571428564,0.6512861944647143,2019-04-09T13:12:09Z,NA,exp_zhao18
PIL,C,2019-04-09,4,ET,1,ok,141,0.02593076597532965,26.389571428571458,0.6513905263564286,2019-04-09T13:19:06Z,NA,exp_zhao18
PIL,C,2019-04-09,4,ET,2,ok,142,0.03716958344418408,26.00671428571428,0.6513482296435714,2019-04-09T13:21:57Z,NA,exp_zhao18
PIL,C,2019-04-09,4,ET,3,ok,143,0.05802648543461455,26.105857142857133,0.6513284911775714,2019-04-09T13:24:36Z,NA,exp_zhao18
PIL,C,2019-04-09,4,ET,4,ok,144,0.024870307437003046,26.029230769230765,0.6513364805566667,2019-04-09T13:27:54Z,NA,exp_zhao18
PIL,C,2019-04-09,4,E,1,ok,145,0.02163850500170974,25.830877192982484,0.6513260918903508,2019-04-09T13:30:23Z,NA,exp_zhao18
PIL,C,2019-04-09,3,ET,1,ok,146,0.059872238350928426,26.638571428571424,0.6510563823248571,2019-04-09T14:05:28Z,NA,exp_zhao18
PIL,C,2019-04-09,3,ET,2,ok,147,0.0598321602020244,26.84357142857141,0.6510281845162856,2019-04-09T14:07:56Z,NA,exp_zhao18
PIL,C,2019-04-09,3,ET,3,ok,148,0.04459890012205364,26.620714285714257,0.6510126757215713,2019-04-09T14:10:25Z,NA,exp_zhao18
PIL,C,2019-04-09,3,ET,4,ok,149,0.02801409642042988,26.464,0.6510225449545713,2019-04-09T14:13:05Z,NA,exp_zhao18
PIL,C,2019-04-09,3,E,1,ok,150,0.037582541994224464,26.2752857142857,0.650957689994857,2019-04-09T14:16:04Z,NA,exp_zhao18
PIL,C,2019-04-09,2,ET,1,ok,151,0.06579464146737295,27.63557142857144,0.6511395658601428,2019-04-09T14:27:59Z,NA,exp_zhao18
PIL,C,2019-04-09,2,ET,2,ok,152,0.0899887870121099,27.535142857142887,0.6510549724344284,2019-04-09T14:30:44Z,NA,exp_zhao18
PIL,C,2019-04-09,2,ET,3,ok,153,0.0410554506940537,27.27071428571429,0.6511155977228571,2019-04-09T14:33:36Z,NA,exp_zhao18
PIL,C,2019-04-09,2,ET,4,ok,154,0.0720157256280229,27.147142857142853,0.6510733010099999,2019-04-09T14:36:18Z,NA,exp_zhao18
PIL,C,2019-04-09,2,E,1,ok,155,0.037139884049180935,26.993142857142857,0.6510394636397142,2019-04-09T14:39:26Z,NA,exp_zhao18
PIL,C,2019-04-09,1,ET,1,ok,156,0.051407474824398086,27.279714285714306,0.6510648416674285,2019-04-09T14:47:21Z,NA,exp_zhao18
PIL,C,2019-04-09,1,ET,2,ok,157,0.05818091269944572,27.285714285714278,0.6510225449545713,2019-04-09T14:49:57Z,NA,exp_zhao18
PIL,C,2019-04-09,1,ET,3,ok,158,0.05103122792816242,27.08514285714284,0.6510577922152856,2019-04-09T14:52:43Z,NA,exp_zhao18
PIL,C,2019-04-09,1,ET,4,ok,159,0.05372170386935282,26.71261538461539,0.651011048924923,2019-04-09T14:55:34Z,NA,exp_zhao18
PIL,C,2019-04-09,1,E,1,ok,160,0.040925601314824686,26.204857142857122,0.6509943471459999,2019-04-09T14:58:29Z,NA,exp_zhao18
ACJ,B,2019-04-10,1,ET,1,ok,161,0.0666427934101396,27.434339622641517,0.6707242473966037,2019-04-10T09:55:55Z,NA,exp_zhao18
ACJ,B,2019-04-10,1,ET,2,ok,162,0.0634407308371719,27.685285714285726,0.6706792373097142,2019-04-10T09:59:26Z,NA,exp_zhao18
ACJ,B,2019-04-10,1,ET,3,ok,163,0.04639152101993699,28.58882352941174,0.6706187364233823,2019-04-10T10:09:50Z,NA,exp_zhao18
ACJ,B,2019-04-10,1,ET,4,ok,164,0.06489510419374558,28.95573529411763,0.6705722929739706,2019-04-10T10:12:54Z,NA,exp_zhao18
ACJ,B,2019-04-10,1,E,1,ok,165,0.03054183604803184,29.49928571428569,0.6705608065137143,2019-04-10T10:17:01Z,NA,exp_zhao18
ACJ,B,2019-04-10,2,ET,1,ok,166,0.05122972506140236,31.55740000000003,0.6702413253426001,2019-04-10T10:34:20Z,NA,exp_zhao18
ACJ,B,2019-04-10,2,ET,2,ok,167,0.09265400471796904,31.762820512820497,0.6701791238689744,2019-04-10T10:36:47Z,NA,exp_zhao18
ACJ,B,2019-04-10,2,ET,3,ok,168,0.07999396509586873,32.093999999999994,0.6701293800425714,2019-04-10T10:40:05Z,NA,exp_zhao18
ACJ,B,2019-04-10,2,ET,4,ok,169,0.08834200537158113,32.40014285714284,0.6700927228914286,2019-04-10T10:43:12Z,NA,exp_zhao18
ACJ,B,2019-04-10,2,E,1,ok,170,0.06874650062176413,32.78800000000001,0.6700292778221428,2019-04-10T10:46:57Z,NA,exp_zhao18
ACJ,B,2019-04-10,3,ET,1,ok,171,0.017732374588681373,33.10289473684213,0.6698040663773684,2019-04-10T10:54:50Z,NA,exp_zhao18
ACJ,B,2019-04-10,3,ET,2,ok,172,0.024738550722186933,33.12114285714284,0.66972615138,2019-04-10T10:57:46Z,NA,exp_zhao18
ACJ,B,2019-04-10,3,ET,3,ok,173,0.13822803991294763,33.0748717948718,0.6697059067994872,2019-04-10T11:00:29Z,NA,exp_zhao18
ACJ,B,2019-04-10,3,ET,4,ok,174,0.03162610836717163,33.04309090909089,0.6697153849440001,2019-04-10T11:03:49Z,NA,exp_zhao18
ACJ,B,2019-04-10,3,E,1,ok,175,0.04642701379002262,33.03963636363636,0.6696794968240001,2019-04-10T11:07:14Z,NA,exp_zhao18
ACJ,B,2019-04-10,4,ET,1,ok,176,0.056262712054540545,33.32642857142855,0.6694476980203572,2019-04-10T11:15:00Z,NA,exp_zhao18
ACJ,B,2019-04-10,4,ET,2,ok,177,0.06443817322388491,33.67615384615385,0.669381993511282,2019-04-10T11:18:22Z,NA,exp_zhao18
ACJ,B,2019-04-10,4,ET,3,ok,178,0.04522752115858483,33.975714285714275,0.6693680392111429,2019-04-10T11:21:43Z,NA,exp_zhao18
ACJ,B,2019-04-10,4,ET,4,ok,179,0.04443351999828136,34.284871794871776,0.6693212597697437,2019-04-10T11:24:54Z,NA,exp_zhao18
ACJ,B,2019-04-10,4,E,1,ok,180,0.03523217428726693,34.60454545454547,0.6693119426616667,2019-04-10T11:28:42Z,NA,exp_zhao18
ACJ,B,2019-04-10,5,ET,1,ok,181,0.1004449889670449,34.96132075471701,0.6690781338169812,2019-04-10T11:37:52Z,NA,exp_zhao18
ACJ,B,2019-04-10,5,ET,2,ok,182,0.05318580131820437,34.917076923076934,0.6690307500393847,2019-04-10T11:43:37Z,NA,exp_zhao18
ACJ,B,2019-04-10,5,ET,3,ok,183,0.05529899412409894,34.879272727272735,0.669024538634,2019-04-10T11:46:42Z,NA,exp_zhao18
ACJ,B,2019-04-10,5,ET,4,ok,184,0.0457735720002497,34.903142857142825,0.6689704501102858,2019-04-10T11:49:56Z,NA,exp_zhao18
ACJ,B,2019-04-10,5,E,1,ok,185,0.02496525448163047,34.87914285714288,0.6689394325208572,2019-04-10T11:53:44Z,NA,exp_zhao18
ACJ,C,2019-04-10,1,ET,1,ok,186,0.036060283335182866,25.62614285714284,0.6643883062174286,2019-04-10T15:45:21Z,NA,exp_zhao18
ACJ,C,2019-04-10,1,ET,2,ok,187,0.031428385293337066,25.43071428571426,0.6644080446834285,2019-04-10T15:48:41Z,NA,exp_zhao18
ACJ,C,2019-04-10,1,ET,3,ok,188,0.030272048849714826,25.257714285714314,0.6644799490952857,2019-04-10T15:51:35Z,NA,exp_zhao18
ACJ,C,2019-04-10,1,ET,4,ok,189,0.03389318324013477,25.095000000000027,0.6644475216154285,2019-04-10T15:54:41Z,NA,exp_zhao18
ACJ,C,2019-04-10,1,E,1,start_error,190,NA,24.97742857142856,0.6645095567942857,2019-04-10T15:58:36Z,NA,exp_zhao18
ACJ,C,2019-04-10,2,ET,1,start_error,191,NA,24.79653846153849,0.6644043572776923,2019-04-10T16:06:03Z,NA,exp_zhao18
ACJ,C,2019-04-10,2,ET,2,ok,192,0.04794168112818624,24.612923076923096,0.6644499075838461,2019-04-10T16:08:45Z,NA,exp_zhao18
ACJ,C,2019-04-10,2,ET,3,start_error,193,NA,23.540714285714273,0.6642797446544286,2019-04-10T16:23:18Z,NA,exp_zhao18
ACJ,C,2019-04-10,2,ET,4,ok,194,0.038363773743470636,23.36228571428569,0.6642867941065714,2019-04-10T16:26:54Z,NA,exp_zhao18
ACJ,C,2019-04-10,2,E,1,ok,195,0.038484905203933495,23.188571428571436,0.6642924336682857,2019-04-10T16:30:15Z,NA,exp_zhao18
ACJ,C,2019-04-10,3,ET,1,start_error,196,NA,22.839571428571446,0.6642444973937143,2019-04-10T16:37:17Z,NA,exp_zhao18
ACJ,C,2019-04-10,3,ET,2,start_error,197,NA,22.673906250000016,0.6642533532679687,2019-04-10T16:39:54Z,NA,exp_zhao18
ACJ,C,2019-04-10,3,ET,3,start_error,198,NA,22.495384615384637,0.6642646696721539,2019-04-10T16:42:43Z,NA,exp_zhao18
ACJ,C,2019-04-10,3,ET,4,start_error,199,NA,22.340307692307704,0.6642494862367693,2019-04-10T16:45:36Z,NA,exp_zhao18
ACJ,C,2019-04-10,3,E,1,start_error,200,NA,22.17281250000002,0.6642826525534375,2019-04-10T16:48:22Z,NA,exp_zhao18
ACJ,C,2019-04-10,4,ET,1,start_error,201,NA,21.80328571428572,0.6642473171745714,2019-04-10T16:54:13Z,NA,exp_zhao18
ACJ,C,2019-04-10,4,ET,2,start_error,202,NA,21.624857142857138,0.6642177094755715,2019-04-10T16:56:47Z,NA,exp_zhao18
ACJ,C,2019-04-10,4,ET,3,start_error,203,NA,21.418200000000013,0.6642724132242,2019-04-10T16:59:34Z,NA,exp_zhao18
ACJ,C,2019-04-10,4,ET,4,start_error,204,NA,21.159855072463756,0.6642465815795653,2019-04-10T17:02:21Z,NA,exp_zhao18
ACJ,C,2019-04-10,4,E,1,start_error,205,NA,20.90628571428573,0.6642261688181429,2019-04-10T17:05:09Z,NA,exp_zhao18
WAY,B,2019-04-11,1,ET,1,ok,206,0.08680009304528566,25.319999999999993,0.7020887762774286,2019-04-11T10:34:14Z,NA,exp_zhao18
WAY,B,2019-04-11,1,ET,2,ok,207,0.058536646018012464,25.934285714285693,0.7020704477018572,2019-04-11T10:37:18Z,NA,exp_zhao18
WAY,B,2019-04-11,1,ET,3,ok,208,0.06676434218953406,26.50857142857143,0.7019816246048572,2019-04-11T10:40:30Z,NA,exp_zhao18
WAY,B,2019-04-11,1,ET,4,ok,209,0.05294085965999951,27.036142857142863,0.7020013630708571,2019-04-11T10:43:42Z,NA,exp_zhao18
WAY,B,2019-04-11,1,E,1,ok,210,0.04479735049362987,27.55185714285716,0.7018970311791429,2019-04-11T10:47:45Z,NA,exp_zhao18
WAY,B,2019-04-11,2,ET,1,ok,211,0.07130952891752007,29.384571428571405,0.7016827278340001,2019-04-11T10:57:09Z,NA,exp_zhao18
WAY,B,2019-04-11,2,ET,2,ok,212,0.0540420584287679,29.615571428571457,0.7016488904637144,2019-04-11T11:00:31Z,NA,exp_zhao18
WAY,B,2019-04-11,2,ET,3,ok,213,0.0700271520018094,30.085285714285703,0.7015558376954286,2019-04-11T11:03:44Z,NA,exp_zhao18
WAY,B,2019-04-11,2,ET,4,ok,214,0.06178210393966896,30.43157142857143,0.7015727563805715,2019-04-11T11:07:01Z,NA,exp_zhao18
WAY,B,2019-04-11,2,E,1,ok,215,0.0402002284347582,30.840857142857146,0.7014782937218572,2019-04-11T11:11:16Z,NA,exp_zhao18
WAY,B,2019-04-11,3,ET,1,ok,216,0.05395357686189579,31.425857142857126,0.7012019551978572,2019-04-11T11:19:34Z,NA,exp_zhao18
WAY,B,2019-04-11,3,ET,2,ok,217,0.053976309761292175,31.819428571428546,0.7011681178275715,2019-04-11T11:22:43Z,NA,exp_zhao18
WAY,B,2019-04-11,3,ET,3,ok,218,0.05134506915115519,32.4375,0.7011241909289063,2019-04-11T11:28:38Z,NA,exp_zhao18
WAY,B,2019-04-11,3,ET,4,ok,219,0.03778138926999118,32.614714285714285,0.7011230013338572,2019-04-11T11:31:45Z,NA,exp_zhao18
WAY,B,2019-04-11,3,E,1,ok,220,0.03349389841683541,32.917857142857144,0.7011215914434287,2019-04-11T11:36:18Z,NA,exp_zhao18
WAY,B,2019-04-11,4,ET,1,ok,221,0.07255689573389808,33.71625,0.70073774877425,2019-04-11T11:44:34Z,NA,exp_zhao18
WAY,B,2019-04-11,4,ET,2,ok,222,0.09888238585051583,34.31828571428571,0.7007437408085715,2019-04-11T11:49:57Z,NA,exp_zhao18
WAY,B,2019-04-11,4,ET,3,ok,223,0.020238911608514654,34.8162857142857,0.7007042638765714,2019-04-11T11:55:22Z,NA,exp_zhao18
WAY,B,2019-04-11,4,ET,4,ok,224,0.03318878156052871,35.074142857142874,0.700725412233,2019-04-11T11:58:39Z,NA,exp_zhao18
WAY,B,2019-04-11,4,E,1,ok,225,0.026895033988626308,35.12071428571426,0.7006986243148571,2019-04-11T12:02:26Z,NA,exp_zhao18
WAY,B,2019-04-11,5,ET,1,ok,226,0.07554288783698337,30.06538461538463,0.700238783128923,2019-04-11T12:34:29Z,NA,exp_zhao18
WAY,B,2019-04-11,5,ET,2,ok,227,0.07971399094375502,30.113428571428585,0.7002474593777142,2019-04-11T12:37:32Z,NA,exp_zhao18
WAY,B,2019-04-11,5,ET,3,ok,228,0.07157144860036088,30.32628571428569,0.7002615582819999,2019-04-11T12:40:29Z,NA,exp_zhao18
WAY,B,2019-04-11,5,ET,4,ok,229,0.056529851803031564,30.552142857142883,0.7002178516787142,2019-04-11T12:43:30Z,NA,exp_zhao18
WAY,B,2019-04-11,5,E,1,ok,230,0.05121778394394243,30.73685714285716,0.7001050604444286,2019-04-11T12:47:27Z,NA,exp_zhao18
WAY,C,2019-04-12,1,ET,1,ok,231,0.03227637262964503,23.960428571428565,0.6970850751464286,2019-04-12T12:36:00Z,NA,exp_zhao18
WAY,C,2019-04-12,1,ET,2,ok,232,0.032853764368182874,23.953090909090918,0.6970370107,2019-04-12T12:38:36Z,NA,exp_zhao18
WAY,C,2019-04-12,1,ET,3,ok,233,0.033131259827585205,23.960512820512804,0.696990540185641,2019-04-12T12:41:14Z,NA,exp_zhao18
WAY,C,2019-04-12,1,ET,4,ok,234,0.026796237375000583,23.947142857142865,0.6970018916111429,2019-04-12T12:44:12Z,NA,exp_zhao18
WAY,C,2019-04-12,1,E,1,ok,235,0.019198181149802186,23.911428571428587,0.6970174004058571,2019-04-12T12:48:07Z,NA,exp_zhao18
WAY,C,2019-04-12,2,ET,1,ok,236,0.023136337890858855,23.972285714285704,0.6969130685141429,2019-04-12T12:55:19Z,NA,exp_zhao18
WAY,C,2019-04-12,2,ET,2,ok,237,0.025747406017620367,23.932820512820513,0.6968994395733333,2019-04-12T12:58:14Z,NA,exp_zhao18
WAY,C,2019-04-12,2,ET,3,ok,238,0.02315301326148451,23.899,0.6969229377471429,2019-04-12T13:01:10Z,NA,exp_zhao18
WAY,C,2019-04-12,2,ET,4,ok,239,0.02951067571439598,23.8828205128205,0.6968918478556411,2019-04-12T13:04:10Z,NA,exp_zhao18
WAY,C,2019-04-12,2,E,1,ok,240,0.021979060633793034,23.896714285714268,0.6968989696098572,2019-04-12T13:07:58Z,NA,exp_zhao18
WAY,C,2019-04-12,3,ET,1,ok,241,0.029730665193419412,23.972571428571428,0.6966480091135714,2019-04-12T13:14:42Z,NA,exp_zhao18
WAY,C,2019-04-12,3,ET,2,ok,242,0.03950060995375457,24.08434782608697,0.6965983564506522,2019-04-12T13:17:36Z,NA,exp_zhao18
WAY,C,2019-04-12,3,ET,3,ok,243,0.033861225715353,24.344545454545482,0.6965884092,2019-04-12T13:23:45Z,NA,exp_zhao18
WAY,C,2019-04-12,3,ET,4,ok,244,0.02723986923073969,24.569818181818164,0.696500483306,2019-04-12T13:30:00Z,NA,exp_zhao18
WAY,C,2019-04-12,3,E,1,ok,245,0.023197437529803085,24.62585714285717,0.6964139673024285,2019-04-12T13:34:13Z,NA,exp_zhao18
WAY,C,2019-04-12,4,ET,1,ok,246,0.027554282342351896,24.122285714285738,0.6961080210794286,2019-04-12T13:41:40Z,NA,exp_zhao18
WAY,C,2019-04-12,4,ET,2,ok,247,0.03244352247250549,23.976285714285723,0.696037526558,2019-04-12T13:45:00Z,NA,exp_zhao18
WAY,C,2019-04-12,4,ET,3,ok,248,0.030038709004825293,23.8780303030303,0.69596933913,2019-04-12T13:47:53Z,NA,exp_zhao18
WAY,C,2019-04-12,4,ET,4,ok,249,0.026003368190000965,23.81036363636366,0.695946011852,2019-04-12T13:50:47Z,NA,exp_zhao18
WAY,C,2019-04-12,4,E,1,ok,250,0.02154335035186042,23.702571428571446,0.6958937177342857,2019-04-12T13:54:49Z,NA,exp_zhao18
WAY,C,2019-04-12,5,ET,1,ok,251,0.018375070274728022,23.41132352941179,0.6956517556563235,2019-04-12T14:01:10Z,NA,exp_zhao18
WAY,C,2019-04-12,5,ET,2,ok,252,0.015399680511468502,22.997058823529414,0.6956474015829411,2019-04-12T14:04:28Z,NA,exp_zhao18
WAY,C,2019-04-12,5,ET,3,ok,253,0.014830569835730865,22.299818181818182,0.69557456981,2019-04-12T14:11:00Z,NA,exp_zhao18
WAY,C,2019-04-12,5,ET,4,ok,254,0.008828089530259294,21.936666666666667,0.6955605136296666,2019-04-12T14:14:08Z,NA,exp_zhao18
WAY,C,2019-04-12,5,E,1,ok,255,0.01046767344862443,21.51185714285714,0.6955003583047142,2019-04-12T14:18:23Z,NA,exp_zhao18
TRE,B,2019-04-13,1,ET,1,ok,256,0.10275429799346542,25.593428571428547,0.6559994581674286,2019-04-13T10:29:00Z,NA,exp_zhao18
TRE,B,2019-04-13,1,ET,2,ok,257,0.047424150255333336,26.042142857142835,0.6558373207681428,2019-04-13T11:05:12Z,NA,exp_zhao18
TRE,B,2019-04-13,1,ET,3,ok,258,0.04089268645668749,25.737000000000023,0.6557661213015,2019-04-13T11:08:28Z,NA,exp_zhao18
TRE,B,2019-04-13,1,ET,4,ok,259,0.03308783404410562,25.452162162162153,0.655869214775946,2019-04-13T11:11:34Z,NA,exp_zhao18
TRE,B,2019-04-13,1,E,1,ok,260,0.03080673073733521,24.787777777777762,0.6558390439675555,2019-04-13T11:17:15Z,NA,exp_zhao18
TRE,B,2019-04-13,2,ET,1,ok,261,0.03210447370741243,20.312000000000012,0.6546713413837143,2019-04-13T13:13:19Z,NA,exp_zhao18
TRE,B,2019-04-13,2,E,1,ok,262,0.04223606755074251,20.541200000000003,0.6546538587424,2019-04-13T13:16:37Z,NA,exp_zhao18
TRE,B,2019-04-13,3,ET,1,ok,263,0.005990581201487882,20.62760000000003,0.6545985910376,2019-04-13T13:24:04Z,NA,exp_zhao18
TRE,B,2019-04-13,3,E,1,ok,264,0.011181423233450703,20.86567164179104,0.6545643580562687,2019-04-13T13:30:26Z,NA,exp_zhao18
TRE,B,2019-04-13,4,ET,1,ok,265,0.05384506806701235,20.835636363636354,0.654489850034,2019-04-13T13:37:21Z,NA,exp_zhao18
TRE,B,2019-04-13,4,E,1,ok,266,0.00821104482320031,20.771607142857135,0.6544869982101785,2019-04-13T13:40:37Z,NA,exp_zhao18
TRE,B,2019-04-13,5,ET,1,zero,267,0,20.480999999999995,0.654300540201,2019-04-13T13:52:24Z,NA,exp_zhao18
TRE,B,2019-04-13,5,E,1,ok,268,0.021119654270114044,20.367272727272734,0.6542852877499999,2019-04-13T13:55:32Z,NA,exp_zhao18
ACJ,B,2019-07-07,1,ET,1,ok,269,0.053078314726895226,17.625285714285724,0.6720947673,2019-07-07T11:09:05Z,NA,exp_zhao18
ACJ,B,2019-07-07,1,E,1,ok,270,0.024735636079105297,18.023000000000025,0.6720341420115714,2019-07-07T11:13:15Z,NA,exp_zhao18
ACJ,B,2019-07-07,2,ET,1,ok,271,0.04312123927996386,18.497571428571405,0.6718226584472856,2019-07-07T11:24:29Z,NA,exp_zhao18
ACJ,B,2019-07-07,2,E,1,ok,272,0.024999781942921795,18.568857142857155,0.6717958705291428,2019-07-07T11:28:04Z,NA,exp_zhao18
ACJ,B,2019-07-07,3,ET,1,ok,273,0.021479215451030546,18.342142857142846,0.6715801572935715,2019-07-07T11:38:52Z,NA,exp_zhao18
ACJ,B,2019-07-07,3,E,1,ok,274,0.016798885809742866,18.229142857142847,0.6715294012381429,2019-07-07T11:42:04Z,NA,exp_zhao18
ACJ,B,2019-07-07,4,ET,1,ok,275,0.015309253772324685,17.814571428571412,0.6713672638388571,2019-07-07T11:49:26Z,NA,exp_zhao18
ACJ,B,2019-07-07,4,E,1,ok,276,0.005639112081457264,17.672428571428554,0.6713672638388571,2019-07-07T11:53:06Z,NA,exp_zhao18
ACJ,B,2019-07-07,5,ET,1,zero,277,0,17.03714285714284,0.67130522866,2019-07-07T12:04:39Z,NA,exp_zhao18
ACJ,B,2019-07-07,5,E,1,ok,278,0.002960446323869807,16.657428571428568,0.6712728011801429,2019-07-07T12:10:50Z,NA,exp_zhao18
TRE,C,2019-07-08,1,ET,1,ok,279,-0.012779610439707476,13.896999999999991,0.6510009266346666,2019-07-08T10:16:58Z,NA,exp_zhao18
TRE,C,2019-07-08,1,E,1,ok,280,0.010716985452043564,14.405714285714282,0.6509421812001428,2019-07-08T10:21:00Z,NA,exp_zhao18
TRE,C,2019-07-08,2,ET,1,ok,281,0.02130814847005971,15.146142857142877,0.6507222382932857,2019-07-08T10:28:45Z,NA,exp_zhao18
TRE,C,2019-07-08,2,E,1,ok,282,0.010589863903871411,15.428285714285721,0.6506996800464285,2019-07-08T10:32:29Z,NA,exp_zhao18
TRE,C,2019-07-08,3,ET,1,ok,283,0.04822746130651698,15.966911764705856,0.6506349909561765,2019-07-08T10:40:19Z,NA,exp_zhao18
TRE,C,2019-07-08,3,E,1,ok,284,0.007931891490022998,16.03340000000003,0.6506094470589999,2019-07-08T10:44:02Z,NA,exp_zhao18
TRE,C,2019-07-08,5,ET,1,ok,285,0.02544930345633977,17.275166666666678,0.650323239302,2019-07-08T11:00:48Z,NA,exp_zhao18
TRE,C,2019-07-08,5,E,1,ok,286,0.0056590639793081855,17.599800000000016,0.6502956054496,2019-07-08T11:04:52Z,NA,exp_zhao18
TRE,C,2019-07-08,4,ET,1,ok,287,0.025055902941100536,17.411142857142863,0.6504106525085713,2019-07-08T11:14:12Z,NA,exp_zhao18
TRE,C,2019-07-08,4,E,1,ok,288,0.01091566802807378,17.501571428571424,0.6503542568914286,2019-07-08T11:18:02Z,NA,exp_zhao18
PIL,C,2019-07-09,1,ET,1,ok,289,0.04821772333196552,17.322307692307675,0.6548109566871795,2019-07-09T09:18:29Z,NA,exp_zhao18
PIL,C,2019-07-09,1,E,1,ok,290,0.02394631666538491,17.84371428571427,0.6548095106457142,2019-07-09T09:22:34Z,NA,exp_zhao18
PIL,C,2019-07-09,2,ET,1,ok,291,0.03771068714961158,18.890714285714296,0.6546445534655714,2019-07-09T09:30:17Z,NA,exp_zhao18
PIL,C,2019-07-09,2,E,1,ok,292,0.016213565180753956,19.18685714285715,0.6546234051091429,2019-07-09T09:34:00Z,NA,exp_zhao18
PIL,C,2019-07-09,3,ET,1,ok,293,0.03715543790668719,19.9122857142857,0.6544922852992857,2019-07-09T09:41:56Z,NA,exp_zhao18
PIL,C,2019-07-09,3,E,1,ok,294,0.021745897192578197,20.486428571428576,0.6545331721217142,2019-07-09T09:45:54Z,NA,exp_zhao18
PIL,C,2019-07-09,4,ET,1,ok,295,0.04267833645240997,21.276229508196707,0.654357652319836,2019-07-09T09:53:35Z,NA,exp_zhao18
PIL,C,2019-07-09,4,E,1,ok,296,0.035654003336665616,21.72685714285717,0.6543301479,2019-07-09T09:57:20Z,NA,exp_zhao18
PIL,C,2019-07-09,5,ET,1,ok,297,0.06452102238189303,22.928428571428583,0.6540622687185714,2019-07-09T10:05:34Z,NA,exp_zhao18
PIL,C,2019-07-09,5,E,1,ok,298,0.03221123976591335,23.400199999999984,0.6540419662964,2019-07-09T10:11:34Z,NA,exp_zhao18
PIL,B,2019-07-09,1,ET,1,ok,299,0.04893415730731971,24.31114285714284,0.6532501718317143,2019-07-09T10:29:27Z,NA,exp_zhao18
PIL,B,2019-07-09,1,E,1,ok,300,0.02110334167236156,24.173076923076906,0.6532673074230769,2019-07-09T10:33:46Z,NA,exp_zhao18
PIL,B,2019-07-09,2,ET,1,ok,301,0.08067769851595746,25.340571428571423,0.6530908542132857,2019-07-09T10:43:58Z,NA,exp_zhao18
PIL,B,2019-07-09,2,E,1,ok,302,0.054240385807065764,25.748529411764707,0.6531022992061765,2019-07-09T10:47:42Z,NA,exp_zhao18
PIL,B,2019-07-09,3,ET,1,ok,303,0.04655251798475542,26.350142857142828,0.6528836003202858,2019-07-09T10:57:09Z,NA,exp_zhao18
PIL,B,2019-07-09,3,E,1,ok,304,0.01573759590801471,25.924222222222227,0.6528585356015556,2019-07-09T11:05:39Z,NA,exp_zhao18
PIL,B,2019-07-09,4,ET,1,ok,305,0.05785812122907902,26.51057142857144,0.6526171310292858,2019-07-09T11:14:12Z,NA,exp_zhao18
PIL,B,2019-07-09,4,E,1,ok,306,0.0332818013765005,27.117857142857133,0.6525959826728572,2019-07-09T11:18:50Z,NA,exp_zhao18
PIL,B,2019-07-09,5,ET,1,ok,307,0.035270346848583115,27.47800000000001,0.6524183364788572,2019-07-09T11:27:42Z,NA,exp_zhao18
PIL,B,2019-07-09,5,E,1,ok,308,0.01777245041765594,27.379166666666663,0.6523793295103334,2019-07-09T11:32:18Z,NA,exp_zhao18
ACJ,NB,2019-07-10,1,ET,1,start_error,309,NA,15.240571428571457,0.674335083191,2019-07-10T09:13:45Z,NA,exp_zhao18
ACJ,NB,2019-07-10,1,ET,2,ok,310,0.037658318164584634,15.923000000000002,0.6742716381217142,2019-07-10T09:17:49Z,NA,exp_zhao18
ACJ,NB,2019-07-10,1,ET,3,ok,311,0.03701101041404867,16.596000000000004,0.674256129327,2019-07-10T09:21:44Z,NA,exp_zhao18
ACJ,NB,2019-07-10,1,ET,4,ok,312,0.040289773592688295,17.2607142857143,0.6742138326141428,2019-07-10T09:25:40Z,NA,exp_zhao18
ACJ,NB,2019-07-10,1,E,1,ok,313,0.025561738263016512,18.01614285714288,0.6742335710801428,2019-07-10T09:30:09Z,NA,exp_zhao18
ACJ,NB,2019-07-10,2,ET,1,ok,314,0.037734074229026526,19.384142857142876,0.6742053732715714,2019-07-10T09:38:29Z,NA,exp_zhao18
ACJ,NB,2019-07-10,2,ET,2,ok,315,0.024409751970712282,19.947285714285726,0.6741828150247142,2019-07-10T09:42:17Z,NA,exp_zhao18
ACJ,NB,2019-07-10,2,ET,3,ok,316,0.03723067676345374,20.58371428571428,0.6741729457917143,2019-07-10T09:46:53Z,NA,exp_zhao18
ACJ,NB,2019-07-10,2,ET,4,ok,317,0.03501404931002311,21.120714285714257,0.6742081930524285,2019-07-10T09:50:53Z,NA,exp_zhao18
ACJ,NB,2019-07-10,2,E,1,ok,318,0.01671432785862863,21.674333333333323,0.6742018485454999,2019-07-10T09:55:16Z,NA,exp_zhao18
ACJ,NB,2019-07-10,3,ET,1,ok,319,0.048482552801720744,22.897936507936492,0.6740670473550793,2019-07-10T10:05:51Z,NA,exp_zhao18
ACJ,NB,2019-07-10,3,ET,2,ok,320,0.03515691148762766,23.29457142857143,0.6740432358722857,2019-07-10T10:09:43Z,NA,exp_zhao18
ACJ,NB,2019-07-10,3,ET,3,ok,321,0.031281104144856894,23.65092307692305,0.6740959440836922,2019-07-10T10:13:38Z,NA,exp_zhao18
ACJ,NB,2019-07-10,3,ET,4,ok,322,0.04721404434074941,24.006857142857143,0.6740601545574285,2019-07-10T10:17:36Z,NA,exp_zhao18
ACJ,NB,2019-07-10,3,E,1,ok,323,0.01948171632795614,24.437999999999988,0.6740595038387692,2019-07-10T10:22:27Z,NA,exp_zhao18
ACJ,NB,2019-07-10,5,ET,1,ok,324,0.06130659597202229,25.185000000000002,0.6739360841997143,2019-07-10T10:31:41Z,NA,exp_zhao18
ACJ,NB,2019-07-10,5,ET,2,ok,325,0.05650759503973141,25.37477611940301,0.6738771213194029,2019-07-10T10:35:36Z,NA,exp_zhao18
ACJ,NB,2019-07-10,5,ET,3,ok,326,0.05908287354265515,25.542285714285697,0.6738627698974285,2019-07-10T10:39:17Z,NA,exp_zhao18
ACJ,NB,2019-07-10,5,ET,4,ok,327,0.061855014284549786,25.69724637681162,0.6738597866510144,2019-07-10T10:43:15Z,NA,exp_zhao18
ACJ,NB,2019-07-10,5,E,1,ok,328,0.040282081097031935,25.84470588235297,0.6738915482491176,2019-07-10T10:47:36Z,NA,exp_zhao18
ACJ,NB,2019-07-10,4,ET,1,ok,329,0.050597704460537456,25.938714285714298,0.6738994270485714,2019-07-10T10:55:52Z,NA,exp_zhao18
ACJ,NB,2019-07-10,4,ET,2,ok,330,0.049971561372543646,25.987692307692328,0.6739137428590769,2019-07-10T10:59:36Z,NA,exp_zhao18
ACJ,NB,2019-07-10,4,ET,3,ok,331,0.04144234670208434,25.972571428571428,0.6739092962815714,2019-07-10T11:03:20Z,NA,exp_zhao18
ACJ,NB,2019-07-10,4,ET,4,ok,332,0.030465995611696158,25.908142857142877,0.6738543105548571,2019-07-10T11:07:03Z,NA,exp_zhao18
ACJ,NB,2019-07-10,4,E,1,ok,333,0.021676845496398,25.668615384615407,0.6738651558658462,2019-07-10T11:14:55Z,NA,exp_zhao18
QUE,B,2019-07-11,1,ET,1,ok,334,0.047755658289716674,24.908714285714268,0.6356561491735715,2019-07-11T10:17:40Z,NA,exp_zhao18
QUE,B,2019-07-11,1,ET,2,ok,335,0.06800429571351495,25.573399999999992,0.6356240036718,2019-07-11T10:20:51Z,NA,exp_zhao18
QUE,B,2019-07-11,1,ET,3,ok,336,0.014712391657343052,26.25342857142857,0.6355969337755715,2019-07-11T10:24:09Z,NA,exp_zhao18
QUE,B,2019-07-11,1,ET,4,start_error,337,NA,26.81937499999998,0.6355924838089063,2019-07-11T10:27:24Z,NA,exp_zhao18
QUE,B,2019-07-11,1,E,1,ok,338,0.01985156857333431,27.483799999999974,0.6356042652058,2019-07-11T10:31:57Z,NA,exp_zhao18
QUE,B,2019-07-11,2,ET,1,ok,339,0.07266651640426955,28.441666666666663,0.6353827158783334,2019-07-11T10:38:31Z,NA,exp_zhao18
QUE,B,2019-07-11,2,ET,2,ok,340,0.026228086990866376,28.93064516129033,0.6353462006809678,2019-07-11T10:41:50Z,NA,exp_zhao18
QUE,B,2019-07-11,2,ET,3,ok,341,0.017458002310990962,29.428615384615398,0.6353189684549231,2019-07-11T10:45:22Z,NA,exp_zhao18
QUE,B,2019-07-11,2,ET,4,ok,342,0.005385245863309981,29.83914285714286,0.6352980370047143,2019-07-11T10:48:25Z,NA,exp_zhao18
QUE,B,2019-07-11,2,E,1,ok,343,0.011243323009012832,30.77653061224487,0.6352885705975511,2019-07-11T10:57:01Z,NA,exp_zhao18
QUE,B,2019-07-11,3,ET,1,ok,344,-0.00547238166555966,31.596714285714256,0.6346269291607143,2019-07-11T11:06:38Z,NA,exp_zhao18
QUE,B,2019-07-11,3,ET,2,ok,345,0.014497509441406717,31.670000000000016,0.6345863948108929,2019-07-11T11:09:59Z,NA,exp_zhao18
QUE,B,2019-07-11,3,ET,3,ok,346,0.008579273481903418,31.744264705882358,0.6345481411661764,2019-07-11T11:13:14Z,NA,exp_zhao18
QUE,B,2019-07-11,3,ET,4,ok,347,0.19235177926043137,31.807027027027004,0.6344769854083784,2019-07-11T11:16:29Z,NA,exp_zhao18
QUE,B,2019-07-11,3,E,1,ok,348,0.012110409359107725,31.893428571428558,0.6344704313231428,2019-07-11T11:26:32Z,NA,exp_zhao18
QUE,B,2019-07-11,4,ET,1,ok,349,0.016973090061439506,30.72414285714285,0.6342744565535714,2019-07-11T11:34:04Z,NA,exp_zhao18
QUE,B,2019-07-11,4,ET,2,ok,350,0.02606754605376903,30.41828571428573,0.6342533081971428,2019-07-11T11:37:16Z,NA,exp_zhao18
QUE,B,2019-07-11,4,ET,3,ok,351,0.021854561192653332,30.17742857142855,0.6342927851291428,2019-07-11T11:40:35Z,NA,exp_zhao18
QUE,B,2019-07-11,4,ET,4,ok,352,0.004348677174621851,29.934000000000026,0.634248950354,2019-07-11T11:44:02Z,NA,exp_zhao18
QUE,B,2019-07-11,4,E,1,ok,353,0.004932797626030127,29.645483870967723,0.6341762190269354,2019-07-11T11:48:12Z,NA,exp_zhao18
QUE,B,2019-07-11,5,ET,1,ok,354,0.03872380453737867,29.525846153846146,0.634035968164923,2019-07-11T11:56:48Z,NA,exp_zhao18
QUE,B,2019-07-11,5,ET,2,ok,355,0.041713164247245776,25.883636363636356,0.6338739194999999,2019-07-11T12:28:33Z,NA,exp_zhao18
QUE,B,2019-07-11,5,ET,3,ok,356,0.038775511298887,25.79314285714287,0.6338247015068571,2019-07-11T12:32:05Z,NA,exp_zhao18
QUE,B,2019-07-11,5,ET,4,ok,357,0.02616120178605112,25.839999999999975,0.633832984613125,2019-07-11T12:35:39Z,NA,exp_zhao18
QUE,B,2019-07-11,5,E,1,ok,358,0.01215414375800658,25.95016666666669,0.6337577317115,2019-07-11T12:39:43Z,NA,exp_zhao18
ACJ,C,2019-07-12,1,ET,1,ok,359,0.03403030567752961,19.426716417910427,0.6668729119291044,2019-07-12T09:51:19Z,NA,exp_zhao18
ACJ,C,2019-07-12,1,E,1,ok,360,0.013751278832629207,20.046530612244908,0.6668560172932653,2019-07-12T09:55:51Z,NA,exp_zhao18
ACJ,C,2019-07-12,2,ET,1,ok,361,0.05089143945534109,21.007343750000018,0.6667006146384374,2019-07-12T10:04:07Z,NA,exp_zhao18
ACJ,C,2019-07-12,2,E,1,ok,362,0.015256438356597693,21.81400000000002,0.6667146254245714,2019-07-12T10:12:38Z,NA,exp_zhao18
ACJ,C,2019-07-12,4,ET,1,ok,363,0.011130005675744584,22.454857142857122,0.6665454385731427,2019-07-12T10:21:29Z,NA,exp_zhao18
ACJ,C,2019-07-12,4,E,1,ok,364,0.0025473919495203577,22.65869565217389,0.666560845201884,2019-07-12T10:25:48Z,NA,exp_zhao18
ACJ,C,2019-07-12,5,ET,1,ok,365,0.02166459626548222,23.062615384615356,0.6664191991532307,2019-07-12T10:34:59Z,NA,exp_zhao18
ACJ,C,2019-07-12,5,E,1,ok,366,0.007451032660232623,23.254696969696965,0.6663765935133332,2019-07-12T10:41:59Z,NA,exp_zhao18
ACJ,C,2019-07-12,3,ET,1,ok,367,0.02095558652865455,23.372121212121215,0.666581454865,2019-07-12T10:51:18Z,NA,exp_zhao18
ACJ,C,2019-07-12,3,ET,2,ok,368,0.01548969771680205,23.395142857142844,0.6664819935038571,2019-07-12T10:56:06Z,NA,exp_zhao18
ACJ,C,2019-07-12,3,ET,3,ok,369,0.015026904297795254,23.40283582089552,0.6665017109267164,2019-07-12T10:59:19Z,NA,exp_zhao18
ACJ,C,2019-07-12,3,ET,4,ok,370,0.008693224883677133,23.407428571428568,0.666508781422,2019-07-12T11:02:51Z,NA,exp_zhao18
ACJ,C,2019-07-12,3,E,1,ok,371,0.004805749128577337,23.402571428571434,0.6664340572292856,2019-07-12T11:06:38Z,NA,exp_zhao18
WAY,C,2019-07-13,1,ET,1,ok,372,0.0801792940626922,18.55967741935484,0.6986477795053225,2019-07-13T09:15:11Z,NA,exp_zhao18
WAY,C,2019-07-13,1,ET,2,ok,373,0.0817587660040473,19.223285714285737,0.698603527138,2019-07-13T09:18:28Z,NA,exp_zhao18
WAY,C,2019-07-13,1,ET,3,ok,374,0.1009559261520259,19.93230769230769,0.6985989721073845,2019-07-13T09:21:53Z,NA,exp_zhao18
WAY,C,2019-07-13,1,ET,4,ok,375,0.11118878715134897,21.614142857142838,0.6985414919591428,2019-07-13T09:30:14Z,NA,exp_zhao18
WAY,C,2019-07-13,1,E,1,ok,376,0.08570735499376242,22.457857142857165,0.6985485414112856,2019-07-13T09:34:25Z,NA,exp_zhao18
WAY,C,2019-07-13,2,ET,1,ok,377,0.09937822980781735,23.717424242424272,0.6983873012149999,2019-07-13T09:41:28Z,NA,exp_zhao18
WAY,C,2019-07-13,2,ET,2,ok,378,0.08889311461709508,24.302714285714274,0.6983398776278571,2019-07-13T09:44:28Z,NA,exp_zhao18
WAY,C,2019-07-13,2,ET,3,ok,379,0.08527756986727142,24.901857142857125,0.6983004006958571,2019-07-13T09:47:36Z,NA,exp_zhao18
WAY,C,2019-07-13,2,ET,4,ok,380,0.08163403594412452,25.481093750000014,0.6982837023060937,2019-07-13T09:50:32Z,NA,exp_zhao18
WAY,C,2019-07-13,2,E,1,ok,381,0.06149852526205045,26.234328358208927,0.6982762221271641,2019-07-13T09:54:22Z,NA,exp_zhao18
WAY,C,2019-07-13,3,ET,1,ok,382,0.09138901167973092,27.480615384615362,0.6981298039539999,2019-07-13T10:01:32Z,NA,exp_zhao18
WAY,C,2019-07-13,3,ET,2,ok,383,0.09464593503734339,28.0282608695652,0.6981552637144928,2019-07-13T10:04:43Z,NA,exp_zhao18
WAY,C,2019-07-13,3,ET,3,ok,384,0.08701976423945881,28.630735294117642,0.6981074530439706,2019-07-13T10:07:59Z,NA,exp_zhao18
WAY,C,2019-07-13,3,ET,4,ok,385,0.08684099902951238,29.174423076923063,0.6981058900432692,2019-07-13T10:11:15Z,NA,exp_zhao18
WAY,C,2019-07-13,3,E,1,ok,386,0.06152893663783218,30.041323529411784,0.6979869903470588,2019-07-13T10:16:07Z,NA,exp_zhao18
WAY,C,2019-07-13,5,ET,1,ok,387,0.07737022646935092,31.081641791044774,0.697539712201791,2019-07-13T10:24:41Z,NA,exp_zhao18
WAY,C,2019-07-13,5,ET,2,ok,388,0.062142290434921414,31.439999999999998,0.69754505189875,2019-07-13T10:27:49Z,NA,exp_zhao18
WAY,C,2019-07-13,5,ET,3,ok,389,0.06150641624666543,31.88941176470587,0.6974659528989706,2019-07-13T10:31:35Z,NA,exp_zhao18
WAY,C,2019-07-13,5,ET,4,ok,390,0.06364094398078685,32.29649122807018,0.6973877068901755,2019-07-13T10:35:00Z,NA,exp_zhao18
WAY,C,2019-07-13,5,E,1,ok,391,0.04433686860711475,32.86206896551721,0.6973208671663793,2019-07-13T10:39:49Z,NA,exp_zhao18
WAY,C,2019-07-13,4,ET,1,ok,392,0.056560328106122215,33.89590163934429,0.6974004514562295,2019-07-13T10:50:36Z,NA,exp_zhao18
WAY,C,2019-07-13,4,E,1,ok,393,0.03767562894273217,34.2020588235294,0.6972990467526471,2019-07-13T10:54:12Z,NA,exp_zhao18
WAY,B,2019-07-13,1,ET,1,ok,394,0.07308633982797072,33.06585714285711,0.7010708353880001,2019-07-13T11:39:03Z,NA,exp_zhao18
WAY,B,2019-07-13,1,ET,2,ok,395,0.06384027146554086,33.21957142857144,0.7011032628678572,2019-07-13T11:42:24Z,NA,exp_zhao18
WAY,B,2019-07-13,1,ET,3,ok,396,0.04962072232334075,33.24000000000001,0.7010666057167144,2019-07-13T11:47:04Z,NA,exp_zhao18
WAY,B,2019-07-13,1,ET,4,ok,397,0.05196834667332855,33.36400000000003,0.7010440474698573,2019-07-13T11:50:38Z,NA,exp_zhao18
WAY,B,2019-07-13,1,E,1,ok,398,0.04010183438093154,33.774,0.7009312562355715,2019-07-13T11:56:42Z,NA,exp_zhao18
WAY,B,2019-07-13,2,ET,1,ok,399,0.06758567718768708,34.36314285714286,0.7007578397128572,2019-07-13T12:05:31Z,NA,exp_zhao18
WAY,B,2019-07-13,2,ET,2,ok,400,0.053784485825520194,34.491967213114776,0.7007025997436065,2019-07-13T12:12:31Z,NA,exp_zhao18
WAY,B,2019-07-13,2,ET,3,ok,401,0.046259810969002724,34.60871428571431,0.700646458369,2019-07-13T12:18:22Z,NA,exp_zhao18
WAY,B,2019-07-13,2,ET,4,ok,402,0.0500524924499706,34.64871428571428,0.7005886528614285,2019-07-13T12:21:43Z,NA,exp_zhao18
WAY,B,2019-07-13,2,E,1,ok,403,0.03493701379678131,34.73414285714284,0.7005787836284285,2019-07-13T12:26:09Z,NA,exp_zhao18
WAY,B,2019-07-13,3,ET,1,ok,404,0.061060230458811565,34.61442857142856,0.7001163395678571,2019-07-13T12:34:50Z,NA,exp_zhao18
WAY,B,2019-07-13,3,E,1,ok,405,0.014560492944158003,34.53857142857146,0.7001008307731428,2019-07-13T12:38:56Z,NA,exp_zhao18
WAY,B,2019-07-13,4,ET,1,ok,406,0.033347316590166626,34.29714285714283,0.6998857217763265,2019-07-13T12:54:13Z,NA,exp_zhao18
WAY,B,2019-07-13,4,E,1,ok,407,0.009885130117271856,34.12619999999998,0.6998016520242,2019-07-13T13:01:45Z,NA,exp_zhao18
WAY,B,2019-07-13,5,ET,1,ok,408,0.08070382079487946,34.04649999999998,0.6996595350689999,2019-07-13T13:08:46Z,NA,exp_zhao18
WAY,B,2019-07-13,5,E,1,ok,409,0.04288676546730882,33.971714285714256,0.69959045043799994,2019-07-13T13:12:40Z,NA,exp_zhao18
TRE,B,2019-07-14,1,ET,1,ok,410,0.06053838848795822,19.08785714285716,0.6571485188667143,2019-07-14T09:54:28Z,NA,exp_zhao18
TRE,B,2019-07-14,1,ET,2,ok,411,0.06294466425409967,20.024285714285725,0.6570596957697142,2019-07-14T09:57:48Z,NA,exp_zhao18
TRE,B,2019-07-14,1,ET,3,ok,412,0.053408205095614156,20.987142857142885,0.657014579276,2019-07-14T10:01:16Z,NA,exp_zhao18
TRE,B,2019-07-14,1,ET,4,ok,413,0.048283907727487745,22.062714285714264,0.6570131693855714,2019-07-14T10:05:13Z,NA,exp_zhao18
TRE,B,2019-07-14,1,E,1,discard,414,NA,24.136666666666656,0.6569253906518518,2019-07-14T10:13:34Z,NA,exp_zhao18
TRE,B,2019-07-14,3,ET,1,ok,415,0.02113027148913931,26.69799999999998,0.6566339088602857,2019-07-14T10:31:41Z,NA,exp_zhao18
TRE,B,2019-07-14,3,E,1,ok,416,0.017570310306452896,26.829999999999984,0.6566169901751429,2019-07-14T10:35:15Z,NA,exp_zhao18
TRE,B,2019-07-14,4,ET,1,ok,417,0.025886768444620293,26.988928571428573,0.65656306186625,2019-07-14T10:43:36Z,NA,exp_zhao18
TRE,B,2019-07-14,4,E,1,ok,418,0.031860858421533134,27.143399999999986,0.6565270391658,2019-07-14T10:50:06Z,NA,exp_zhao18
TRE,B,2019-07-14,5,ET,1,ok,419,0.03511074233198903,27.398000000000025,0.6564280648577143,2019-07-14T10:56:45Z,NA,exp_zhao18
TRE,B,2019-07-14,5,E,1,ok,420,0.04614888123608534,27.527857142857158,0.656422425296,2019-07-14T11:00:12Z,NA,exp_zhao18
ACJ,C,2019-11-20,1,ET,1,ok,421,0.017495527457895593,23.36714285714288,0.6677071882862857,2019-11-20T12:16:45Z,NA,exp_zhao18
ACJ,C,2019-11-20,1,E,1,ok,422,0.010527763317227793,23.46085714285715,0.667604266285,2019-11-20T12:23:58Z,NA,exp_zhao18
ACJ,C,2019-11-20,2,ET,1,ok,423,0.015594061990136295,23.36828571428572,0.6675098036262856,2019-11-20T12:31:46Z,NA,exp_zhao18
ACJ,C,2019-11-20,2,E,1,ok,424,0.018211800387335438,23.408863636363662,0.6674584707974999,2019-11-20T12:35:11Z,NA,exp_zhao18
ACJ,C,2019-11-20,3,ET,1,ok,425,0.09055101200092922,23.956888888888898,0.6671820824288888,2019-11-20T12:47:41Z,NA,exp_zhao18
ACJ,C,2019-11-20,3,E,1,ok,426,0.02383058328910192,24.227575757575778,0.6671765995216666,2019-11-20T12:50:56Z,NA,exp_zhao18
ACJ,C,2019-11-20,4,ET,1,ok,427,0.036131523368214076,24.684571428571417,0.6669218793175713,2019-11-20T12:57:25Z,NA,exp_zhao18
ACJ,C,2019-11-20,4,E,1,ok,428,0.027973629679624863,25.066285714285698,0.6668499749057142,2019-11-20T13:03:49Z,NA,exp_zhao18
ACJ,C,2019-11-20,5,ET,1,ok,429,0.03399188141777231,25.27819999999997,0.6667476168605999,2019-11-20T13:14:01Z,NA,exp_zhao18
ACJ,C,2019-11-20,5,E,1,ok,430,0.04102581446284269,25.43685714285715,0.6666610495882856,2019-11-20T13:18:44Z,NA,exp_zhao18
TRE,C,2019-11-21,1,ET,1,ok,431,0.050861219011730754,19.213714285714275,0.6497621029114286,2019-11-21T09:32:29Z,NA,exp_zhao18
TRE,C,2019-11-21,1,E,1,ok,432,0.031928355473916,19.54442857142857,0.649731085322,2019-11-21T09:35:42Z,NA,exp_zhao18
TRE,C,2019-11-21,2,ET,1,ok,433,0.055703006277198555,20.053428571428583,0.649681739157,2019-11-21T09:44:12Z,NA,exp_zhao18
TRE,C,2019-11-21,2,E,1,ok,434,0.029539516578609704,20.22800000000001,0.6496760995952857,2019-11-21T09:47:26Z,NA,exp_zhao18
TRE,C,2019-11-21,3,ET,1,ok,435,0.06031296969326087,21.138428571428562,0.649622523759,2019-11-21T09:56:25Z,NA,exp_zhao18
TRE,C,2019-11-21,3,E,1,ok,436,0.03125921299247246,21.595571428571418,0.649556258908857,2019-11-21T09:59:28Z,NA,exp_zhao18
TRE,C,2019-11-21,4,ET,1,ok,437,0.047402183320868346,22.654999999999973,0.6494293687702857,2019-11-21T10:08:06Z,NA,exp_zhao18
TRE,C,2019-11-21,4,E,1,ok,438,0.04145838333161812,23.133142857142843,0.6494166797564285,2019-11-21T10:11:27Z,NA,exp_zhao18
TRE,C,2019-11-21,5,ET,1,ok,439,0.04304128699335991,24.07499999999999,0.6492799203848572,2019-11-21T10:19:23Z,NA,exp_zhao18
TRE,C,2019-11-21,5,E,1,ok,440,0.03378772199659977,24.293124999999975,0.649241324634375,2019-11-21T10:22:19Z,NA,exp_zhao18
ACJ,NB,2019-11-23,1,ET,1,ok,441,0.020893985319766974,16.22733333333332,0.6728300251585,2019-11-23T09:41:14Z,NA,exp_zhao18
ACJ,NB,2019-11-23,1,E,1,ok,442,0.021872244536945598,16.434000000000026,0.6727616454727143,2019-11-23T09:43:56Z,NA,exp_zhao18
ACJ,NB,2019-11-23,2,ET,1,ok,443,0.010270142152026583,17.4349230769231,0.6727582834263077,2019-11-23T09:55:09Z,NA,exp_zhao18
ACJ,NB,2019-11-23,2,E,1,ok,444,0.012351994185982394,17.696515151515143,0.6726405657916666,2019-11-23T09:58:40Z,NA,exp_zhao18
ACJ,NB,2019-11-23,3,ET,1,ok,445,0.027628018921265922,18.215641025641048,0.6725831678048718,2019-11-23T10:08:17Z,NA,exp_zhao18
ACJ,NB,2019-11-23,3,E,1,ok,446,0.01740855269797545,18.46333333333331,0.6725912196266667,2019-11-23T10:11:30Z,NA,exp_zhao18
ACJ,NB,2019-11-23,4,ET,1,ok,447,0.05091804139363462,18.898000000000025,0.672536191176,2019-11-23T10:20:30Z,NA,exp_zhao18
ACJ,NB,2019-11-23,4,E,1,ok,448,0.04399280133701559,19.039571428571435,0.6725741300457143,2019-11-23T10:23:01Z,NA,exp_zhao18
ACJ,NB,2019-11-23,5,ET,1,ok,449,0.01899868018453995,20.38557142857144,0.6724430102358572,2019-11-23T10:38:48Z,NA,exp_zhao18
ACJ,NB,2019-11-23,5,E,1,ok,450,0.007539777240246168,20.557000000000016,0.6724514695784286,2019-11-23T10:41:46Z,NA,exp_zhao18
ACJ,B,2019-11-23,1,ET,1,ok,451,0.04406930653017674,19.44553846153849,0.6707555882990769,2019-11-23T11:11:38Z,NA,exp_zhao18
ACJ,B,2019-11-23,1,E,1,ok,452,0.008952427173312879,19.50999999999999,0.6707046153374285,2019-11-23T11:14:47Z,NA,exp_zhao18
ACJ,B,2019-11-23,2,E,1,ok,453,0.015966358407897136,20.25728571428573,0.6705114603487143,2019-11-23T11:30:14Z,NA,exp_zhao18
ACJ,B,2019-11-23,2,ET,1,ok,454,0.022796885267029644,20.41428571428571,0.6705030010061429,2019-11-23T11:33:43Z,NA,exp_zhao18
ACJ,B,2019-11-23,3,ET,1,ok,455,0.0190856367417582,20.613076923076903,0.6703562639484615,2019-11-23T11:39:09Z,NA,exp_zhao18
ACJ,B,2019-11-23,3,E,1,ok,456,0.01316092220500823,20.62828571428571,0.6702421712768571,2019-11-23T11:41:39Z,NA,exp_zhao18
ACJ,B,2019-11-23,4,ET,1,ok,457,0.02533573309053465,20.68342857142858,0.6700941327818571,2019-11-23T11:47:37Z,NA,exp_zhao18
ACJ,B,2019-11-23,4,E,1,ok,458,0.010890145625030575,20.792714285714283,0.6700236382604285,2019-11-23T11:50:31Z,NA,exp_zhao18
ACJ,B,2019-11-23,5,ET,1,zero,459,0,21.099272727272705,0.669910975198,2019-11-23T11:57:26Z,NA,exp_zhao18
ACJ,B,2019-11-23,5,E,1,ok,460,0.009712328020464824,21.190428571428583,0.669814974477,2019-11-23T12:00:23Z,NA,exp_zhao18
TRE,B,2019-11-24,1,ET,1,ok,461,0.05638683792076489,16.663142857142873,0.6562602878967143,2019-11-24T09:28:28Z,NA,exp_zhao18
TRE,B,2019-11-24,1,E,1,ok,462,0.05238057151262519,17.64685714285713,0.656165825238,2019-11-24T09:35:13Z,NA,exp_zhao18
TRE,B,2019-11-24,2,ET,1,ok,463,0.09071951378694915,18.624666666666656,0.6561115444565,2019-11-24T09:42:52Z,NA,exp_zhao18
TRE,B,2019-11-24,2,E,1,ok,464,0.04294295104928571,19.071285714285693,0.65610660984,2019-11-24T09:46:20Z,NA,exp_zhao18
TRE,B,2019-11-24,3,ET,1,ok,465,0.07347613120012365,19.9002857142857,0.6559613911258572,2019-11-24T09:52:33Z,NA,exp_zhao18
TRE,B,2019-11-24,3,E,1,ok,466,0.03850699914124759,20.329857142857122,0.6560050977291428,2019-11-24T09:56:22Z,NA,exp_zhao18
TRE,B,2019-11-24,4,ET,1,ok,467,0.04173448332478637,20.864571428571423,0.655978309811,2019-11-24T10:03:10Z,NA,exp_zhao18
TRE,B,2019-11-24,4,E,1,ok,468,0.052505238499324924,21.07499999999999,0.6559571614545714,2019-11-24T10:06:41Z,NA,exp_zhao18
TRE,B,2019-11-24,5,ET,1,ok,469,0.04179984083159674,21.489142857142838,0.6559162746321429,2019-11-24T10:13:42Z,NA,exp_zhao18
TRE,B,2019-11-24,5,E,1,ok,470,0.04320643133271894,21.640735294117633,0.6559280928313235,2019-11-24T10:16:41Z,NA,exp_zhao18
PIL,C,2019-11-25,1,ET,1,ok,471,0.10426947999305936,23.858000000000004,0.6518120835945715,2019-11-25T09:12:03Z,NA,exp_zhao18
PIL,C,2019-11-25,1,E,1,ok,472,0.07640514395419384,24.57642857142855,0.6518078539232858,2019-11-25T09:15:16Z,NA,exp_zhao18
PIL,C,2019-11-25,2,ET,1,ok,473,0.11843764151571483,26.09114285714287,0.651741589073143,2019-11-25T09:20:53Z,NA,exp_zhao18
PIL,C,2019-11-25,2,E,1,ok,474,0.034480965770124,28.887571428571448,0.6515202362758572,2019-11-25T09:39:36Z,NA,exp_zhao18
PIL,C,2019-11-25,3,ET,1,ok,475,0.038612355901965253,29.055428571428592,0.6512918340264285,2019-11-25T09:47:18Z,NA,exp_zhao18
PIL,C,2019-11-25,3,E,1,ok,476,0.02431603116804381,29.04575757575759,0.65131554582,2019-11-25T09:50:10Z,NA,exp_zhao18
PIL,C,2019-11-25,4,ET,1,ok,477,0.05309478734004334,29.088571428571413,0.6510592021057142,2019-11-25T09:57:13Z,NA,exp_zhao18
PIL,C,2019-11-25,4,E,1,ok,478,0.04049068866041653,29.109285714285704,0.6510606119961427,2019-11-25T10:00:00Z,NA,exp_zhao18
PIL,C,2019-11-25,5,ET,1,ok,479,0.024455809913194113,29.052461538461557,0.6507316737138461,2019-11-25T10:06:47Z,NA,exp_zhao18
PIL,C,2019-11-25,5,E,1,ok,480,0.019034736628454483,28.95685714285713,0.6507194185124285,2019-11-25T10:09:50Z,NA,exp_zhao18
PIL,B,2019-11-25,1,ET,1,ok,481,0.07677288152550425,28.377428571428595,0.6499693568044286,2019-11-25T10:20:12Z,NA,exp_zhao18
PIL,B,2019-11-25,1,E,1,ok,482,0.04003822023957619,28.478999999999985,0.6499961447225714,2019-11-25T10:23:04Z,NA,exp_zhao18
PIL,B,2019-11-25,2,ET,1,ok,483,0.03390761386515154,28.648000000000025,0.6497886558478333,2019-11-25T10:28:52Z,NA,exp_zhao18
PIL,B,2019-11-25,2,E,1,ok,484,0.024837100763076124,28.61642857142857,0.6497296754315713,2019-11-25T10:31:47Z,NA,exp_zhao18
PIL,B,2019-11-25,3,ET,1,ok,485,0.028340379788934642,28.530681818181847,0.649534597865,2019-11-25T10:39:10Z,NA,exp_zhao18
PIL,B,2019-11-25,3,E,1,ok,486,0.026964293182351565,28.413857142857125,0.6494956336204285,2019-11-25T10:42:28Z,NA,exp_zhao18
PIL,B,2019-11-25,4,E,1,ok,487,0.00839416076401845,28.148428571428553,0.6492926093987142,2019-11-25T10:55:44Z,NA,exp_zhao18
PIL,B,2019-11-25,4,ET,1,ok,488,0.008176366950664862,27.63771428571431,0.6493081181934285,2019-11-25T11:06:47Z,NA,exp_zhao18
PIL,B,2019-11-25,5,E,1,ok,489,0.009541910576095231,27.18942857142855,0.6491417511228571,2019-11-25T11:16:04Z,NA,exp_zhao18
PIL,B,2019-11-25,5,ET,1,ok,490,0.04755153323034969,25.739142857142838,0.6489302675585714,2019-11-25T11:42:16Z,NA,exp_zhao18
WAY,B,2019-11-26,1,ET,1,ok,491,0.10082661606340268,20.379777777777804,0.6992329648871111,2019-11-26T08:42:04Z,NA,exp_zhao18
WAY,B,2019-11-26,1,E,1,ok,492,0.05787617614266559,21.574285714285736,0.6992464371734285,2019-11-26T08:45:25Z,NA,exp_zhao18
WAY,B,2019-11-26,2,ET,1,ok,493,0.0809206256011469,23.516285714285686,0.6989997063484286,2019-11-26T08:53:25Z,NA,exp_zhao18
WAY,B,2019-11-26,2,E,1,ok,494,0.06654752882141397,24.325652173913056,0.698947663001739,2019-11-26T08:56:46Z,NA,exp_zhao18
WAY,B,2019-11-26,3,ET,1,ok,495,0.10458138609990938,26.057999999999993,0.6986809626584615,2019-11-26T09:03:03Z,NA,exp_zhao18
WAY,B,2019-11-26,3,E,1,ok,496,0.07505550241255601,26.794714285714292,0.69864300407,2019-11-26T09:06:13Z,NA,exp_zhao18
WAY,B,2019-11-26,4,ET,1,ok,497,0.08762134650347717,28.307428571428545,0.6983976831354285,2019-11-26T09:13:22Z,NA,exp_zhao18
WAY,B,2019-11-26,4,E,1,ok,498,0.06982275113861526,28.92028571428574,0.6983314182852857,2019-11-26T09:16:20Z,NA,exp_zhao18
WAY,B,2019-11-26,5,ET,1,ok,499,0.12861736281478986,30.29385714285712,0.6980875072411429,2019-11-26T09:22:42Z,NA,exp_zhao18
WAY,B,2019-11-26,5,E,1,ok,500,0.09559003941673425,30.873548387096776,0.6980444828429032,2019-11-26T09:25:47Z,NA,exp_zhao18
WAY,C,2019-11-26,1,ET,1,ok,501,0.10759378843315508,32.76214285714286,0.6949674197227143,2019-11-26T09:55:43Z,NA,exp_zhao18
WAY,C,2019-11-26,1,E,1,ok,502,0.08748522925162669,33.29314285714287,0.6949152537768571,2019-11-26T09:59:16Z,NA,exp_zhao18
WAY,C,2019-11-26,2,ET,1,ok,503,0.11274132533381187,34.48382978723407,0.6947772045055319,2019-11-26T10:06:32Z,NA,exp_zhao18
WAY,C,2019-11-26,2,E,1,ok,504,0.040495854560611826,36.467714285714294,0.6945937987591428,2019-11-26T10:21:34Z,NA,exp_zhao18
WAY,C,2019-11-26,3,ET,1,ok,505,0.11224651930875482,36.72142857142859,0.6944612690588572,2019-11-26T10:30:16Z,NA,exp_zhao18
WAY,C,2019-11-26,3,E,1,ok,506,0.07151774692192685,36.88900000000001,0.6944697284014286,2019-11-26T10:33:36Z,NA,exp_zhao18
WAY,C,2019-11-26,4,ET,1,ok,507,0.12710381585523312,37.50599999999997,0.694214410062,2019-11-26T10:44:10Z,NA,exp_zhao18
WAY,C,2019-11-26,4,E,1,ok,508,0.04237678820837065,37.65100000000001,0.6942201777955714,2019-11-26T10:47:08Z,NA,exp_zhao18
WAY,C,2019-11-26,5,ET,1,ok,509,0.06659055545515082,37.58757142857144,0.6941130261230001,2019-11-26T10:53:09Z,NA,exp_zhao18
WAY,C,2019-11-26,5,E,1,ok,510,0.032438211807718914,37.475714285714275,0.6940978698008928,2019-11-26T10:56:24Z,NA,exp_zhao18
QUE,B,2019-11-27,1,ET,1,ok,511,0.06231633218396237,20.189076923076925,0.6353660371046155,2019-11-27T10:03:35Z,NA,exp_zhao18
QUE,B,2019-11-27,1,ET,2,ok,512,0.05488653404712827,20.658571428571406,0.6353502029505714,2019-11-27T10:06:21Z,NA,exp_zhao18
QUE,B,2019-11-27,1,ET,3,ok,513,0.025020954304163595,21.417142857142835,0.6353135457994287,2019-11-27T10:11:07Z,NA,exp_zhao18
QUE,B,2019-11-27,1,ET,4,ok,514,0.038129288444370316,21.791571428571444,0.6353375139367143,2019-11-27T10:13:50Z,NA,exp_zhao18
QUE,B,2019-11-27,1,E,1,ok,515,0.023158493077529197,22.19485714285713,0.6353163655802858,2019-11-27T10:17:16Z,NA,exp_zhao18
QUE,B,2019-11-27,2,ET,1,ok,516,0.01473604451488438,24.415918367346933,0.6351274402628571,2019-11-27T10:46:46Z,NA,exp_zhao18
QUE,B,2019-11-27,2,E,1,ok,517,0.012942010492798361,24.531200000000013,0.6351186989422,2019-11-27T10:49:51Z,NA,exp_zhao18
QUE,B,2019-11-27,3,ET,1,ok,518,0.045374421102698646,25.009142857142876,0.6346974236821428,2019-11-27T10:57:48Z,NA,exp_zhao18
QUE,B,2019-11-27,3,E,1,ok,519,0.019490163914823,25.038999999999987,0.6347580489705713,2019-11-27T11:00:58Z,NA,exp_zhao18
QUE,B,2019-11-27,4,ET,1,ok,520,0.057798511937504266,25.20085714285716,0.6345113181455714,2019-11-27T11:06:45Z,NA,exp_zhao18
QUE,B,2019-11-27,4,E,1,ok,521,0.025056245087245087,25.32882352941175,0.6344886354966176,2019-11-27T11:10:00Z,NA,exp_zhao18
QUE,B,2019-11-27,5,ET,1,ok,522,0.03605175616506655,25.68885714285716,0.6343195730472857,2019-11-27T11:16:00Z,NA,exp_zhao18
QUE,B,2019-11-27,5,ET,2,ok,523,0.039729775876552485,25.898571428571415,0.634285735677,2019-11-27T11:19:35Z,NA,exp_zhao18
QUE,B,2019-11-27,5,ET,3,ok,524,0.05081682455508312,26.117428571428547,0.6342885554578571,2019-11-27T11:22:27Z,NA,exp_zhao18
QUE,B,2019-11-27,5,ET,4,ok,525,0.06109286829333062,26.363800000000026,0.6342956049099999,2019-11-27T11:25:05Z,NA,exp_zhao18
QUE,B,2019-11-27,5,E,1,ok,526,0.02312930730100466,26.631428571428557,0.6343040642525714,2019-11-27T11:28:15Z,NA,exp_zhao18
WAY,B,2020-03-12,1,ET,1,ok,527,0.048171980821532234,-66.19299999999998,0.700478681408,2020-03-12T09:13:37Z,NA,exp_zhao18
WAY,B,2020-03-12,1,E,1,ok,528,0.019039056070168217,-66.20685714285713,0.7004829110792856,2020-03-12T09:18:56Z,NA,exp_zhao18
WAY,B,2020-03-12,2,ET,1,ok,529,0.0729474610760133,-66.233,0.7003517912694285,2020-03-12T09:31:02Z,NA,exp_zhao18
WAY,B,2020-03-12,2,E,1,ok,530,0.010765270585492325,-66.21185714285713,0.700323593460857,2020-03-12T09:38:34Z,NA,exp_zhao18
WAY,B,2020-03-12,3,ET,1,ok,531,0.046737486142890056,-66.22757142857142,0.7000684032932857,2020-03-12T09:46:54Z,NA,exp_zhao18
WAY,B,2020-03-12,3,E,1,ok,532,0.03460657454217335,-66.21285714285716,0.7001036505539999,2020-03-12T09:50:30Z,NA,exp_zhao18
WAY,B,2020-03-12,4,ET,1,ok,533,0.04485366862554609,-66.19968749999998,0.6998273120299999,2020-03-12T09:58:28Z,NA,exp_zhao18
WAY,B,2020-03-12,4,E,1,ok,534,0.023674766360956064,-66.2146875,0.6998473589095312,2020-03-12T10:01:09Z,NA,exp_zhao18
WAY,C,2020-03-12,1,ET,1,ok,535,0.044916132626659444,-65.69171428571428,0.697310657615,2020-03-12T10:44:18Z,NA,exp_zhao18
WAY,C,2020-03-12,1,E,1,ok,536,0.046372639906947406,-65.67842857142858,0.697300788382,2020-03-12T10:49:06Z,NA,exp_zhao18
WAY,C,2020-03-12,2,ET,1,ok,537,0.06929485644975049,-65.66042857142855,0.6969962520494286,2020-03-12T11:03:43Z,NA,exp_zhao18
WAY,C,2020-03-12,2,E,1,ok,538,0.040825973221202135,-66.12728571428573,0.6990546920751428,2020-03-12T11:08:39Z,NA,exp_zhao18
WAY,B,2020-03-12,5,ET,1,ok,539,0.06826480196283075,-66.24157142857143,0.6995834009858571,2020-03-12T11:09:51Z,NA,exp_zhao18
WAY,B,2020-03-12,5,E,1,ok,540,0.03882213118599212,-66.22657142857145,0.6996186482465714,2020-03-12T11:12:23Z,NA,exp_zhao18
WAY,C,2020-03-12,3,ET,1,ok,541,0.10422603844773401,-65.64128571428571,0.6967537508957143,2020-03-12T11:17:53Z,NA,exp_zhao18
WAY,C,2020-03-12,3,E,1,ok,542,0.033798163627381486,-65.65299999999999,0.696728372868,2020-03-12T11:22:14Z,NA,exp_zhao18
WAY,C,2020-03-12,4,ET,1,ok,543,0.033761124928393366,-65.67971428571428,0.6965098398515714,2020-03-12T11:34:38Z,NA,exp_zhao18
WAY,C,2020-03-12,4,E,1,ok,544,0.019788240777861975,-65.64642857142857,0.6965168893037142,2020-03-12T11:42:13Z,NA,exp_zhao18
WAY,C,2020-03-12,5,ET,1,ok,545,0.018767931189753,-65.62157142857143,0.6962349112180001,2020-03-12T11:51:47Z,NA,exp_zhao18
WAY,C,2020-03-12,5,E,1,ok,546,0.01285584839317908,-65.63999999999999,0.6961940243955714,2020-03-12T11:55:08Z,NA,exp_zhao18
TRE,B,2020-03-13,1,ET,1,ok,547,0.009251029091713167,-66.19285714285715,0.6575644365431428,2020-03-13T10:03:21Z,NA,exp_zhao18
TRE,B,2020-03-13,1,E,1,ok,548,-0.002499074539476325,-66.19957142857143,0.6575136804877142,2020-03-13T10:11:12Z,NA,exp_zhao18
TRE,B,2020-03-13,2,ET,1,ok,549,0.007387990037882437,-66.18886363636364,0.657412040205,2020-03-13T10:24:43Z,NA,exp_zhao18
TRE,B,2020-03-13,2,E,1,ok,550,9.232982604622214e-4,-66.17185714285716,0.6574756134461428,2020-03-13T10:29:16Z,NA,exp_zhao18
TRE,B,2020-03-13,3,ET,1,ok,551,-0.0032447785129870806,-66.22440677966102,0.6573929556327118,2020-03-13T10:37:00Z,NA,exp_zhao18
TRE,B,2020-03-13,3,E,1,ok,552,0.010009615531381116,-66.21385714285714,0.6574798431174285,2020-03-13T10:39:12Z,NA,exp_zhao18
TRE,B,2020-03-13,4,E,1,zero,553,0,-66.21385714285714,0.6575207299398571,2020-03-13T10:49:22Z,NA,exp_zhao18
TRE,B,2020-03-13,5,ET,1,start_error,554,NA,-66.23283333333333,0.6574866575878333,2020-03-13T10:57:11Z,NA,exp_zhao18
TRE,B,2020-03-13,5,E,1,start_error,555,NA,-66.18573529411765,0.657526037762647,2020-03-13T11:00:34Z,NA,exp_zhao18
TRE,B,2020-03-13,4,ET,1,zero,556,0,-66.21854545454545,0.655134041788,2020-03-13T13:21:36Z,NA,exp_zhao18
TRE,C,2020-03-13,4,ET,1,ok,557,0.06199198194243973,-65.69142857142856,0.6487892785157143,2020-03-13T13:25:43Z,NA,exp_zhao18
TRE,C,2020-03-13,4,E,1,ok,558,0.021172231929762808,-65.6585714285714,0.6487512114741428,2020-03-13T13:28:47Z,NA,exp_zhao18
TRE,C,2020-03-13,5,ET,1,ok,559,0.045852484245636226,-65.64850000000001,0.6485698055723333,2020-03-13T13:35:36Z,NA,exp_zhao18
TRE,C,2020-03-13,5,E,1,ok,560,0.042161648761943726,-65.66614285714286,0.6485608762662857,2020-03-13T13:38:19Z,NA,exp_zhao18
TRE,C,2020-03-13,3,ET,1,ok,561,0.021784214947324264,-65.65842857142857,0.6488061972008571,2020-03-13T13:45:55Z,NA,exp_zhao18
TRE,C,2020-03-13,3,E,1,ok,562,0.013090992394382852,-65.69910447761194,0.6488033774199999,2020-03-13T13:48:41Z,NA,exp_zhao18
TRE,C,2020-03-13,2,ET,1,ok,563,0.02908384555245276,-65.65228571428571,0.648773769721,2020-03-13T13:55:39Z,NA,exp_zhao18
TRE,C,2020-03-13,2,E,1,ok,564,0.008557157591585186,-65.65899999999999,0.6488640027084286,2020-03-13T13:59:05Z,NA,exp_zhao18
TRE,C,2020-03-13,1,ET,1,ok,565,0.053433919081218535,-65.66781818181818,0.648909247374,2020-03-13T14:09:41Z,NA,exp_zhao18
TRE,C,2020-03-13,1,E,1,ok,566,0.010208795618425205,-65.6792857142857,0.6489048895308571,2020-03-13T14:13:06Z,NA,exp_zhao18
ACJ,C,2020-03-14,1,ET,1,ok,567,0.06258476250773806,-65.63299999999998,0.6699649868186001,2020-03-14T10:09:19Z,NA,exp_zhao18
ACJ,C,2020-03-14,1,E,1,ok,568,0.04623686736166781,-65.65085714285715,0.6698474019568571,2020-03-14T10:17:17Z,NA,exp_zhao18
ACJ,C,2020-03-14,2,ET,1,ok,569,0.06563532720933582,-65.684,0.6697205118182857,2020-03-14T10:27:05Z,NA,exp_zhao18
ACJ,C,2020-03-14,2,ET,2,ok,570,0.07323638884103403,-65.67128571428572,0.6697205118182857,2020-03-14T10:30:32Z,NA,exp_zhao18
ACJ,NB,2020-03-14,1,ET,1,discard,571,NA,-66.03866666666667,0.6727592956553333,2020-03-14T10:32:50Z,NA,exp_zhao18
ACJ,C,2020-03-14,2,ET,3,ok,572,0.06630129965287522,-65.67142857142858,0.6697980557918571,2020-03-14T10:33:20Z,NA,exp_zhao18
ACJ,NB,2020-03-14,1,E,1,discard,573,NA,-65.61228571428572,0.6697515294077143,2020-03-14T10:36:16Z,NA,exp_zhao18
ACJ,C,2020-03-14,2,ET,4,ok,574,0.0312736567501551,-65.67666666666668,0.669649390678889,2020-03-14T10:36:51Z,NA,exp_zhao18
ACJ,C,2020-03-14,2,E,1,ok,575,0.045715275244276286,-65.69071428571428,0.6695710634328572,2020-03-14T10:40:19Z,NA,exp_zhao18
ACJ,NB,2020-03-14,2,ET,1,ok,576,0.11636867748636956,-66.20614285714288,0.6740164479541428,2020-03-14T10:43:14Z,NA,exp_zhao18
ACJ,NB,2020-03-14,2,E,1,ok,577,0.058941434758667206,-66.25075757575758,0.6740387071333334,2020-03-14T10:46:22Z,NA,exp_zhao18
ACJ,C,2020-03-14,3,ET,1,ok,578,0.039343786703515495,-65.6792857142857,0.6693468908547143,2020-03-14T10:54:32Z,NA,exp_zhao18
ACJ,NB,2020-03-14,3,ET,1,ok,579,0.0580473308572836,-66.21328571428572,0.6739445435422857,2020-03-14T10:55:55Z,NA,exp_zhao18
ACJ,NB,2020-03-14,3,E,1,ok,580,0.028038495687567378,-66.21957142857144,0.6739374940901429,2020-03-14T10:58:43Z,NA,exp_zhao18
ACJ,C,2020-03-14,3,E,1,ok,581,0.023539352005775442,-65.65942857142858,0.6693158732652857,2020-03-14T11:02:16Z,NA,exp_zhao18
ACJ,NB,2020-03-14,4,ET,1,ok,582,0.07909129957135538,-66.21300000000002,0.6737302401971429,2020-03-14T11:06:25Z,NA,exp_zhao18
ACJ,NB,2020-03-14,4,E,1,ok,583,0.03216369643840758,-66.233,0.6736978127172857,2020-03-14T11:09:03Z,NA,exp_zhao18
ACJ,C,2020-03-14,4,ET,1,ok,584,0.030075487452505576,-65.68,0.6691029798105714,2020-03-14T11:12:55Z,NA,exp_zhao18
ACJ,C,2020-03-14,4,E,1,ok,585,0.030991413553565942,-65.66149999999999,0.6690032300627501,2020-03-14T11:16:05Z,NA,exp_zhao18
ACJ,NB,2020-03-14,5,ET,1,ok,586,0.11147160330589977,-65.88499999999999,0.6708159966812858,2020-03-14T11:16:45Z,NA,exp_zhao18
ACJ,NB,2020-03-14,5,E,1,ok,587,0.034591785455793986,-66.17829787234041,0.6734806595936169,2020-03-14T11:20:31Z,NA,exp_zhao18
ACJ,C,2020-03-14,5,ET,1,ok,588,0.018151816178558846,-65.66557142857141,0.6687547368747143,2020-03-14T11:29:55Z,NA,exp_zhao18
ACJ,C,2020-03-14,5,E,1,ok,589,0.025322606479425774,-65.61890625000001,0.6686621246971876,2020-03-14T11:33:38Z,NA,exp_zhao18
ACJ,B,2020-03-14,1,ET,1,ok,590,0.06545571244640294,-66.24236363636362,0.670469035464,2020-03-14T13:08:18Z,NA,exp_zhao18
ACJ,B,2020-03-14,1,E,1,ok,591,0.009020012412275555,-66.25428571428571,0.6704494251698572,2020-03-14T13:11:42Z,NA,exp_zhao18
ACJ,B,2020-03-14,2,ET,1,ok,592,0.01621364551530398,-66.18380952380954,0.670172616682381,2020-03-14T13:22:54Z,NA,exp_zhao18
ACJ,B,2020-03-14,2,E,1,ok,593,0.008063006875691607,-66.24128571428571,0.6701815459884286,2020-03-14T13:26:21Z,NA,exp_zhao18
ACJ,B,2020-03-14,3,ET,1,ok,594,0.017484826185264257,-66.24142857142857,0.6700476063977143,2020-03-14T13:34:21Z,NA,exp_zhao18
ACJ,B,2020-03-14,3,E,1,ok,595,0.004280459979859004,-66.20728571428572,0.6700941327818573,2020-03-14T13:37:41Z,NA,exp_zhao18
ACJ,B,2020-03-14,4,ET,1,ok,596,0.008816760939696319,-66.22642857142858,0.6697599887502858,2020-03-14T13:44:43Z,NA,exp_zhao18
ACJ,B,2020-03-14,4,E,1,ok,597,0.005423717009087748,-66.21485714285714,0.669745889846,2020-03-14T13:47:23Z,NA,exp_zhao18
ACJ,B,2020-03-14,5,ET,1,ok,598,0.00809291486294431,-66.262,0.6696302788308571,2020-03-14T13:53:34Z,NA,exp_zhao18
ACJ,B,2020-03-14,5,E,1,ok,599,0.006585552960914912,-66.21185714285713,0.6695795227754285,2020-03-14T13:56:56Z,NA,exp_zhao18
QUE,B,2020-03-15,1,ET,1,ok,600,0.058693859192132616,-66.20742857142858,0.6375736001564286,2020-03-15T09:16:34Z,NA,exp_zhao18
QUE,B,2020-03-15,1,E,1,ok,601,0.044183866186466705,-66.22714285714287,0.6375580913617143,2020-03-15T09:19:30Z,NA,exp_zhao18
QUE,B,2020-03-15,2,ET,1,ok,602,0.056226349413825684,-66.22893939393941,0.6373565624783333,2020-03-15T09:26:34Z,NA,exp_zhao18
QUE,B,2020-03-15,2,E,1,ok,603,0.035660292449034424,-66.17842857142858,0.6373635264825714,2020-03-15T09:29:54Z,NA,exp_zhao18
QUE,B,2020-03-15,3,ET,1,ok,604,0.05730579675231391,-66.21328571428572,0.6368573758187143,2020-03-15T09:39:45Z,NA,exp_zhao18
QUE,B,2020-03-15,3,E,1,ok,605,0.024615635033834925,-66.23385714285715,0.6368630153804286,2020-03-15T09:45:32Z,NA,exp_zhao18
QUE,B,2020-03-15,4,ET,1,ok,606,0.038035093621086924,-66.19257142857143,0.6367558637078572,2020-03-15T09:52:29Z,NA,exp_zhao18
QUE,B,2020-03-15,4,E,1,ok,607,0.02372867129087372,-66.26285714285714,0.6367741922834286,2020-03-15T09:55:28Z,NA,exp_zhao18
QUE,B,2020-03-15,5,ET,1,ok,608,0.03371535865375371,-66.21957142857144,0.6364992636498571,2020-03-15T10:03:38Z,NA,exp_zhao18
QUE,B,2020-03-15,5,E,1,ok,609,0.026649211944839053,-66.18485714285714,0.6365260515679999,2020-03-15T10:06:47Z,NA,exp_zhao18
WAY,B,2018-03-12,1,ET,1,ok,1,0.06320552961894448,29.782575757575728,0.70082320736,2018-03-12T09:28:46Z,NA,linear
WAY,B,2018-03-12,1,E,1,ok,2,0.05369302789456552,30.033000000000015,0.700804366097,2018-03-12T09:32:31Z,NA,linear
WAY,B,2018-03-12,2,ET,1,ok,3,0.06333830170062325,30.415857142857135,0.7006323594647142,2018-03-12T09:43:26Z,NA,linear
WAY,B,2018-03-12,2,E,1,ok,4,0.04996117856540994,30.64861538461537,0.7005971122039999,2018-03-12T09:47:46Z,NA,linear
WAY,B,2018-03-12,3,ET,1,ok,5,0.11685005625257337,31.512999999999977,0.7002911659809999,2018-03-12T09:58:13Z,NA,linear
WAY,B,2018-03-12,3,E,1,ok,6,0.051216578302035035,32.15300000000002,0.7002601483915714,2018-03-12T10:02:08Z,NA,linear
WAY,B,2018-03-12,4,ET,1,ok,7,0.10473439877242256,33.779714285714306,0.69992600436,2018-03-12T10:11:07Z,NA,linear
WAY,B,2018-03-12,4,E,1,ok,8,0.04717059856715035,34.49785714285713,0.6997638669607142,2018-03-12T10:15:27Z,NA,linear
WAY,B,2018-03-12,5,ET,1,ok,9,0.08936373164177523,35.01042857142858,0.6994988075601428,2018-03-12T10:23:54Z,NA,linear
WAY,B,2018-03-12,5,E,1,ok,10,0.0656544803531285,35.0984285714286,0.6994071646822857,2018-03-12T10:27:34Z,NA,linear
WAY,C,2018-03-12,1,ET,1,ok,11,0.044069025418624834,28.409253731343256,0.6952476933140298,2018-03-12T11:49:27Z,NA,linear
WAY,C,2018-03-12,1,E,1,ok,12,0.0315418828866581,28.13357142857143,0.6952014615338571,2018-03-12T11:52:58Z,NA,linear
WAY,C,2018-03-12,2,ET,1,ok,13,0.08068423726603727,28.139714285714263,0.695080210957,2018-03-12T12:00:10Z,NA,linear
WAY,C,2018-03-12,2,E,1,ok,14,0.04221770268165305,28.896714285714268,0.6949166636672857,2018-03-12T12:08:29Z,NA,linear
WAY,C,2018-03-12,3,ET,1,ok,15,0.06297695784613602,29.839571428571446,0.6946910811987143,2018-03-12T12:16:49Z,NA,linear
WAY,C,2018-03-12,3,E,1,ok,16,0.04571311963965451,30.07042857142858,0.6946290460198572,2018-03-12T12:20:14Z,NA,linear
WAY,C,2018-03-12,4,ET,1,ok,17,0.07262341656425184,30.111285714285714,0.6941666019592857,2018-03-12T12:28:38Z,NA,linear
WAY,C,2018-03-12,4,E,1,ok,18,0.03226330026508581,30.131692307692333,0.6940970835158462,2018-03-12T12:33:06Z,NA,linear
WAY,C,2018-03-12,5,ET,1,start_error,19,NA,29.85757142857142,0.693577267760143,2018-03-12T12:46:44Z,NA,linear
WAY,C,2018-03-12,5,E,1,ok,20,0.03214239984823059,29.848571428571404,0.6935377908281429,2018-03-12T12:50:41Z,NA,linear
PIL,B,2018-03-13,5,ET,1,start_error,21,NA,23.710333333333324,0.6502064533781666,2018-03-13T09:15:26Z,NA,linear
PIL,B,2018-03-13,5,E,1,start_error,22,NA,23.980857142857133,0.6501498227792857,2018-03-13T09:19:24Z,NA,linear
PIL,B,2018-03-13,4,ET,1,start_error,23,NA,23.682999999999993,0.6502879920412856,2018-03-13T09:29:31Z,NA,linear
PIL,B,2018-03-13,4,E,1,start_error,24,NA,23.484603174603194,0.6502680969207936,2018-03-13T09:33:39Z,NA,linear
PIL,B,2018-03-13,3,E,1,start_error,25,NA,23.019571428571453,0.6504205217415714,2018-03-13T09:46:39Z,NA,linear
PIL,B,2018-03-13,3,ET,1,start_error,26,NA,22.940428571428583,0.6503415678775714,2018-03-13T09:50:03Z,NA,linear
PIL,B,2018-03-13,2,ET,1,start_error,27,NA,22.915999999999997,0.6504458997692857,2018-03-13T10:02:48Z,NA,linear
PIL,B,2018-03-13,2,E,1,start_error,28,NA,23.06857142857143,0.6503909140425713,2018-03-13T10:05:54Z,NA,linear
PIL,B,2018-03-13,1,ET,1,start_error,29,NA,22.34730158730156,0.6504905462995237,2018-03-13T10:22:01Z,NA,linear
PIL,B,2018-03-13,1,E,1,start_error,30,NA,22.06642857142856,0.6504755074682856,2018-03-13T10:26:05Z,NA,linear
PIL,BB,2018-03-14,3,ET,1,start_error,31,NA,12.10185714285717,0.6507222382932857,2018-03-14T07:14:51Z,NA,linear
PIL,BB,2018-03-14,3,E,1,start_error,32,NA,21.25799999999998,0.6508745064595713,2018-03-14T08:33:44Z,NA,linear
PIL,BB,2018-03-14,2,ET,1,ok,33,0.09854852867204715,22.113,0.6511867971894999,2018-03-14T08:42:58Z,NA,linear
PIL,BB,2018-03-14,2,E,1,start_error,34,NA,22.68928571428569,0.6511987812581428,2018-03-14T08:46:52Z,NA,linear
PIL,BB,2018-03-14,1,ET,1,start_error,35,NA,22.531600000000026,0.6514641226368001,2018-03-14T08:56:26Z,NA,linear
PIL,BB,2018-03-14,1,E,1,start_error,36,NA,22.402857142857158,0.6514723000012858,2018-03-14T08:59:53Z,NA,linear
PIL,C,2018-03-14,5,ET,1,start_error,37,NA,20.85185714285717,0.6522519694082858,2018-03-14T09:17:52Z,NA,linear
PIL,C,2018-03-14,5,E,1,start_error,38,NA,20.712428571428575,0.6522970859020001,2018-03-14T09:22:02Z,NA,linear
PIL,C,2018-03-14,4,E,1,start_error,39,NA,19.91742857142856,0.6523873188894287,2018-03-14T09:58:36Z,NA,linear
PIL,C,2018-03-14,4,ET,1,start_error,40,NA,20.1035714285714,0.6523379727244286,2018-03-14T10:02:05Z,NA,linear
PIL,C,2018-03-14,3,E,1,start_error,41,NA,19.367285714285686,0.6525240782610001,2018-03-14T10:10:59Z,NA,linear
PIL,C,2018-03-14,3,ET,1,start_error,42,NA,19.099571428571437,0.652494470562,2018-03-14T10:15:00Z,NA,linear
PIL,C,2018-03-14,2,ET,1,start_error,43,NA,18.601999999999975,0.6526058519058572,2018-03-14T10:22:14Z,NA,linear
PIL,C,2018-03-14,2,E,1,start_error,44,NA,18.388428571428562,0.652563555193,2018-03-14T10:27:47Z,NA,linear
PIL,C,2018-03-14,1,E,1,start_error,45,NA,18.203714285714284,0.6525734244260001,2018-03-14T10:38:42Z,NA,linear
ACJ,B,2018-03-15,5,ET,1,start_error,46,NA,15.008857142857153,0.6692143611544287,2018-03-15T06:50:46Z,NA,linear
ACJ,B,2018-03-15,5,E,1,start_error,47,NA,15.531999999999982,0.6692228204970001,2018-03-15T06:54:54Z,NA,linear
ACJ,B,2018-03-15,4,ET,1,start_error,48,NA,16.62073529411765,0.6694707124082353,2018-03-15T07:06:41Z,NA,linear
ACJ,B,2018-03-15,4,E,1,start_error,49,NA,16.975714285714275,0.6694625018698571,2018-03-15T07:10:47Z,NA,linear
ACJ,B,2018-03-15,3,ET,1,ok,50,0.054359114399768885,17.783999999999992,0.6696330986117143,2018-03-15T07:19:46Z,NA,linear
ACJ,B,2018-03-15,3,E,1,ok,51,0.02210267038610218,18.11228571428569,0.6696443777351428,2018-03-15T07:22:08Z,NA,linear
ACJ,B,2018-03-15,2,ET,1,ok,52,0.050085143527794654,19.553272727272713,0.66974409544,2018-03-15T07:30:40Z,NA,linear
ACJ,B,2018-03-15,2,E,1,ok,53,0.03504466801080097,20.01942857142859,0.6697613986407143,2018-03-15T07:33:35Z,NA,linear
ACJ,B,2018-03-15,1,ET,1,ok,54,0.05868751169029532,21.200781249999977,0.6697508244625,2018-03-15T07:40:28Z,NA,linear
ACJ,B,2018-03-15,1,E,1,ok,55,0.025035314892395362,21.83914285714286,0.669755759079,2018-03-15T07:44:21Z,NA,linear
ACJ,C,2018-03-15,5,ET,1,ok,56,0.027364291802429268,22.769499999999994,0.6661954332742499,2018-03-15T09:40:11Z,NA,linear
ACJ,C,2018-03-15,5,E,1,start_error,57,NA,22.90885714285713,0.6661915560755713,2018-03-15T09:47:00Z,NA,linear
ACJ,C,2018-03-15,4,ET,1,ok,58,0.01251427264651733,22.804250000000025,0.666252181364,2018-03-15T09:54:45Z,NA,linear
ACJ,C,2018-03-15,4,E,1,ok,59,0.014371796111861533,22.82257142857145,0.6661901461851428,2018-03-15T09:57:22Z,NA,linear
ACJ,C,2018-03-15,3,ET,1,ok,60,0.05400189135404924,22.595199999999977,0.6662423121309999,2018-03-15T10:07:18Z,NA,linear
ACJ,C,2018-03-15,3,E,1,ok,61,0.01607075226111129,22.683142857142855,0.6662084747607142,2018-03-15T10:09:53Z,NA,linear
ACJ,C,2018-03-15,2,ET,1,ok,62,0.06449324172264416,22.694782608695675,0.6662161372086957,2018-03-15T10:16:35Z,NA,linear
ACJ,C,2018-03-15,2,E,1,ok,63,0.019862157160620755,22.76514285714285,0.6661675879382857,2018-03-15T10:20:06Z,NA,linear
ACJ,C,2018-03-15,1,ET,1,ok,64,0.04453473659251083,22.754428571428548,0.6662253934458571,2018-03-15T10:25:10Z,NA,linear
ACJ,C,2018-03-15,1,E,1,ok,65,0.023662716603697845,23.09371428571427,0.6661675879382857,2018-03-15T10:34:35Z,NA,linear
QUE,B,2018-03-17,5,E,1,start_error,66,NA,13.777205882352916,0.6345742656064706,2018-03-17T08:08:21Z,NA,linear
QUE,B,2018-03-17,5,ET,1,start_error,67,NA,14.462714285714299,0.6345296467211429,2018-03-17T08:12:40Z,NA,linear
QUE,B,2018-03-17,4,ET,1,start_error,68,NA,15.451000000000022,0.6347312610524285,2018-03-17T08:20:02Z,NA,linear
QUE,B,2018-03-17,4,E,1,start_error,69,NA,16.66542857142855,0.6346396181745714,2018-03-17T08:28:56Z,NA,linear
QUE,B,2018-03-17,3,ET,1,start_error,70,NA,17.39227272727271,0.6347860758833332,2018-03-17T08:32:52Z,NA,linear
QUE,B,2018-03-17,3,E,1,start_error,71,NA,18.227857142857147,0.6347552291897142,2018-03-17T08:37:54Z,NA,linear
QUE,B,2018-03-17,2,ET,1,start_error,72,NA,19.16742857142856,0.6352599699631429,2018-03-17T08:51:13Z,NA,linear
QUE,B,2018-03-17,2,E,1,start_error,73,NA,19.482968749999998,0.6352408923832813,2018-03-17T08:55:55Z,NA,linear
QUE,B,2018-03-17,1,E,1,start_error,74,NA,17.50400000000002,0.6353146032172501,2018-03-17T09:52:49Z,NA,linear
QUE,B,2018-03-17,1,ET,1,start_error,75,NA,17.883030303030296,0.6352750515183334,2018-03-17T09:58:34Z,NA,linear
QUE,B,2019-04-05,1,ET,1,start_error,76,NA,28.01057142857144,0.6352176732502858,2019-04-05T10:42:45Z,NA,linear
QUE,B,2019-04-05,1,E,1,start_error,77,NA,28.21285714285716,0.6351810160991428,2019-04-05T10:45:19Z,NA,linear
QUE,B,2019-04-05,2,ET,1,start_error,78,NA,28.41742857142856,0.6350611754127142,2019-04-05T10:53:54Z,NA,linear
QUE,B,2019-04-05,2,E,1,start_error,79,NA,27.296857142857164,0.6349526138497141,2019-04-05T11:09:36Z,NA,linear
QUE,B,2019-04-05,3,ET,1,start_error,80,NA,24.298857142857116,0.6342124213747142,2019-04-05T11:30:41Z,NA,linear
QUE,B,2019-04-05,3,E,1,start_error,81,NA,23.958500000000015,0.6342511933614999,2019-04-05T11:33:32Z,NA,linear
QUE,B,2019-04-05,4,ET,1,start_error,82,NA,24.34413793103448,0.6339825120010344,2019-04-05T11:41:26Z,NA,linear
QUE,B,2019-04-05,4,E,1,start_error,83,NA,23.564999999999998,0.6339586410975714,2019-04-05T11:53:21Z,NA,linear
QUE,B,2019-04-05,5,ET,1,start_error,84,NA,22.988382352941187,0.6337513457372058,2019-04-05T12:08:57Z,NA,linear
QUE,B,2019-04-05,5,E,1,start_error,85,NA,23.76857142857142,0.6336385959702857,2019-04-05T12:11:31Z,NA,linear
TRE,C,2019-04-08,1,ET,1,start_error,86,NA,34.14542857142857,0.6504233415224285,2019-04-08T10:53:57Z,NA,linear
TRE,C,2019-04-08,1,ET,2,start_error,87,NA,34.73000000000002,0.6503359283158571,2019-04-08T10:57:10Z,NA,linear
TRE,C,2019-04-08,1,ET,3,start_error,88,NA,35.35072727272728,0.6503447721739999,2019-04-08T10:59:55Z,NA,linear
TRE,C,2019-04-08,1,ET,4,start_error,89,NA,35.858444444444444,0.6502508649266666,2019-04-08T11:02:34Z,NA,linear
TRE,C,2019-04-08,1,E,1,start_error,90,NA,36.295000000000016,0.650128674422857,2019-04-08T11:08:55Z,NA,linear
TRE,C,2019-04-08,2,E,1,start_error,91,NA,36.42771428571427,0.6498509260084285,2019-04-08T11:21:27Z,NA,linear
TRE,C,2019-04-08,3,ET,1,start_error,92,NA,36.469857142857165,0.6497141666368571,2019-04-08T11:28:13Z,NA,linear
TRE,C,2019-04-08,3,E,1,start_error,93,NA,36.4242857142857,0.6496366226632857,2019-04-08T11:31:34Z,NA,linear
TRE,C,2019-04-08,4,ET,1,start_error,94,NA,36.99727272727273,0.64945833561,2019-04-08T11:38:55Z,NA,linear
TRE,C,2019-04-08,4,E,1,start_error,95,NA,36.6647142857143,0.6493969412904286,2019-04-08T11:41:53Z,NA,linear
TRE,C,2019-04-08,5,ET,1,start_error,96,NA,37.43230769230769,0.6492315502978462,2019-04-08T11:49:24Z,NA,linear
TRE,C,2019-04-08,5,ET,2,start_error,97,NA,37.558142857142855,0.6492023764112856,2019-04-08T11:53:31Z,NA,linear
TRE,C,2019-04-08,5,ET,3,start_error,98,NA,37.3417391304348,0.6491795525328985,2019-04-08T11:56:30Z,NA,linear
TRE,C,2019-04-08,5,ET,4,start_error,99,NA,37.358000000000004,0.6491251144158,2019-04-08T11:59:41Z,NA,linear
TRE,C,2019-04-08,5,E,1,start_error,100,NA,36.656000000000006,0.6490862954326666,2019-04-08T12:03:31Z,NA,linear
TRE,C,2019-04-08,4,ET,2,start_error,101,NA,32.773571428571415,0.6489062994212857,2019-04-08T12:36:56Z,NA,linear
TRE,C,2019-04-08,4,ET,3,start_error,102,NA,33.21449999999999,0.6488839761561667,2019-04-08T12:40:11Z,NA,linear
TRE,C,2019-04-08,4,ET,4,start_error,103,NA,33.4134285714286,0.648862592818,2019-04-08T12:43:25Z,NA,linear
TRE,C,2019-04-08,3,ET,2,start_error,104,NA,33.932428571428545,0.6488315752285714,2019-04-08T12:52:10Z,NA,linear
TRE,C,2019-04-08,3,ET,3,start_error,105,NA,34.24285714285713,0.6488076070912857,2019-04-08T12:55:10Z,NA,linear
TRE,C,2019-04-08,3,ET,4,start_error,106,NA,34.4641176470588,0.6488019260622059,2019-04-08T12:58:03Z,NA,linear
TRE,C,2019-04-08,2,ET,1,start_error,107,NA,34.96485714285711,0.6487695400497143,2019-04-08T13:04:37Z,NA,linear
TRE,C,2019-04-08,2,ET,2,start_error,108,NA,34.861333333333334,0.6487507415106667,2019-04-08T13:07:23Z,NA,linear
TRE,C,2019-04-08,2,ET,3,start_error,109,NA,34.24214285714288,0.6487131444325714,2019-04-08T13:11:17Z,NA,linear
TRE,C,2019-04-08,2,ET,4,start_error,110,NA,33.73217391304348,0.6486388902033333,2019-04-08T13:14:03Z,NA,linear
PIL,B,2019-04-09,5,ET,1,start_error,111,NA,29.497285714285738,0.6513172120541428,2019-04-09T10:26:23Z,NA,linear
PIL,B,2019-04-09,5,ET,2,start_error,112,NA,29.732428571428557,0.6513143922732857,2019-04-09T10:29:01Z,NA,linear
PIL,B,2019-04-09,5,ET,3,start_error,113,NA,29.95618181818179,0.6512922185419999,2019-04-09T10:31:42Z,NA,linear
PIL,B,2019-04-09,5,ET,4,start_error,114,NA,30.244428571428557,0.6512819647934285,2019-04-09T10:34:33Z,NA,linear
PIL,B,2019-04-09,5,E,1,start_error,115,NA,30.49885714285716,0.6512579966561428,2019-04-09T10:39:02Z,NA,linear
PIL,B,2019-04-09,4,ET,1,start_error,116,NA,31.00155555555557,0.6512158565977777,2019-04-09T10:47:48Z,NA,linear
PIL,B,2019-04-09,4,ET,2,start_error,117,NA,30.989142857142838,0.6511931416964285,2019-04-09T10:50:34Z,NA,linear
PIL,B,2019-04-09,4,ET,3,start_error,118,NA,30.988,0.651224031114,2019-04-09T10:53:12Z,NA,linear
PIL,B,2019-04-09,4,ET,4,start_error,119,NA,30.85442857142857,0.6511889120251427,2019-04-09T10:55:47Z,NA,linear
PIL,B,2019-04-09,4,E,1,start_error,120,NA,30.631428571428557,0.6511381559697142,2019-04-09T10:59:18Z,NA,linear
PIL,B,2019-04-09,3,ET,1,start_error,121,NA,30.26728571428572,0.6512086504911427,2019-04-09T11:06:34Z,NA,linear
PIL,B,2019-04-09,3,ET,2,start_error,122,NA,30.338181818181795,0.6510876562579999,2019-04-09T11:09:13Z,NA,linear
PIL,B,2019-04-09,3,ET,3,start_error,123,NA,30.036,0.6510950133225999,2019-04-09T11:12:14Z,NA,linear
PIL,B,2019-04-09,3,ET,4,start_error,124,NA,29.835090909090923,0.6511056003179999,2019-04-09T11:14:48Z,NA,linear
PIL,B,2019-04-09,3,E,1,start_error,125,NA,29.101,0.6509901174747142,2019-04-09T11:17:58Z,NA,linear
PIL,B,2019-04-09,2,ET,1,start_error,126,NA,29.3568181818182,0.6510845160475,2019-04-09T11:25:26Z,NA,linear
PIL,B,2019-04-09,2,ET,2,start_error,127,NA,29.39571428571429,0.6510648416674285,2019-04-09T11:28:14Z,NA,linear
PIL,B,2019-04-09,2,ET,3,start_error,128,NA,29.223714285714266,0.6510888098047142,2019-04-09T11:30:51Z,NA,linear
PIL,B,2019-04-09,2,ET,4,start_error,129,NA,28.904200000000003,0.6510476410041999,2019-04-09T11:33:54Z,NA,linear
PIL,B,2019-04-09,2,E,1,start_error,130,NA,28.53457142857144,0.6509858878034285,2019-04-09T11:37:07Z,NA,linear
PIL,B,2019-04-09,1,ET,1,start_error,131,NA,28.87385714285716,0.6511663537782857,2019-04-09T11:44:36Z,NA,linear
PIL,B,2019-04-09,1,ET,2,start_error,132,NA,29.3377142857143,0.6511593043261428,2019-04-09T11:47:07Z,NA,linear
PIL,B,2019-04-09,1,ET,3,start_error,133,NA,29.20342857142856,0.6511494350931427,2019-04-09T11:49:42Z,NA,linear
PIL,B,2019-04-09,1,ET,4,start_error,134,NA,29.042142857142835,0.6511649438878571,2019-04-09T11:52:53Z,NA,linear
PIL,B,2019-04-09,1,E,1,start_error,135,NA,28.77385714285714,0.651093039476,2019-04-09T11:56:12Z,NA,linear
PIL,C,2019-04-09,5,ET,1,start_error,136,NA,29.087499999999977,0.6513134523463333,2019-04-09T12:59:21Z,NA,linear
PIL,C,2019-04-09,5,ET,2,start_error,137,NA,28.569000000000017,0.6513062149087999,2019-04-09T13:02:41Z,NA,linear
PIL,C,2019-04-09,5,ET,3,start_error,138,NA,28.230000000000018,0.6512692757795714,2019-04-09T13:05:11Z,NA,linear
PIL,C,2019-04-09,5,ET,4,start_error,139,NA,27.665333333333308,0.6512619130184444,2019-04-09T13:09:27Z,NA,linear
PIL,C,2019-04-09,5,E,1,start_error,140,NA,27.061428571428564,0.6512861944647143,2019-04-09T13:12:09Z,NA,linear
PIL,C,2019-04-09,4,ET,1,start_error,141,NA,26.389571428571458,0.6513905263564286,2019-04-09T13:19:06Z,NA,linear
PIL,C,2019-04-09,4,ET,2,start_error,142,NA,26.00671428571428,0.6513482296435714,2019-04-09T13:21:57Z,NA,linear
PIL,C,2019-04-09,4,ET,3,start_error,143,NA,26.105857142857133,0.6513284911775714,2019-04-09T13:24:36Z,NA,linear
PIL,C,2019-04-09,4,ET,4,start_error,144,NA,26.029230769230765,0.6513364805566667,2019-04-09T13:27:54Z,NA,linear
PIL,C,2019-04-09,4,E,1,start_error,145,NA,25.830877192982484,0.6513260918903508,2019-04-09T13:30:23Z,NA,linear
PIL,C,2019-04-09,3,ET,1,start_error,146,NA,26.638571428571424,0.6510563823248571,2019-04-09T14:05:28Z,NA,linear
PIL,C,2019-04-09,3,ET,2,start_error,147,NA,26.84357142857141,0.6510281845162856,2019-04-09T14:07:56Z,NA,linear
PIL,C,2019-04-09,3,ET,3,start_error,148,NA,26.620714285714257,0.6510126757215713,2019-04-09T14:10:25Z,NA,linear
PIL,C,2019-04-09,3,ET,4,start_error,149,NA,26.464,0.6510225449545713,2019-04-09T14:13:05Z,NA,linear
PIL,C,2019-04-09,3,E,1,start_error,150,NA,26.2752857142857,0.650957689994857,2019-04-09T14:16:04Z,NA,linear
PIL,C,2019-04-09,2,ET,1,start_error,151,NA,27.63557142857144,0.6511395658601428,2019-04-09T14:27:59Z,NA,linear
PIL,C,2019-04-09,2,ET,2,start_error,152,NA,27.535142857142887,0.6510549724344284,2019-04-09T14:30:44Z,NA,linear
PIL,C,2019-04-09,2,ET,3,start_error,153,NA,27.27071428571429,0.6511155977228571,2019-04-09T14:33:36Z,NA,linear
PIL,C,2019-04-09,2,ET,4,start_error,154,NA,27.147142857142853,0.6510733010099999,2019-04-09T14:36:18Z,NA,linear
PIL,C,2019-04-09,2,E,1,start_error,155,NA,26.993142857142857,0.6510394636397142,2019-04-09T14:39:26Z,NA,linear
PIL,C,2019-04-09,1,ET,1,start_error,156,NA,27.279714285714306,0.6510648416674285,2019-04-09T14:47:21Z,NA,linear
PIL,C,2019-04-09,1,ET,2,start_error,157,NA,27.285714285714278,0.6510225449545713,2019-04-09T14:49:57Z,NA,linear
PIL,C,2019-04-09,1,ET,3,start_error,158,NA,27.08514285714284,0.6510577922152856,2019-04-09T14:52:43Z,NA,linear
PIL,C,2019-04-09,1,ET,4,start_error,159,NA,26.71261538461539,0.651011048924923,2019-04-09T14:55:34Z,NA,linear
PIL,C,2019-04-09,1,E,1,start_error,160,NA,26.204857142857122,0.6509943471459999,2019-04-09T14:58:29Z,NA,linear
ACJ,B,2019-04-10,1,ET,1,start_error,161,NA,27.434339622641517,0.6707242473966037,2019-04-10T09:55:55Z,NA,linear
ACJ,B,2019-04-10,1,ET,2,start_error,162,NA,27.685285714285726,0.6706792373097142,2019-04-10T09:59:26Z,NA,linear
ACJ,B,2019-04-10,1,ET,3,start_error,163,NA,28.58882352941174,0.6706187364233823,2019-04-10T10:09:50Z,NA,linear
ACJ,B,2019-04-10,1,ET,4,start_error,164,NA,28.95573529411763,0.6705722929739706,2019-04-10T10:12:54Z,NA,linear
ACJ,B,2019-04-10,1,E,1,start_error,165,NA,29.49928571428569,0.6705608065137143,2019-04-10T10:17:01Z,NA,linear
ACJ,B,2019-04-10,2,ET,1,start_error,166,NA,31.55740000000003,0.6702413253426001,2019-04-10T10:34:20Z,NA,linear
ACJ,B,2019-04-10,2,ET,2,start_error,167,NA,31.762820512820497,0.6701791238689744,2019-04-10T10:36:47Z,NA,linear
ACJ,B,2019-04-10,2,ET,3,start_error,168,NA,32.093999999999994,0.6701293800425714,2019-04-10T10:40:05Z,NA,linear
ACJ,B,2019-04-10,2,ET,4,start_error,169,NA,32.40014285714284,0.6700927228914286,2019-04-10T10:43:12Z,NA,linear
ACJ,B,2019-04-10,2,E,1,start_error,170,NA,32.78800000000001,0.6700292778221428,2019-04-10T10:46:57Z,NA,linear
ACJ,B,2019-04-10,3,ET,1,start_error,171,NA,33.10289473684213,0.6698040663773684,2019-04-10T10:54:50Z,NA,linear
ACJ,B,2019-04-10,3,ET,2,start_error,172,NA,33.12114285714284,0.66972615138,2019-04-10T10:57:46Z,NA,linear
ACJ,B,2019-04-10,3,ET,3,start_error,173,NA,33.0748717948718,0.6697059067994872,2019-04-10T11:00:29Z,NA,linear
ACJ,B,2019-04-10,3,ET,4,start_error,174,NA,33.04309090909089,0.6697153849440001,2019-04-10T11:03:49Z,NA,linear
ACJ,B,2019-04-10,3,E,1,start_error,175,NA,33.03963636363636,0.6696794968240001,2019-04-10T11:07:14Z,NA,linear
ACJ,B,2019-04-10,4,ET,1,start_error,176,NA,33.32642857142855,0.6694476980203572,2019-04-10T11:15:00Z,NA,linear
ACJ,B,2019-04-10,4,ET,2,start_error,177,NA,33.67615384615385,0.669381993511282,2019-04-10T11:18:22Z,NA,linear
ACJ,B,2019-04-10,4,ET,3,start_error,178,NA,33.975714285714275,0.6693680392111429,2019-04-10T11:21:43Z,NA,linear
ACJ,B,2019-04-10,4,ET,4,start_error,179,NA,34.284871794871776,0.6693212597697437,2019-04-10T11:24:54Z,NA,linear
ACJ,B,2019-04-10,4,E,1,start_error,180,NA,34.60454545454547,0.6693119426616667,2019-04-10T11:28:42Z,NA,linear
ACJ,B,2019-04-10,5,ET,1,start_error,181,NA,34.96132075471701,0.6690781338169812,2019-04-10T11:37:52Z,NA,linear
ACJ,B,2019-04-10,5,ET,2,start_error,182,NA,34.917076923076934,0.6690307500393847,2019-04-10T11:43:37Z,NA,linear
ACJ,B,2019-04-10,5,ET,3,start_error,183,NA,34.879272727272735,0.669024538634,2019-04-10T11:46:42Z,NA,linear
ACJ,B,2019-04-10,5,ET,4,start_error,184,NA,34.903142857142825,0.6689704501102858,2019-04-10T11:49:56Z,NA,linear
ACJ,B,2019-04-10,5,E,1,start_error,185,NA,34.87914285714288,0.6689394325208572,2019-04-10T11:53:44Z,NA,linear
ACJ,C,2019-04-10,1,ET,1,start_error,186,NA,25.62614285714284,0.6643883062174286,2019-04-10T15:45:21Z,NA,linear
ACJ,C,2019-04-10,1,ET,2,start_error,187,NA,25.43071428571426,0.6644080446834285,2019-04-10T15:48:41Z,NA,linear
ACJ,C,2019-04-10,1,ET,3,start_error,188,NA,25.257714285714314,0.6644799490952857,2019-04-10T15:51:35Z,NA,linear
ACJ,C,2019-04-10,1,ET,4,start_error,189,NA,25.095000000000027,0.6644475216154285,2019-04-10T15:54:41Z,NA,linear
ACJ,C,2019-04-10,1,E,1,start_error,190,NA,24.97742857142856,0.6645095567942857,2019-04-10T15:58:36Z,NA,linear
ACJ,C,2019-04-10,2,ET,1,start_error,191,NA,24.79653846153849,0.6644043572776923,2019-04-10T16:06:03Z,NA,linear
ACJ,C,2019-04-10,2,ET,2,start_error,192,NA,24.612923076923096,0.6644499075838461,2019-04-10T16:08:45Z,NA,linear
ACJ,C,2019-04-10,2,ET,3,start_error,193,NA,23.540714285714273,0.6642797446544286,2019-04-10T16:23:18Z,NA,linear
ACJ,C,2019-04-10,2,ET,4,start_error,194,NA,23.36228571428569,0.6642867941065714,2019-04-10T16:26:54Z,NA,linear
ACJ,C,2019-04-10,2,E,1,start_error,195,NA,23.188571428571436,0.6642924336682857,2019-04-10T16:30:15Z,NA,linear
ACJ,C,2019-04-10,3,ET,1,start_error,196,NA,22.839571428571446,0.6642444973937143,2019-04-10T16:37:17Z,NA,linear
ACJ,C,2019-04-10,3,ET,2,start_error,197,NA,22.673906250000016,0.6642533532679687,2019-04-10T16:39:54Z,NA,linear
ACJ,C,2019-04-10,3,ET,3,start_error,198,NA,22.495384615384637,0.6642646696721539,2019-04-10T16:42:43Z,NA,linear
ACJ,C,2019-04-10,3,ET,4,start_error,199,NA,22.340307692307704,0.6642494862367693,2019-04-10T16:45:36Z,NA,linear
ACJ,C,2019-04-10,3,E,1,start_error,200,NA,22.17281250000002,0.6642826525534375,2019-04-10T16:48:22Z,NA,linear
ACJ,C,2019-04-10,4,ET,1,start_error,201,NA,21.80328571428572,0.6642473171745714,2019-04-10T16:54:13Z,NA,linear
ACJ,C,2019-04-10,4,ET,2,start_error,202,NA,21.624857142857138,0.6642177094755715,2019-04-10T16:56:47Z,NA,linear
ACJ,C,2019-04-10,4,ET,3,start_error,203,NA,21.418200000000013,0.6642724132242,2019-04-10T16:59:34Z,NA,linear
ACJ,C,2019-04-10,4,ET,4,start_error,204,NA,21.159855072463756,0.6642465815795653,2019-04-10T17:02:21Z,NA,linear
ACJ,C,2019-04-10,4,E,1,start_error,205,NA,20.90628571428573,0.6642261688181429,2019-04-10T17:05:09Z,NA,linear
WAY,B,2019-04-11,1,ET,1,start_error,206,NA,25.319999999999993,0.7020887762774286,2019-04-11T10:34:14Z,NA,linear
WAY,B,2019-04-11,1,ET,2,start_error,207,NA,25.934285714285693,0.7020704477018572,2019-04-11T10:37:18Z,NA,linear
WAY,B,2019-04-11,1,ET,3,start_error,208,NA,26.50857142857143,0.7019816246048572,2019-04-11T10:40:30Z,NA,linear
WAY,B,2019-04-11,1,ET,4,start_error,209,NA,27.036142857142863,0.7020013630708571,2019-04-11T10:43:42Z,NA,linear
WAY,B,2019-04-11,1,E,1,start_error,210,NA,27.55185714285716,0.7018970311791429,2019-04-11T10:47:45Z,NA,linear
WAY,B,2019-04-11,2,ET,1,start_error,211,NA,29.384571428571405,0.7016827278340001,2019-04-11T10:57:09Z,NA,linear
WAY,B,2019-04-11,2,ET,2,start_error,212,NA,29.615571428571457,0.7016488904637144,2019-04-11T11:00:31Z,NA,linear
WAY,B,2019-04-11,2,ET,3,start_error,213,NA,30.085285714285703,0.7015558376954286,2019-04-11T11:03:44Z,NA,linear
WAY,B,2019-04-11,2,ET,4,start_error,214,NA,30.43157142857143,0.7015727563805715,2019-04-11T11:07:01Z,NA,linear
WAY,B,2019-04-11,2,E,1,start_error,215,NA,30.840857142857146,0.7014782937218572,2019-04-11T11:11:16Z,NA,linear
WAY,B,2019-04-11,3,ET,1,start_error,216,NA,31.425857142857126,0.7012019551978572,2019-04-11T11:19:34Z,NA,linear
WAY,B,2019-04-11,3,ET,2,start_error,217,NA,31.819428571428546,0.7011681178275715,2019-04-11T11:22:43Z,NA,linear
WAY,B,2019-04-11,3,ET,3,start_error,218,NA,32.4375,0.7011241909289063,2019-04-11T11:28:38Z,NA,linear
WAY,B,2019-04-11,3,ET,4,start_error,219,NA,32.614714285714285,0.7011230013338572,2019-04-11T11:31:45Z,NA,linear
WAY,B,2019-04-11,3,E,1,start_error,220,NA,32.917857142857144,0.7011215914434287,2019-04-11T11:36:18Z,NA,linear
WAY,B,2019-04-11,4,ET,1,start_error,221,NA,33.71625,0.70073774877425,2019-04-11T11:44:34Z,NA,linear
WAY,B,2019-04-11,4,ET,2,start_error,222,NA,34.31828571428571,0.7007437408085715,2019-04-11T11:49:57Z,NA,linear
WAY,B,2019-04-11,4,ET,3,start_error,223,NA,34.8162857142857,0.7007042638765714,2019-04-11T11:55:22Z,NA,linear
WAY,B,2019-04-11,4,ET,4,start_error,224,NA,35.074142857142874,0.700725412233,2019-04-11T11:58:39Z,NA,linear
WAY,B,2019-04-11,4,E,1,start_error,225,NA,35.12071428571426,0.7006986243148571,2019-04-11T12:02:26Z,NA,linear
WAY,B,2019-04-11,5,ET,1,start_error,226,NA,30.06538461538463,0.700238783128923,2019-04-11T12:34:29Z,NA,linear
WAY,B,2019-04-11,5,ET,2,start_error,227,NA,30.113428571428585,0.7002474593777142,2019-04-11T12:37:32Z,NA,linear
WAY,B,2019-04-11,5,ET,3,start_error,228,NA,30.32628571428569,0.7002615582819999,2019-04-11T12:40:29Z,NA,linear
WAY,B,2019-04-11,5,ET,4,start_error,229,NA,30.552142857142883,0.7002178516787142,2019-04-11T12:43:30Z,NA,linear
WAY,B,2019-04-11,5,E,1,start_error,230,NA,30.73685714285716,0.7001050604444286,2019-04-11T12:47:27Z,NA,linear
WAY,C,2019-04-12,1,ET,1,start_error,231,NA,23.960428571428565,0.6970850751464286,2019-04-12T12:36:00Z,NA,linear
WAY,C,2019-04-12,1,ET,2,start_error,232,NA,23.953090909090918,0.6970370107,2019-04-12T12:38:36Z,NA,linear
WAY,C,2019-04-12,1,ET,3,start_error,233,NA,23.960512820512804,0.696990540185641,2019-04-12T12:41:14Z,NA,linear
WAY,C,2019-04-12,1,ET,4,start_error,234,NA,23.947142857142865,0.6970018916111429,2019-04-12T12:44:12Z,NA,linear
WAY,C,2019-04-12,1,E,1,start_error,235,NA,23.911428571428587,0.6970174004058571,2019-04-12T12:48:07Z,NA,linear
WAY,C,2019-04-12,2,ET,1,start_error,236,NA,23.972285714285704,0.6969130685141429,2019-04-12T12:55:19Z,NA,linear
WAY,C,2019-04-12,2,ET,2,start_error,237,NA,23.932820512820513,0.6968994395733333,2019-04-12T12:58:14Z,NA,linear
WAY,C,2019-04-12,2,ET,3,start_error,238,NA,23.899,0.6969229377471429,2019-04-12T13:01:10Z,NA,linear
WAY,C,2019-04-12,2,ET,4,start_error,239,NA,23.8828205128205,0.6968918478556411,2019-04-12T13:04:10Z,NA,linear
WAY,C,2019-04-12,2,E,1,start_error,240,NA,23.896714285714268,0.6968989696098572,2019-04-12T13:07:58Z,NA,linear
WAY,C,2019-04-12,3,ET,1,start_error,241,NA,23.972571428571428,0.6966480091135714,2019-04-12T13:14:42Z,NA,linear
WAY,C,2019-04-12,3,ET,2,start_error,242,NA,24.08434782608697,0.6965983564506522,2019-04-12T13:17:36Z,NA,linear
WAY,C,2019-04-12,3,ET,3,start_error,243,NA,24.344545454545482,0.6965884092,2019-04-12T13:23:45Z,NA,linear
WAY,C,2019-04-12,3,ET,4,start_error,244,NA,24.569818181818164,0.696500483306,2019-04-12T13:30:00Z,NA,linear
WAY,C,2019-04-12,3,E,1,start_error,245,NA,24.62585714285717,0.6964139673024285,2019-04-12T13:34:13Z,NA,linear
WAY,C,2019-04-12,4,ET,1,start_error,246,NA,24.122285714285738,0.6961080210794286,2019-04-12T13:41:40Z,NA,linear
WAY,C,2019-04-12,4,ET,2,start_error,247,NA,23.976285714285723,0.696037526558,2019-04-12T13:45:00Z,NA,linear
WAY,C,2019-04-12,4,ET,3,start_error,248,NA,23.8780303030303,0.69596933913,2019-04-12T13:47:53Z,NA,linear
WAY,C,2019-04-12,4,ET,4,start_error,249,NA,23.81036363636366,0.695946011852,2019-04-12T13:50:47Z,NA,linear
WAY,C,2019-04-12,4,E,1,start_error,250,NA,23.702571428571446,0.6958937177342857,2019-04-12T13:54:49Z,NA,linear
WAY,C,2019-04-12,5,ET,1,start_error,251,NA,23.41132352941179,0.6956517556563235,2019-04-12T14:01:10Z,NA,linear
WAY,C,2019-04-12,5,ET,2,start_error,252,NA,22.997058823529414,0.6956474015829411,2019-04-12T14:04:28Z,NA,linear
WAY,C,2019-04-12,5,ET,3,start_error,253,NA,22.299818181818182,0.69557456981,2019-04-12T14:11:00Z,NA,linear
WAY,C,2019-04-12,5,ET,4,start_error,254,NA,21.936666666666667,0.6955605136296666,2019-04-12T14:14:08Z,NA,linear
WAY,C,2019-04-12,5,E,1,start_error,255,NA,21.51185714285714,0.6955003583047142,2019-04-12T14:18:23Z,NA,linear
TRE,B,2019-04-13,1,ET,1,ok,256,0.07004687072842583,25.593428571428547,0.6559994581674286,2019-04-13T10:29:00Z,NA,linear
TRE,B,2019-04-13,1,ET,2,start_error,257,NA,26.042142857142835,0.6558373207681428,2019-04-13T11:05:12Z,NA,linear
TRE,B,2019-04-13,1,ET,3,ok,258,0.023411889310318727,25.737000000000023,0.6557661213015,2019-04-13T11:08:28Z,NA,linear
TRE,B,2019-04-13,1,ET,4,start_error,259,NA,25.452162162162153,0.655869214775946,2019-04-13T11:11:34Z,NA,linear
TRE,B,2019-04-13,1,E,1,ok,260,0.02294622138630644,24.787777777777762,0.6558390439675555,2019-04-13T11:17:15Z,NA,linear
TRE,B,2019-04-13,2,ET,1,ok,261,0.012527820462383122,20.312000000000012,0.6546713413837143,2019-04-13T13:13:19Z,NA,linear
TRE,B,2019-04-13,2,E,1,ok,262,0.02425233415337512,20.541200000000003,0.6546538587424,2019-04-13T13:16:37Z,NA,linear
TRE,B,2019-04-13,3,ET,1,zero,263,0,20.62760000000003,0.6545985910376,2019-04-13T13:24:04Z,NA,linear
TRE,B,2019-04-13,3,E,1,ok,264,0.006984390169690386,20.86567164179104,0.6545643580562687,2019-04-13T13:30:26Z,NA,linear
TRE,B,2019-04-13,4,ET,1,start_error,265,NA,20.835636363636354,0.654489850034,2019-04-13T13:37:21Z,NA,linear
TRE,B,2019-04-13,4,E,1,start_error,266,NA,20.771607142857135,0.6544869982101785,2019-04-13T13:40:37Z,NA,linear
TRE,B,2019-04-13,5,ET,1,zero,267,0,20.480999999999995,0.654300540201,2019-04-13T13:52:24Z,NA,linear
TRE,B,2019-04-13,5,E,1,start_error,268,NA,20.367272727272734,0.6542852877499999,2019-04-13T13:55:32Z,NA,linear
ACJ,B,2019-07-07,1,ET,1,start_error,269,NA,17.625285714285724,0.6720947673,2019-07-07T11:09:05Z,NA,linear
ACJ,B,2019-07-07,1,E,1,start_error,270,NA,18.023000000000025,0.6720341420115714,2019-07-07T11:13:15Z,NA,linear
ACJ,B,2019-07-07,2,ET,1,start_error,271,NA,18.497571428571405,0.6718226584472856,2019-07-07T11:24:29Z,NA,linear
ACJ,B,2019-07-07,2,E,1,start_error,272,NA,18.568857142857155,0.6717958705291428,2019-07-07T11:28:04Z,NA,linear
ACJ,B,2019-07-07,3,ET,1,start_error,273,NA,18.342142857142846,0.6715801572935715,2019-07-07T11:38:52Z,NA,linear
ACJ,B,2019-07-07,3,E,1,start_error,274,NA,18.229142857142847,0.6715294012381429,2019-07-07T11:42:04Z,NA,linear
ACJ,B,2019-07-07,4,ET,1,start_error,275,NA,17.814571428571412,0.6713672638388571,2019-07-07T11:49:26Z,NA,linear
ACJ,B,2019-07-07,4,E,1,start_error,276,NA,17.672428571428554,0.6713672638388571,2019-07-07T11:53:06Z,NA,linear
ACJ,B,2019-07-07,5,ET,1,start_error,277,NA,17.03714285714284,0.67130522866,2019-07-07T12:04:39Z,NA,linear
ACJ,B,2019-07-07,5,E,1,start_error,278,NA,16.657428571428568,0.6712728011801429,2019-07-07T12:10:50Z,NA,linear
TRE,C,2019-07-08,1,ET,1,start_error,279,NA,13.896999999999991,0.6510009266346666,2019-07-08T10:16:58Z,NA,linear
TRE,C,2019-07-08,1,E,1,start_error,280,NA,14.405714285714282,0.6509421812001428,2019-07-08T10:21:00Z,NA,linear
TRE,C,2019-07-08,2,ET,1,start_error,281,NA,15.146142857142877,0.6507222382932857,2019-07-08T10:28:45Z,NA,linear
TRE,C,2019-07-08,2,E,1,start_error,282,NA,15.428285714285721,0.6506996800464285,2019-07-08T10:32:29Z,NA,linear
TRE,C,2019-07-08,3,ET,1,start_error,283,NA,15.966911764705856,0.6506349909561765,2019-07-08T10:40:19Z,NA,linear
TRE,C,2019-07-08,3,E,1,start_error,284,NA,16.03340000000003,0.6506094470589999,2019-07-08T10:44:02Z,NA,linear
TRE,C,2019-07-08,5,ET,1,start_error,285,NA,17.275166666666678,0.650323239302,2019-07-08T11:00:48Z,NA,linear
TRE,C,2019-07-08,5,E,1,start_error,286,NA,17.599800000000016,0.6502956054496,2019-07-08T11:04:52Z,NA,linear
TRE,C,2019-07-08,4,ET,1,start_error,287,NA,17.411142857142863,0.6504106525085713,2019-07-08T11:14:12Z,NA,linear
TRE,C,2019-07-08,4,E,1,start_error,288,NA,17.501571428571424,0.6503542568914286,2019-07-08T11:18:02Z,NA,linear
PIL,C,2019-07-09,1,ET,1,start_error,289,NA,17.322307692307675,0.6548109566871795,2019-07-09T09:18:29Z,NA,linear
PIL,C,2019-07-09,1,E,1,start_error,290,NA,17.84371428571427,0.6548095106457142,2019-07-09T09:22:34Z,NA,linear
PIL,C,2019-07-09,2,ET,1,start_error,291,NA,18.890714285714296,0.6546445534655714,2019-07-09T09:30:17Z,NA,linear
PIL,C,2019-07-09,2,E,1,start_error,292,NA,19.18685714285715,0.6546234051091429,2019-07-09T09:34:00Z,NA,linear
PIL,C,2019-07-09,3,ET,1,start_error,293,NA,19.9122857142857,0.6544922852992857,2019-07-09T09:41:56Z,NA,linear
PIL,C,2019-07-09,3,E,1,start_error,294,NA,20.486428571428576,0.6545331721217142,2019-07-09T09:45:54Z,NA,linear
PIL,C,2019-07-09,4,ET,1,start_error,295,NA,21.276229508196707,0.654357652319836,2019-07-09T09:53:35Z,NA,linear
PIL,C,2019-07-09,4,E,1,start_error,296,NA,21.72685714285717,0.6543301479,2019-07-09T09:57:20Z,NA,linear
PIL,C,2019-07-09,5,ET,1,start_error,297,NA,22.928428571428583,0.6540622687185714,2019-07-09T10:05:34Z,NA,linear
PIL,C,2019-07-09,5,E,1,start_error,298,NA,23.400199999999984,0.6540419662964,2019-07-09T10:11:34Z,NA,linear
PIL,B,2019-07-09,1,ET,1,start_error,299,NA,24.31114285714284,0.6532501718317143,2019-07-09T10:29:27Z,NA,linear
PIL,B,2019-07-09,1,E,1,start_error,300,NA,24.173076923076906,0.6532673074230769,2019-07-09T10:33:46Z,NA,linear
PIL,B,2019-07-09,2,ET,1,start_error,301,NA,25.340571428571423,0.6530908542132857,2019-07-09T10:43:58Z,NA,linear
PIL,B,2019-07-09,2,E,1,start_error,302,NA,25.748529411764707,0.6531022992061765,2019-07-09T10:47:42Z,NA,linear
PIL,B,2019-07-09,3,ET,1,start_error,303,NA,26.350142857142828,0.6528836003202858,2019-07-09T10:57:09Z,NA,linear
PIL,B,2019-07-09,3,E,1,start_error,304,NA,25.924222222222227,0.6528585356015556,2019-07-09T11:05:39Z,NA,linear
PIL,B,2019-07-09,4,ET,1,start_error,305,NA,26.51057142857144,0.6526171310292858,2019-07-09T11:14:12Z,NA,linear
PIL,B,2019-07-09,4,E,1,start_error,306,NA,27.117857142857133,0.6525959826728572,2019-07-09T11:18:50Z,NA,linear
PIL,B,2019-07-09,5,ET,1,start_error,307,NA,27.47800000000001,0.6524183364788572,2019-07-09T11:27:42Z,NA,linear
PIL,B,2019-07-09,5,E,1,start_error,308,NA,27.379166666666663,0.6523793295103334,2019-07-09T11:32:18Z,NA,linear
ACJ,NB,2019-07-10,1,ET,1,start_error,309,NA,15.240571428571457,0.674335083191,2019-07-10T09:13:45Z,NA,linear
ACJ,NB,2019-07-10,1,ET,2,start_error,310,NA,15.923000000000002,0.6742716381217142,2019-07-10T09:17:49Z,NA,linear
ACJ,NB,2019-07-10,1,ET,3,start_error,311,NA,16.596000000000004,0.674256129327,2019-07-10T09:21:44Z,NA,linear
ACJ,NB,2019-07-10,1,ET,4,start_error,312,NA,17.2607142857143,0.6742138326141428,2019-07-10T09:25:40Z,NA,linear
ACJ,NB,2019-07-10,1,E,1,start_error,313,NA,18.01614285714288,0.6742335710801428,2019-07-10T09:30:09Z,NA,linear
ACJ,NB,2019-07-10,2,ET,1,start_error,314,NA,19.384142857142876,0.6742053732715714,2019-07-10T09:38:29Z,NA,linear
ACJ,NB,2019-07-10,2,ET,2,start_error,315,NA,19.947285714285726,0.6741828150247142,2019-07-10T09:42:17Z,NA,linear
ACJ,NB,2019-07-10,2,ET,3,start_error,316,NA,20.58371428571428,0.6741729457917143,2019-07-10T09:46:53Z,NA,linear
ACJ,NB,2019-07-10,2,ET,4,start_error,317,NA,21.120714285714257,0.6742081930524285,2019-07-10T09:50:53Z,NA,linear
ACJ,NB,2019-07-10,2,E,1,start_error,318,NA,21.674333333333323,0.6742018485454999,2019-07-10T09:55:16Z,NA,linear
ACJ,NB,2019-07-10,3,ET,1,start_error,319,NA,22.897936507936492,0.6740670473550793,2019-07-10T10:05:51Z,NA,linear
ACJ,NB,2019-07-10,3,ET,2,start_error,320,NA,23.29457142857143,0.6740432358722857,2019-07-10T10:09:43Z,NA,linear
ACJ,NB,2019-07-10,3,ET,3,start_error,321,NA,23.65092307692305,0.6740959440836922,2019-07-10T10:13:38Z,NA,linear
ACJ,NB,2019-07-10,3,ET,4,start_error,322,NA,24.006857142857143,0.6740601545574285,2019-07-10T10:17:36Z,NA,linear
ACJ,NB,2019-07-10,3,E,1,start_error,323,NA,24.437999999999988,0.6740595038387692,2019-07-10T10:22:27Z,NA,linear
ACJ,NB,2019-07-10,5,ET,1,start_error,324,NA,25.185000000000002,0.6739360841997143,2019-07-10T10:31:41Z,NA,linear
ACJ,NB,2019-07-10,5,ET,2,start_error,325,NA,25.37477611940301,0.6738771213194029,2019-07-10T10:35:36Z,NA,linear
ACJ,NB,2019-07-10,5,ET,3,start_error,326,NA,25.542285714285697,0.6738627698974285,2019-07-10T10:39:17Z,NA,linear
ACJ,NB,2019-07-10,5,ET,4,start_error,327,NA,25.69724637681162,0.6738597866510144,2019-07-10T10:43:15Z,NA,linear
ACJ,NB,2019-07-10,5,E,1,start_error,328,NA,25.84470588235297,0.6738915482491176,2019-07-10T10:47:36Z,NA,linear
ACJ,NB,2019-07-10,4,ET,1,start_error,329,NA,25.938714285714298,0.6738994270485714,2019-07-10T10:55:52Z,NA,linear
ACJ,NB,2019-07-10,4,ET,2,start_error,330,NA,25.987692307692328,0.6739137428590769,2019-07-10T10:59:36Z,NA,linear
ACJ,NB,2019-07-10,4,ET,3,start_error,331,NA,25.972571428571428,0.6739092962815714,2019-07-10T11:03:20Z,NA,linear
ACJ,NB,2019-07-10,4,ET,4,start_error,332,NA,25.908142857142877,0.6738543105548571,2019-07-10T11:07:03Z,NA,linear
ACJ,NB,2019-07-10,4,E,1,start_error,333,NA,25.668615384615407,0.6738651558658462,2019-07-10T11:14:55Z,NA,linear
QUE,B,2019-07-11,1,ET,1,start_error,334,NA,24.908714285714268,0.6356561491735715,2019-07-11T10:17:40Z,NA,linear
QUE,B,2019-07-11,1,ET,2,start_error,335,NA,25.573399999999992,0.6356240036718,2019-07-11T10:20:51Z,NA,linear
QUE,B,2019-07-11,1,ET,3,start_error,336,NA,26.25342857142857,0.6355969337755715,2019-07-11T10:24:09Z,NA,linear
QUE,B,2019-07-11,1,ET,4,start_error,337,NA,26.81937499999998,0.6355924838089063,2019-07-11T10:27:24Z,NA,linear
QUE,B,2019-07-11,1,E,1,start_error,338,NA,27.483799999999974,0.6356042652058,2019-07-11T10:31:57Z,NA,linear
QUE,B,2019-07-11,2,ET,1,start_error,339,NA,28.441666666666663,0.6353827158783334,2019-07-11T10:38:31Z,NA,linear
QUE,B,2019-07-11,2,ET,2,start_error,340,NA,28.93064516129033,0.6353462006809678,2019-07-11T10:41:50Z,NA,linear
QUE,B,2019-07-11,2,ET,3,start_error,341,NA,29.428615384615398,0.6353189684549231,2019-07-11T10:45:22Z,NA,linear
QUE,B,2019-07-11,2,ET,4,start_error,342,NA,29.83914285714286,0.6352980370047143,2019-07-11T10:48:25Z,NA,linear
QUE,B,2019-07-11,2,E,1,start_error,343,NA,30.77653061224487,0.6352885705975511,2019-07-11T10:57:01Z,NA,linear
QUE,B,2019-07-11,3,ET,1,start_error,344,NA,31.596714285714256,0.6346269291607143,2019-07-11T11:06:38Z,NA,linear
QUE,B,2019-07-11,3,ET,2,start_error,345,NA,31.670000000000016,0.6345863948108929,2019-07-11T11:09:59Z,NA,linear
QUE,B,2019-07-11,3,ET,3,start_error,346,NA,31.744264705882358,0.6345481411661764,2019-07-11T11:13:14Z,NA,linear
QUE,B,2019-07-11,3,ET,4,start_error,347,NA,31.807027027027004,0.6344769854083784,2019-07-11T11:16:29Z,NA,linear
QUE,B,2019-07-11,3,E,1,start_error,348,NA,31.893428571428558,0.6344704313231428,2019-07-11T11:26:32Z,NA,linear
QUE,B,2019-07-11,4,ET,1,start_error,349,NA,30.72414285714285,0.6342744565535714,2019-07-11T11:34:04Z,NA,linear
QUE,B,2019-07-11,4,ET,2,start_error,350,NA,30.41828571428573,0.6342533081971428,2019-07-11T11:37:16Z,NA,linear
QUE,B,2019-07-11,4,ET,3,start_error,351,NA,30.17742857142855,0.6342927851291428,2019-07-11T11:40:35Z,NA,linear
QUE,B,2019-07-11,4,ET,4,start_error,352,NA,29.934000000000026,0.634248950354,2019-07-11T11:44:02Z,NA,linear
QUE,B,2019-07-11,4,E,1,start_error,353,NA,29.645483870967723,0.6341762190269354,2019-07-11T11:48:12Z,NA,linear
QUE,B,2019-07-11,5,ET,1,start_error,354,NA,29.525846153846146,0.634035968164923,2019-07-11T11:56:48Z,NA,linear
QUE,B,2019-07-11,5,ET,2,start_error,355,NA,25.883636363636356,0.6338739194999999,2019-07-11T12:28:33Z,NA,linear
QUE,B,2019-07-11,5,ET,3,start_error,356,NA,25.79314285714287,0.6338247015068571,2019-07-11T12:32:05Z,NA,linear
QUE,B,2019-07-11,5,ET,4,start_error,357,NA,25.839999999999975,0.633832984613125,2019-07-11T12:35:39Z,NA,linear
QUE,B,2019-07-11,5,E,1,start_error,358,NA,25.95016666666669,0.6337577317115,2019-07-11T12:39:43Z,NA,linear
ACJ,C,2019-07-12,1,ET,1,start_error,359,NA,19.426716417910427,0.6668729119291044,2019-07-12T09:51:19Z,NA,linear
ACJ,C,2019-07-12,1,E,1,start_error,360,NA,20.046530612244908,0.6668560172932653,2019-07-12T09:55:51Z,NA,linear
ACJ,C,2019-07-12,2,ET,1,start_error,361,NA,21.007343750000018,0.6667006146384374,2019-07-12T10:04:07Z,NA,linear
ACJ,C,2019-07-12,2,E,1,start_error,362,NA,21.81400000000002,0.6667146254245714,2019-07-12T10:12:38Z,NA,linear
ACJ,C,2019-07-12,4,ET,1,start_error,363,NA,22.454857142857122,0.6665454385731427,2019-07-12T10:21:29Z,NA,linear
ACJ,C,2019-07-12,4,E,1,start_error,364,NA,22.65869565217389,0.666560845201884,2019-07-12T10:25:48Z,NA,linear
ACJ,C,2019-07-12,5,ET,1,start_error,365,NA,23.062615384615356,0.6664191991532307,2019-07-12T10:34:59Z,NA,linear
ACJ,C,2019-07-12,5,E,1,start_error,366,NA,23.254696969696965,0.6663765935133332,2019-07-12T10:41:59Z,NA,linear
ACJ,C,2019-07-12,3,ET,1,start_error,367,NA,23.372121212121215,0.666581454865,2019-07-12T10:51:18Z,NA,linear
ACJ,C,2019-07-12,3,ET,2,start_error,368,NA,23.395142857142844,0.6664819935038571,2019-07-12T10:56:06Z,NA,linear
ACJ,C,2019-07-12,3,ET,3,start_error,369,NA,23.40283582089552,0.6665017109267164,2019-07-12T10:59:19Z,NA,linear
ACJ,C,2019-07-12,3,ET,4,start_error,370,NA,23.407428571428568,0.666508781422,2019-07-12T11:02:51Z,NA,linear
ACJ,C,2019-07-12,3,E,1,start_error,371,NA,23.402571428571434,0.6664340572292856,2019-07-12T11:06:38Z,NA,linear
WAY,C,2019-07-13,1,ET,1,start_error,372,NA,18.55967741935484,0.6986477795053225,2019-07-13T09:15:11Z,NA,linear
WAY,C,2019-07-13,1,ET,2,start_error,373,NA,19.223285714285737,0.698603527138,2019-07-13T09:18:28Z,NA,linear
WAY,C,2019-07-13,1,ET,3,start_error,374,NA,19.93230769230769,0.6985989721073845,2019-07-13T09:21:53Z,NA,linear
WAY,C,2019-07-13,1,ET,4,start_error,375,NA,21.614142857142838,0.6985414919591428,2019-07-13T09:30:14Z,NA,linear
WAY,C,2019-07-13,1,E,1,start_error,376,NA,22.457857142857165,0.6985485414112856,2019-07-13T09:34:25Z,NA,linear
WAY,C,2019-07-13,2,ET,1,start_error,377,NA,23.717424242424272,0.6983873012149999,2019-07-13T09:41:28Z,NA,linear
WAY,C,2019-07-13,2,ET,2,start_error,378,NA,24.302714285714274,0.6983398776278571,2019-07-13T09:44:28Z,NA,linear
WAY,C,2019-07-13,2,ET,3,ok,379,0.0616256372933044,24.901857142857125,0.6983004006958571,2019-07-13T09:47:36Z,NA,linear
WAY,C,2019-07-13,2,ET,4,start_error,380,NA,25.481093750000014,0.6982837023060937,2019-07-13T09:50:32Z,NA,linear
WAY,C,2019-07-13,2,E,1,start_error,381,NA,26.234328358208927,0.6982762221271641,2019-07-13T09:54:22Z,NA,linear
WAY,C,2019-07-13,3,ET,1,start_error,382,NA,27.480615384615362,0.6981298039539999,2019-07-13T10:01:32Z,NA,linear
WAY,C,2019-07-13,3,ET,2,start_error,383,NA,28.0282608695652,0.6981552637144928,2019-07-13T10:04:43Z,NA,linear
WAY,C,2019-07-13,3,ET,3,start_error,384,NA,28.630735294117642,0.6981074530439706,2019-07-13T10:07:59Z,NA,linear
WAY,C,2019-07-13,3,ET,4,start_error,385,NA,29.174423076923063,0.6981058900432692,2019-07-13T10:11:15Z,NA,linear
WAY,C,2019-07-13,3,E,1,start_error,386,NA,30.041323529411784,0.6979869903470588,2019-07-13T10:16:07Z,NA,linear
WAY,C,2019-07-13,5,ET,1,start_error,387,NA,31.081641791044774,0.697539712201791,2019-07-13T10:24:41Z,NA,linear
WAY,C,2019-07-13,5,ET,2,start_error,388,NA,31.439999999999998,0.69754505189875,2019-07-13T10:27:49Z,NA,linear
WAY,C,2019-07-13,5,ET,3,start_error,389,NA,31.88941176470587,0.6974659528989706,2019-07-13T10:31:35Z,NA,linear
WAY,C,2019-07-13,5,ET,4,start_error,390,NA,32.29649122807018,0.6973877068901755,2019-07-13T10:35:00Z,NA,linear
WAY,C,2019-07-13,5,E,1,start_error,391,NA,32.86206896551721,0.6973208671663793,2019-07-13T10:39:49Z,NA,linear
WAY,C,2019-07-13,4,ET,1,start_error,392,NA,33.89590163934429,0.6974004514562295,2019-07-13T10:50:36Z,NA,linear
WAY,C,2019-07-13,4,E,1,start_error,393,NA,34.2020588235294,0.6972990467526471,2019-07-13T10:54:12Z,NA,linear
WAY,B,2019-07-13,1,ET,1,start_error,394,NA,33.06585714285711,0.7010708353880001,2019-07-13T11:39:03Z,NA,linear
WAY,B,2019-07-13,1,ET,2,start_error,395,NA,33.21957142857144,0.7011032628678572,2019-07-13T11:42:24Z,NA,linear
WAY,B,2019-07-13,1,ET,3,start_error,396,NA,33.24000000000001,0.7010666057167144,2019-07-13T11:47:04Z,NA,linear
WAY,B,2019-07-13,1,ET,4,start_error,397,NA,33.36400000000003,0.7010440474698573,2019-07-13T11:50:38Z,NA,linear
WAY,B,2019-07-13,1,E,1,start_error,398,NA,33.774,0.7009312562355715,2019-07-13T11:56:42Z,NA,linear
WAY,B,2019-07-13,2,ET,1,start_error,399,NA,34.36314285714286,0.7007578397128572,2019-07-13T12:05:31Z,NA,linear
WAY,B,2019-07-13,2,ET,2,start_error,400,NA,34.491967213114776,0.7007025997436065,2019-07-13T12:12:31Z,NA,linear
WAY,B,2019-07-13,2,ET,3,start_error,401,NA,34.60871428571431,0.700646458369,2019-07-13T12:18:22Z,NA,linear
WAY,B,2019-07-13,2,ET,4,start_error,402,NA,34.64871428571428,0.7005886528614285,2019-07-13T12:21:43Z,NA,linear
WAY,B,2019-07-13,2,E,1,start_error,403,NA,34.73414285714284,0.7005787836284285,2019-07-13T12:26:09Z,NA,linear
WAY,B,2019-07-13,3,ET,1,start_error,404,NA,34.61442857142856,0.7001163395678571,2019-07-13T12:34:50Z,NA,linear
WAY,B,2019-07-13,3,E,1,start_error,405,NA,34.53857142857146,0.7001008307731428,2019-07-13T12:38:56Z,NA,linear
WAY,B,2019-07-13,4,ET,1,start_error,406,NA,34.29714285714283,0.6998857217763265,2019-07-13T12:54:13Z,NA,linear
WAY,B,2019-07-13,4,E,1,start_error,407,NA,34.12619999999998,0.6998016520242,2019-07-13T13:01:45Z,NA,linear
WAY,B,2019-07-13,5,ET,1,start_error,408,NA,34.04649999999998,0.6996595350689999,2019-07-13T13:08:46Z,NA,linear
WAY,B,2019-07-13,5,E,1,start_error,409,NA,33.971714285714256,0.69959045043799994,2019-07-13T13:12:40Z,NA,linear
TRE,B,2019-07-14,1,ET,1,start_error,410,NA,19.08785714285716,0.6571485188667143,2019-07-14T09:54:28Z,NA,linear
TRE,B,2019-07-14,1,ET,2,start_error,411,NA,20.024285714285725,0.6570596957697142,2019-07-14T09:57:48Z,NA,linear
TRE,B,2019-07-14,1,ET,3,start_error,412,NA,20.987142857142885,0.657014579276,2019-07-14T10:01:16Z,NA,linear
TRE,B,2019-07-14,1,ET,4,start_error,413,NA,22.062714285714264,0.6570131693855714,2019-07-14T10:05:13Z,NA,linear
TRE,B,2019-07-14,1,E,1,discard,414,NA,24.136666666666656,0.6569253906518518,2019-07-14T10:13:34Z,NA,linear
TRE,B,2019-07-14,3,ET,1,start_error,415,NA,26.69799999999998,0.6566339088602857,2019-07-14T10:31:41Z,NA,linear
TRE,B,2019-07-14,3,E,1,start_error,416,NA,26.829999999999984,0.6566169901751429,2019-07-14T10:35:15Z,NA,linear
TRE,B,2019-07-14,4,ET,1,start_error,417,NA,26.988928571428573,0.65656306186625,2019-07-14T10:43:36Z,NA,linear
TRE,B,2019-07-14,4,E,1,start_error,418,NA,27.143399999999986,0.6565270391658,2019-07-14T10:50:06Z,NA,linear
TRE,B,2019-07-14,5,ET,1,start_error,419,NA,27.398000000000025,0.6564280648577143,2019-07-14T10:56:45Z,NA,linear
TRE,B,2019-07-14,5,E,1,start_error,420,NA,27.527857142857158,0.656422425296,2019-07-14T11:00:12Z,NA,linear
ACJ,C,2019-11-20,1,ET,1,start_error,421,NA,23.36714285714288,0.6677071882862857,2019-11-20T12:16:45Z,NA,linear
ACJ,C,2019-11-20,1,E,1,start_error,422,NA,23.46085714285715,0.667604266285,2019-11-20T12:23:58Z,NA,linear
ACJ,C,2019-11-20,2,ET,1,start_error,423,NA,23.36828571428572,0.6675098036262856,2019-11-20T12:31:46Z,NA,linear
ACJ,C,2019-11-20,2,E,1,start_error,424,NA,23.408863636363662,0.6674584707974999,2019-11-20T12:35:11Z,NA,linear
ACJ,C,2019-11-20,3,ET,1,start_error,425,NA,23.956888888888898,0.6671820824288888,2019-11-20T12:47:41Z,NA,linear
ACJ,C,2019-11-20,3,E,1,start_error,426,NA,24.227575757575778,0.6671765995216666,2019-11-20T12:50:56Z,NA,linear
ACJ,C,2019-11-20,4,ET,1,start_error,427,NA,24.684571428571417,0.6669218793175713,2019-11-20T12:57:25Z,NA,linear
ACJ,C,2019-11-20,4,E,1,ok,428,0.01007170668317303,25.066285714285698,0.6668499749057142,2019-11-20T13:03:49Z,NA,linear
ACJ,C,2019-11-20,5,ET,1,start_error,429,NA,25.27819999999997,0.6667476168605999,2019-11-20T13:14:01Z,NA,linear
ACJ,C,2019-11-20,5,E,1,start_error,430,NA,25.43685714285715,0.6666610495882856,2019-11-20T13:18:44Z,NA,linear
TRE,C,2019-11-21,1,ET,1,start_error,431,NA,19.213714285714275,0.6497621029114286,2019-11-21T09:32:29Z,NA,linear
TRE,C,2019-11-21,1,E,1,start_error,432,NA,19.54442857142857,0.649731085322,2019-11-21T09:35:42Z,NA,linear
TRE,C,2019-11-21,2,ET,1,start_error,433,NA,20.053428571428583,0.649681739157,2019-11-21T09:44:12Z,NA,linear
TRE,C,2019-11-21,2,E,1,start_error,434,NA,20.22800000000001,0.6496760995952857,2019-11-21T09:47:26Z,NA,linear
TRE,C,2019-11-21,3,ET,1,start_error,435,NA,21.138428571428562,0.649622523759,2019-11-21T09:56:25Z,NA,linear
TRE,C,2019-11-21,3,E,1,start_error,436,NA,21.595571428571418,0.649556258908857,2019-11-21T09:59:28Z,NA,linear
TRE,C,2019-11-21,4,ET,1,start_error,437,NA,22.654999999999973,0.6494293687702857,2019-11-21T10:08:06Z,NA,linear
TRE,C,2019-11-21,4,E,1,start_error,438,NA,23.133142857142843,0.6494166797564285,2019-11-21T10:11:27Z,NA,linear
TRE,C,2019-11-21,5,ET,1,start_error,439,NA,24.07499999999999,0.6492799203848572,2019-11-21T10:19:23Z,NA,linear
TRE,C,2019-11-21,5,E,1,start_error,440,NA,24.293124999999975,0.649241324634375,2019-11-21T10:22:19Z,NA,linear
ACJ,NB,2019-11-23,1,ET,1,start_error,441,NA,16.22733333333332,0.6728300251585,2019-11-23T09:41:14Z,NA,linear
ACJ,NB,2019-11-23,1,E,1,start_error,442,NA,16.434000000000026,0.6727616454727143,2019-11-23T09:43:56Z,NA,linear
ACJ,NB,2019-11-23,2,ET,1,start_error,443,NA,17.4349230769231,0.6727582834263077,2019-11-23T09:55:09Z,NA,linear
ACJ,NB,2019-11-23,2,E,1,start_error,444,NA,17.696515151515143,0.6726405657916666,2019-11-23T09:58:40Z,NA,linear
ACJ,NB,2019-11-23,3,ET,1,start_error,445,NA,18.215641025641048,0.6725831678048718,2019-11-23T10:08:17Z,NA,linear
ACJ,NB,2019-11-23,3,E,1,start_error,446,NA,18.46333333333331,0.6725912196266667,2019-11-23T10:11:30Z,NA,linear
ACJ,NB,2019-11-23,4,ET,1,start_error,447,NA,18.898000000000025,0.672536191176,2019-11-23T10:20:30Z,NA,linear
ACJ,NB,2019-11-23,4,E,1,ok,448,0.02573703565355277,19.039571428571435,0.6725741300457143,2019-11-23T10:23:01Z,NA,linear
ACJ,NB,2019-11-23,5,ET,1,start_error,449,NA,20.38557142857144,0.6724430102358572,2019-11-23T10:38:48Z,NA,linear
ACJ,NB,2019-11-23,5,E,1,start_error,450,NA,20.557000000000016,0.6724514695784286,2019-11-23T10:41:46Z,NA,linear
ACJ,B,2019-11-23,1,ET,1,start_error,451,NA,19.44553846153849,0.6707555882990769,2019-11-23T11:11:38Z,NA,linear
ACJ,B,2019-11-23,1,E,1,start_error,452,NA,19.50999999999999,0.6707046153374285,2019-11-23T11:14:47Z,NA,linear
ACJ,B,2019-11-23,2,E,1,start_error,453,NA,20.25728571428573,0.6705114603487143,2019-11-23T11:30:14Z,NA,linear
ACJ,B,2019-11-23,2,ET,1,start_error,454,NA,20.41428571428571,0.6705030010061429,2019-11-23T11:33:43Z,NA,linear
ACJ,B,2019-11-23,3,ET,1,start_error,455,NA,20.613076923076903,0.6703562639484615,2019-11-23T11:39:09Z,NA,linear
ACJ,B,2019-11-23,3,E,1,start_error,456,NA,20.62828571428571,0.6702421712768571,2019-11-23T11:41:39Z,NA,linear
ACJ,B,2019-11-23,4,ET,1,start_error,457,NA,20.68342857142858,0.6700941327818571,2019-11-23T11:47:37Z,NA,linear
ACJ,B,2019-11-23,4,E,1,start_error,458,NA,20.792714285714283,0.6700236382604285,2019-11-23T11:50:31Z,NA,linear
ACJ,B,2019-11-23,5,ET,1,start_error,459,NA,21.099272727272705,0.669910975198,2019-11-23T11:57:26Z,NA,linear
ACJ,B,2019-11-23,5,E,1,start_error,460,NA,21.190428571428583,0.669814974477,2019-11-23T12:00:23Z,NA,linear
TRE,B,2019-11-24,1,ET,1,start_error,461,NA,16.663142857142873,0.6562602878967143,2019-11-24T09:28:28Z,NA,linear
TRE,B,2019-11-24,1,E,1,start_error,462,NA,17.64685714285713,0.656165825238,2019-11-24T09:35:13Z,NA,linear
TRE,B,2019-11-24,2,ET,1,start_error,463,NA,18.624666666666656,0.6561115444565,2019-11-24T09:42:52Z,NA,linear
TRE,B,2019-11-24,2,E,1,start_error,464,NA,19.071285714285693,0.65610660984,2019-11-24T09:46:20Z,NA,linear
TRE,B,2019-11-24,3,ET,1,start_error,465,NA,19.9002857142857,0.6559613911258572,2019-11-24T09:52:33Z,NA,linear
TRE,B,2019-11-24,3,E,1,start_error,466,NA,20.329857142857122,0.6560050977291428,2019-11-24T09:56:22Z,NA,linear
TRE,B,2019-11-24,4,ET,1,start_error,467,NA,20.864571428571423,0.655978309811,2019-11-24T10:03:10Z,NA,linear
TRE,B,2019-11-24,4,E,1,start_error,468,NA,21.07499999999999,0.6559571614545714,2019-11-24T10:06:41Z,NA,linear
TRE,B,2019-11-24,5,ET,1,start_error,469,NA,21.489142857142838,0.6559162746321429,2019-11-24T10:13:42Z,NA,linear
TRE,B,2019-11-24,5,E,1,start_error,470,NA,21.640735294117633,0.6559280928313235,2019-11-24T10:16:41Z,NA,linear
PIL,C,2019-11-25,1,ET,1,ok,471,0.08165190755464614,23.858000000000004,0.6518120835945715,2019-11-25T09:12:03Z,NA,linear
PIL,C,2019-11-25,1,E,1,start_error,472,NA,24.57642857142855,0.6518078539232858,2019-11-25T09:15:16Z,NA,linear
PIL,C,2019-11-25,2,ET,1,ok,473,0.09588930005500033,26.09114285714287,0.651741589073143,2019-11-25T09:20:53Z,NA,linear
PIL,C,2019-11-25,2,E,1,start_error,474,NA,28.887571428571448,0.6515202362758572,2019-11-25T09:39:36Z,NA,linear
PIL,C,2019-11-25,3,ET,1,start_error,475,NA,29.055428571428592,0.6512918340264285,2019-11-25T09:47:18Z,NA,linear
PIL,C,2019-11-25,3,E,1,start_error,476,NA,29.04575757575759,0.65131554582,2019-11-25T09:50:10Z,NA,linear
PIL,C,2019-11-25,4,ET,1,start_error,477,NA,29.088571428571413,0.6510592021057142,2019-11-25T09:57:13Z,NA,linear
PIL,C,2019-11-25,4,E,1,start_error,478,NA,29.109285714285704,0.6510606119961427,2019-11-25T10:00:00Z,NA,linear
PIL,C,2019-11-25,5,ET,1,start_error,479,NA,29.052461538461557,0.6507316737138461,2019-11-25T10:06:47Z,NA,linear
PIL,C,2019-11-25,5,E,1,start_error,480,NA,28.95685714285713,0.6507194185124285,2019-11-25T10:09:50Z,NA,linear
PIL,B,2019-11-25,1,ET,1,ok,481,0.08668794610756564,28.377428571428595,0.6499693568044286,2019-11-25T10:20:12Z,NA,linear
PIL,B,2019-11-25,1,E,1,start_error,482,NA,28.478999999999985,0.6499961447225714,2019-11-25T10:23:04Z,NA,linear
PIL,B,2019-11-25,2,ET,1,start_error,483,NA,28.648000000000025,0.6497886558478333,2019-11-25T10:28:52Z,NA,linear
PIL,B,2019-11-25,2,E,1,start_error,484,NA,28.61642857142857,0.6497296754315713,2019-11-25T10:31:47Z,NA,linear
PIL,B,2019-11-25,3,ET,1,start_error,485,NA,28.530681818181847,0.649534597865,2019-11-25T10:39:10Z,NA,linear
PIL,B,2019-11-25,3,E,1,start_error,486,NA,28.413857142857125,0.6494956336204285,2019-11-25T10:42:28Z,NA,linear
PIL,B,2019-11-25,4,E,1,start_error,487,NA,28.148428571428553,0.6492926093987142,2019-11-25T10:55:44Z,NA,linear
PIL,B,2019-11-25,4,ET,1,start_error,488,NA,27.63771428571431,0.6493081181934285,2019-11-25T11:06:47Z,NA,linear
PIL,B,2019-11-25,5,E,1,start_error,489,NA,27.18942857142855,0.6491417511228571,2019-11-25T11:16:04Z,NA,linear
PIL,B,2019-11-25,5,ET,1,start_error,490,NA,25.739142857142838,0.6489302675585714,2019-11-25T11:42:16Z,NA,linear
WAY,B,2019-11-26,1,ET,1,ok,491,0.07814407037655098,20.379777777777804,0.6992329648871111,2019-11-26T08:42:04Z,NA,linear
WAY,B,2019-11-26,1,E,1,ok,492,0.040429506158467944,21.574285714285736,0.6992464371734285,2019-11-26T08:45:25Z,NA,linear
WAY,B,2019-11-26,2,ET,1,ok,493,0.06883359188155558,23.516285714285686,0.6989997063484286,2019-11-26T08:53:25Z,NA,linear
WAY,B,2019-11-26,2,E,1,ok,494,0.0499949933683104,24.325652173913056,0.698947663001739,2019-11-26T08:56:46Z,NA,linear
WAY,B,2019-11-26,3,ET,1,ok,495,0.09088488599184268,26.057999999999993,0.6986809626584615,2019-11-26T09:03:03Z,NA,linear
WAY,B,2019-11-26,3,E,1,ok,496,0.05460627988309992,26.794714285714292,0.69864300407,2019-11-26T09:06:13Z,NA,linear
WAY,B,2019-11-26,4,ET,1,ok,497,0.07935345385317492,28.307428571428545,0.6983976831354285,2019-11-26T09:13:22Z,NA,linear
WAY,B,2019-11-26,4,E,1,ok,498,0.04604038163006869,28.92028571428574,0.6983314182852857,2019-11-26T09:16:20Z,NA,linear
WAY,B,2019-11-26,5,ET,1,ok,499,0.10078309899929438,30.29385714285712,0.6980875072411429,2019-11-26T09:22:42Z,NA,linear
WAY,B,2019-11-26,5,E,1,ok,500,0.07273790335271937,30.873548387096776,0.6980444828429032,2019-11-26T09:25:47Z,NA,linear
WAY,C,2019-11-26,1,ET,1,ok,501,0.10343263274872849,32.76214285714286,0.6949674197227143,2019-11-26T09:55:43Z,NA,linear
WAY,C,2019-11-26,1,E,1,ok,502,0.06324059702306513,33.29314285714287,0.6949152537768571,2019-11-26T09:59:16Z,NA,linear
WAY,C,2019-11-26,2,ET,1,ok,503,0.094424394417066,34.48382978723407,0.6947772045055319,2019-11-26T10:06:32Z,NA,linear
WAY,C,2019-11-26,2,E,1,ok,504,0.03388984137455085,36.467714285714294,0.6945937987591428,2019-11-26T10:21:34Z,NA,linear
WAY,C,2019-11-26,3,ET,1,ok,505,0.08545717113346149,36.72142857142859,0.6944612690588572,2019-11-26T10:30:16Z,NA,linear
WAY,C,2019-11-26,3,E,1,ok,506,0.0554873865865782,36.88900000000001,0.6944697284014286,2019-11-26T10:33:36Z,NA,linear
WAY,C,2019-11-26,4,ET,1,ok,507,0.1040992459795407,37.50599999999997,0.694214410062,2019-11-26T10:44:10Z,NA,linear
WAY,C,2019-11-26,4,E,1,ok,508,0.03922768299961813,37.65100000000001,0.6942201777955714,2019-11-26T10:47:08Z,NA,linear
WAY,C,2019-11-26,5,ET,1,ok,509,0.0665911647716626,37.58757142857144,0.6941130261230001,2019-11-26T10:53:09Z,NA,linear
WAY,C,2019-11-26,5,E,1,ok,510,0.03181135423896688,37.475714285714275,0.6940978698008928,2019-11-26T10:56:24Z,NA,linear
QUE,B,2019-11-27,1,ET,1,ok,511,0.053008670805979215,20.189076923076925,0.6353660371046155,2019-11-27T10:03:35Z,NA,linear
QUE,B,2019-11-27,1,ET,2,start_error,512,NA,20.658571428571406,0.6353502029505714,2019-11-27T10:06:21Z,NA,linear
QUE,B,2019-11-27,1,ET,3,ok,513,0.03608611577553358,21.417142857142835,0.6353135457994287,2019-11-27T10:11:07Z,NA,linear
QUE,B,2019-11-27,1,ET,4,ok,514,0.02664161800249935,21.791571428571444,0.6353375139367143,2019-11-27T10:13:50Z,NA,linear
QUE,B,2019-11-27,1,E,1,start_error,515,NA,22.19485714285713,0.6353163655802858,2019-11-27T10:17:16Z,NA,linear
QUE,B,2019-11-27,2,ET,1,ok,516,0.014735675764777483,24.415918367346933,0.6351274402628571,2019-11-27T10:46:46Z,NA,linear
QUE,B,2019-11-27,2,E,1,ok,517,0.01639873815913499,24.531200000000013,0.6351186989422,2019-11-27T10:49:51Z,NA,linear
QUE,B,2019-11-27,3,ET,1,start_error,518,NA,25.009142857142876,0.6346974236821428,2019-11-27T10:57:48Z,NA,linear
QUE,B,2019-11-27,3,E,1,ok,519,0.008397352264669564,25.038999999999987,0.6347580489705713,2019-11-27T11:00:58Z,NA,linear
QUE,B,2019-11-27,4,ET,1,ok,520,0.03697248186606161,25.20085714285716,0.6345113181455714,2019-11-27T11:06:45Z,NA,linear
QUE,B,2019-11-27,4,E,1,start_error,521,NA,25.32882352941175,0.6344886354966176,2019-11-27T11:10:00Z,NA,linear
QUE,B,2019-11-27,5,ET,1,ok,522,0.04081810467438824,25.68885714285716,0.6343195730472857,2019-11-27T11:16:00Z,NA,linear
QUE,B,2019-11-27,5,ET,2,ok,523,0.03947891197216012,25.898571428571415,0.634285735677,2019-11-27T11:19:35Z,NA,linear
QUE,B,2019-11-27,5,ET,3,ok,524,0.05081596568011271,26.117428571428547,0.6342885554578571,2019-11-27T11:22:27Z,NA,linear
QUE,B,2019-11-27,5,ET,4,start_error,525,NA,26.363800000000026,0.6342956049099999,2019-11-27T11:25:05Z,NA,linear
QUE,B,2019-11-27,5,E,1,ok,526,0.017420604279149116,26.631428571428557,0.6343040642525714,2019-11-27T11:28:15Z,NA,linear
WAY,B,2020-03-12,1,ET,1,start_error,527,NA,-66.19299999999998,0.700478681408,2020-03-12T09:13:37Z,NA,linear
WAY,B,2020-03-12,1,E,1,start_error,528,NA,-66.20685714285713,0.7004829110792856,2020-03-12T09:18:56Z,NA,linear
WAY,B,2020-03-12,2,ET,1,start_error,529,NA,-66.233,0.7003517912694285,2020-03-12T09:31:02Z,NA,linear
WAY,B,2020-03-12,2,E,1,start_error,530,NA,-66.21185714285713,0.700323593460857,2020-03-12T09:38:34Z,NA,linear
WAY,B,2020-03-12,3,ET,1,start_error,531,NA,-66.22757142857142,0.7000684032932857,2020-03-12T09:46:54Z,NA,linear
WAY,B,2020-03-12,3,E,1,start_error,532,NA,-66.21285714285716,0.7001036505539999,2020-03-12T09:50:30Z,NA,linear
WAY,B,2020-03-12,4,ET,1,start_error,533,NA,-66.19968749999998,0.6998273120299999,2020-03-12T09:58:28Z,NA,linear
WAY,B,2020-03-12,4,E,1,start_error,534,NA,-66.2146875,0.6998473589095312,2020-03-12T10:01:09Z,NA,linear
WAY,C,2020-03-12,1,ET,1,start_error,535,NA,-65.69171428571428,0.697310657615,2020-03-12T10:44:18Z,NA,linear
WAY,C,2020-03-12,1,E,1,start_error,536,NA,-65.67842857142858,0.697300788382,2020-03-12T10:49:06Z,NA,linear
WAY,C,2020-03-12,2,ET,1,start_error,537,NA,-65.66042857142855,0.6969962520494286,2020-03-12T11:03:43Z,NA,linear
WAY,C,2020-03-12,2,E,1,start_error,538,NA,-66.12728571428573,0.6990546920751428,2020-03-12T11:08:39Z,NA,linear
WAY,B,2020-03-12,5,ET,1,start_error,539,NA,-66.24157142857143,0.6995834009858571,2020-03-12T11:09:51Z,NA,linear
WAY,B,2020-03-12,5,E,1,start_error,540,NA,-66.22657142857145,0.6996186482465714,2020-03-12T11:12:23Z,NA,linear
WAY,C,2020-03-12,3,ET,1,start_error,541,NA,-65.64128571428571,0.6967537508957143,2020-03-12T11:17:53Z,NA,linear
WAY,C,2020-03-12,3,E,1,start_error,542,NA,-65.65299999999999,0.696728372868,2020-03-12T11:22:14Z,NA,linear
WAY,C,2020-03-12,4,ET,1,start_error,543,NA,-65.67971428571428,0.6965098398515714,2020-03-12T11:34:38Z,NA,linear
WAY,C,2020-03-12,4,E,1,start_error,544,NA,-65.64642857142857,0.6965168893037142,2020-03-12T11:42:13Z,NA,linear
WAY,C,2020-03-12,5,ET,1,start_error,545,NA,-65.62157142857143,0.6962349112180001,2020-03-12T11:51:47Z,NA,linear
WAY,C,2020-03-12,5,E,1,start_error,546,NA,-65.63999999999999,0.6961940243955714,2020-03-12T11:55:08Z,NA,linear
TRE,B,2020-03-13,1,ET,1,start_error,547,NA,-66.19285714285715,0.6575644365431428,2020-03-13T10:03:21Z,NA,linear
TRE,B,2020-03-13,1,E,1,start_error,548,NA,-66.19957142857143,0.6575136804877142,2020-03-13T10:11:12Z,NA,linear
TRE,B,2020-03-13,2,ET,1,start_error,549,NA,-66.18886363636364,0.657412040205,2020-03-13T10:24:43Z,NA,linear
TRE,B,2020-03-13,2,E,1,start_error,550,NA,-66.17185714285716,0.6574756134461428,2020-03-13T10:29:16Z,NA,linear
TRE,B,2020-03-13,3,ET,1,start_error,551,NA,-66.22440677966102,0.6573929556327118,2020-03-13T10:37:00Z,NA,linear
TRE,B,2020-03-13,3,E,1,start_error,552,NA,-66.21385714285714,0.6574798431174285,2020-03-13T10:39:12Z,NA,linear
TRE,B,2020-03-13,4,E,1,start_error,553,NA,-66.21385714285714,0.6575207299398571,2020-03-13T10:49:22Z,NA,linear
TRE,B,2020-03-13,5,ET,1,start_error,554,NA,-66.23283333333333,0.6574866575878333,2020-03-13T10:57:11Z,NA,linear
TRE,B,2020-03-13,5,E,1,start_error,555,NA,-66.18573529411765,0.657526037762647,2020-03-13T11:00:34Z,NA,linear
TRE,B,2020-03-13,4,ET,1,start_error,556,NA,-66.21854545454545,0.655134041788,2020-03-13T13:21:36Z,NA,linear
TRE,C,2020-03-13,4,ET,1,start_error,557,NA,-65.69142857142856,0.6487892785157143,2020-03-13T13:25:43Z,NA,linear
TRE,C,2020-03-13,4,E,1,start_error,558,NA,-65.6585714285714,0.6487512114741428,2020-03-13T13:28:47Z,NA,linear
TRE,C,2020-03-13,5,ET,1,start_error,559,NA,-65.64850000000001,0.6485698055723333,2020-03-13T13:35:36Z,NA,linear
TRE,C,2020-03-13,5,E,1,start_error,560,NA,-65.66614285714286,0.6485608762662857,2020-03-13T13:38:19Z,NA,linear
TRE,C,2020-03-13,3,ET,1,start_error,561,NA,-65.65842857142857,0.6488061972008571,2020-03-13T13:45:55Z,NA,linear
TRE,C,2020-03-13,3,E,1,start_error,562,NA,-65.69910447761194,0.6488033774199999,2020-03-13T13:48:41Z,NA,linear
TRE,C,2020-03-13,2,ET,1,start_error,563,NA,-65.65228571428571,0.648773769721,2020-03-13T13:55:39Z,NA,linear
TRE,C,2020-03-13,2,E,1,start_error,564,NA,-65.65899999999999,0.6488640027084286,2020-03-13T13:59:05Z,NA,linear
TRE,C,2020-03-13,1,ET,1,start_error,565,NA,-65.66781818181818,0.648909247374,2020-03-13T14:09:41Z,NA,linear
TRE,C,2020-03-13,1,E,1,start_error,566,NA,-65.6792857142857,0.6489048895308571,2020-03-13T14:13:06Z,NA,linear
ACJ,C,2020-03-14,1,ET,1,start_error,567,NA,-65.63299999999998,0.6699649868186001,2020-03-14T10:09:19Z,NA,linear
ACJ,C,2020-03-14,1,E,1,start_error,568,NA,-65.65085714285715,0.6698474019568571,2020-03-14T10:17:17Z,NA,linear
ACJ,C,2020-03-14,2,ET,1,start_error,569,NA,-65.684,0.6697205118182857,2020-03-14T10:27:05Z,NA,linear
ACJ,C,2020-03-14,2,ET,2,start_error,570,NA,-65.67128571428572,0.6697205118182857,2020-03-14T10:30:32Z,NA,linear
ACJ,NB,2020-03-14,1,ET,1,discard,571,NA,-66.03866666666667,0.6727592956553333,2020-03-14T10:32:50Z,NA,linear
ACJ,C,2020-03-14,2,ET,3,start_error,572,NA,-65.67142857142858,0.6697980557918571,2020-03-14T10:33:20Z,NA,linear
ACJ,NB,2020-03-14,1,E,1,discard,573,NA,-65.61228571428572,0.6697515294077143,2020-03-14T10:36:16Z,NA,linear
ACJ,C,2020-03-14,2,ET,4,start_error,574,NA,-65.67666666666668,0.669649390678889,2020-03-14T10:36:51Z,NA,linear
ACJ,C,2020-03-14,2,E,1,start_error,575,NA,-65.69071428571428,0.6695710634328572,2020-03-14T10:40:19Z,NA,linear
ACJ,NB,2020-03-14,2,ET,1,start_error,576,NA,-66.20614285714288,0.6740164479541428,2020-03-14T10:43:14Z,NA,linear
ACJ,NB,2020-03-14,2,E,1,start_error,577,NA,-66.25075757575758,0.6740387071333334,2020-03-14T10:46:22Z,NA,linear
ACJ,C,2020-03-14,3,ET,1,start_error,578,NA,-65.6792857142857,0.6693468908547143,2020-03-14T10:54:32Z,NA,linear
ACJ,NB,2020-03-14,3,ET,1,start_error,579,NA,-66.21328571428572,0.6739445435422857,2020-03-14T10:55:55Z,NA,linear
ACJ,NB,2020-03-14,3,E,1,start_error,580,NA,-66.21957142857144,0.6739374940901429,2020-03-14T10:58:43Z,NA,linear
ACJ,C,2020-03-14,3,E,1,start_error,581,NA,-65.65942857142858,0.6693158732652857,2020-03-14T11:02:16Z,NA,linear
ACJ,NB,2020-03-14,4,ET,1,start_error,582,NA,-66.21300000000002,0.6737302401971429,2020-03-14T11:06:25Z,NA,linear
ACJ,NB,2020-03-14,4,E,1,start_error,583,NA,-66.233,0.6736978127172857,2020-03-14T11:09:03Z,NA,linear
ACJ,C,2020-03-14,4,ET,1,start_error,584,NA,-65.68,0.6691029798105714,2020-03-14T11:12:55Z,NA,linear
ACJ,C,2020-03-14,4,E,1,start_error,585,NA,-65.66149999999999,0.6690032300627501,2020-03-14T11:16:05Z,NA,linear
ACJ,NB,2020-03-14,5,ET,1,start_error,586,NA,-65.88499999999999,0.6708159966812858,2020-03-14T11:16:45Z,NA,linear
ACJ,NB,2020-03-14,5,E,1,start_error,587,NA,-66.17829787234041,0.6734806595936169,2020-03-14T11:20:31Z,NA,linear
ACJ,C,2020-03-14,5,ET,1,start_error,588,NA,-65.66557142857141,0.6687547368747143,2020-03-14T11:29:55Z,NA,linear
ACJ,C,2020-03-14,5,E,1,start_error,589,NA,-65.61890625000001,0.6686621246971876,2020-03-14T11:33:38Z,NA,linear
ACJ,B,2020-03-14,1,ET,1,start_error,590,NA,-66.24236363636362,0.670469035464,2020-03-14T13:08:18Z,NA,linear
ACJ,B,2020-03-14,1,E,1,start_error,591,NA,-66.25428571428571,0.6704494251698572,2020-03-14T13:11:42Z,NA,linear
ACJ,B,2020-03-14,2,ET,1,start_error,592,NA,-66.18380952380954,0.670172616682381,2020-03-14T13:22:54Z,NA,linear
ACJ,B,2020-03-14,2,E,1,start_error,593,NA,-66.24128571428571,0.6701815459884286,2020-03-14T13:26:21Z,NA,linear
ACJ,B,2020-03-14,3,ET,1,start_error,594,NA,-66.24142857142857,0.6700476063977143,2020-03-14T13:34:21Z,NA,linear
ACJ,B,2020-03-14,3,E,1,start_error,595,NA,-66.20728571428572,0.6700941327818573,2020-03-14T13:37:41Z,NA,linear
ACJ,B,2020-03-14,4,ET,1,start_error,596,NA,-66.22642857142858,0.6697599887502858,2020-03-14T13:44:43Z,NA,linear
ACJ,B,2020-03-14,4,E,1,start_error,597,NA,-66.21485714285714,0.669745889846,2020-03-14T13:47:23Z,NA,linear
ACJ,B,2020-03-14,5,ET,1,start_error,598,NA,-66.262,0.6696302788308571,2020-03-14T13:53:34Z,NA,linear
ACJ,B,2020-03-14,5,E,1,start_error,599,NA,-66.21185714285713,0.6695795227754285,2020-03-14T13:56:56Z,NA,linear
QUE,B,2020-03-15,1,ET,1,start_error,600,NA,-66.20742857142858,0.6375736001564286,2020-03-15T09:16:34Z,NA,linear
QUE,B,2020-03-15,1,E,1,start_error,601,NA,-66.22714285714287,0.6375580913617143,2020-03-15T09:19:30Z,NA,linear
QUE,B,2020-03-15,2,ET,1,start_error,602,NA,-66.22893939393941,0.6373565624783333,2020-03-15T09:26:34Z,NA,linear
QUE,B,2020-03-15,2,E,1,start_error,603,NA,-66.17842857142858,0.6373635264825714,2020-03-15T09:29:54Z,NA,linear
QUE,B,2020-03-15,3,ET,1,start_error,604,NA,-66.21328571428572,0.6368573758187143,2020-03-15T09:39:45Z,NA,linear
QUE,B,2020-03-15,3,E,1,start_error,605,NA,-66.23385714285715,0.6368630153804286,2020-03-15T09:45:32Z,NA,linear
QUE,B,2020-03-15,4,ET,1,start_error,606,NA,-66.19257142857143,0.6367558637078572,2020-03-15T09:52:29Z,NA,linear
QUE,B,2020-03-15,4,E,1,start_error,607,NA,-66.26285714285714,0.6367741922834286,2020-03-15T09:55:28Z,NA,linear
QUE,B,2020-03-15,5,ET,1,start_error,608,NA,-66.21957142857144,0.6364992636498571,2020-03-15T10:03:38Z,NA,linear
QUE,B,2020-03-15,5,E,1,start_error,609,NA,-66.18485714285714,0.6365260515679999,2020-03-15T10:06:47Z,NA,linear
